<?xml version="1.0" encoding="UTF-8"?>
<!-- Generated by Fujitsu Interstage XWand B0244 -->
<!--XBRL Document Created with Wdesk from Workiva-->
<!--Copyright 2017 Workiva-->
<!--r:b0b5dcb5-040e-4d17-815e-74794235d692,g:ba16b9f6-500b-4d85-a92f-352ea661bbc7-->
<link:linkbase xmlns:xsi="http://www.w3.org/2001/XMLSchema-instance" xsi:schemaLocation="http://www.xbrl.org/2003/linkbase http://www.xbrl.org/2003/xbrl-linkbase-2003-12-31.xsd" xmlns:link="http://www.xbrl.org/2003/linkbase" xmlns:xlink="http://www.w3.org/1999/xlink" xmlns:xbrldt="http://xbrl.org/2005/xbrldt">
  <link:roleRef roleURI="http://sao.georgia.gov/role/Coverdetails" xlink:type="simple" xlink:href="ga-20190116.xsd#Coverdetails"/>
  <link:roleRef roleURI="http://sao.georgia.gov/role/Letteroftransmittaldetails" xlink:type="simple" xlink:href="ga-20190116.xsd#Letteroftransmittaldetails"/>
  <link:roleRef roleURI="http://sao.georgia.gov/role/Auditletterdetails" xlink:type="simple" xlink:href="ga-20190116.xsd#Auditletterdetails"/>
  <link:roleRef roleURI="http://sao.georgia.gov/role/Statementofnetpositionassetsdetails" xlink:type="simple" xlink:href="ga-20190116.xsd#Statementofnetpositionassetsdetails"/>
  <link:roleRef roleURI="http://sao.georgia.gov/role/Statementofnetpositionliabilitiesdetails" xlink:type="simple" xlink:href="ga-20190116.xsd#Statementofnetpositionliabilitiesdetails"/>
  <link:roleRef roleURI="http://sao.georgia.gov/role/Statementofnetpositionnetpositiondetails" xlink:type="simple" xlink:href="ga-20190116.xsd#Statementofnetpositionnetpositiondetails"/>
  <link:roleRef roleURI="http://sao.georgia.gov/role/Statementofactivitiesgeneralrevenuesdetails" xlink:type="simple" xlink:href="ga-20190116.xsd#Statementofactivitiesgeneralrevenuesdetails"/>
  <link:roleRef roleURI="http://sao.georgia.gov/role/Statementofactivitiesprogramrevenuesdetails" xlink:type="simple" xlink:href="ga-20190116.xsd#Statementofactivitiesprogramrevenuesdetails"/>
  <link:roleRef roleURI="http://sao.georgia.gov/role/Balancesheetgovernmentalfundsdetails" xlink:type="simple" xlink:href="ga-20190116.xsd#Balancesheetgovernmentalfundsdetails"/>
  <link:roleRef roleURI="http://sao.georgia.gov/role/Statementofrevenuegovernmentalfundsdetails" xlink:type="simple" xlink:href="ga-20190116.xsd#Statementofrevenuegovernmentalfundsdetails"/>
  <link:roleRef roleURI="http://xbrl.us/slg/cafr/statementOfNetPositionGovernmentWideLiabilitiesAndDeferredInflows" xlink:type="simple" xlink:href="https://raw.githubusercontent.com/xbrlus/cafr/master/cafr_2019-01-16.xsd#roleType_statementOfNetPositionGovernmentWideLiabilitiesAndDeferredInflows"/>
  <link:roleRef roleURI="http://xbrl.us/slg/cafr/balanceSheetGovernmentalFunds" xlink:type="simple" xlink:href="https://raw.githubusercontent.com/xbrlus/cafr/master/cafr_2019-01-16.xsd#roleType_balanceSheetGovernmentalFunds"/>
  <link:roleRef roleURI="http://xbrl.us/slg/cafr/statementOfActivitiesGovernmentWideProgramRevenuesAndExpenses" xlink:type="simple" xlink:href="https://raw.githubusercontent.com/xbrlus/cafr/master/cafr_2019-01-16.xsd#roleType_statementOfActivitiesGovernmentWideProgramRevenuesAndExpenses"/>
  <link:roleRef roleURI="http://xbrl.us/slg/cafr/statementOfNetPositionGovernmentWideAssetsAndDeferredOutOutflows" xlink:type="simple" xlink:href="https://raw.githubusercontent.com/xbrlus/cafr/master/cafr_2019-01-16.xsd#roleType_statementOfNetPositionGovernmentWideAssetsAndDeferredOutOutflows"/>
  <link:roleRef roleURI="http://xbrl.us/slg/cafr/statementOfNetPositionGovernmentWideNetPosition" xlink:type="simple" xlink:href="https://raw.githubusercontent.com/xbrlus/cafr/master/cafr_2019-01-16.xsd#roleType_statementOfNetPositionGovernmentWideNetPosition"/>
  <link:roleRef roleURI="http://xbrl.us/slg/cafr/statementOfRevenuesExpendituresAndChangesInFundBalanceGovernmentalFunds" xlink:type="simple" xlink:href="https://raw.githubusercontent.com/xbrlus/cafr/master/cafr_2019-01-16.xsd#roleType_statementOfRevenuesExpendituresAndChangesInFundBalanceGovernmentalFunds"/>
  <link:arcroleRef arcroleURI="http://xbrl.org/int/dim/arcrole/all" xlink:type="simple" xlink:href="http://www.xbrl.org/2005/xbrldt-2005.xsd#all"/>
  <link:arcroleRef arcroleURI="http://xbrl.org/int/dim/arcrole/hypercube-dimension" xlink:type="simple" xlink:href="http://www.xbrl.org/2005/xbrldt-2005.xsd#hypercube-dimension"/>
  <link:arcroleRef arcroleURI="http://xbrl.org/int/dim/arcrole/dimension-default" xlink:type="simple" xlink:href="http://www.xbrl.org/2005/xbrldt-2005.xsd#dimension-default"/>
  <link:arcroleRef arcroleURI="http://xbrl.org/int/dim/arcrole/dimension-domain" xlink:type="simple" xlink:href="http://www.xbrl.org/2005/xbrldt-2005.xsd#dimension-domain"/>
  <link:arcroleRef arcroleURI="http://xbrl.org/int/dim/arcrole/domain-member" xlink:type="simple" xlink:href="http://www.xbrl.org/2005/xbrldt-2005.xsd#domain-member"/>
  <link:definitionLink xlink:type="extended" xlink:role="http://sao.georgia.gov/role/Coverdetails" id="i419c7b9ba34a457aaa4770acb8b1f92c_a98f489a-7c40-42c5-9d71-5fe120059f11"/>
  <link:definitionLink xlink:type="extended" xlink:role="http://sao.georgia.gov/role/Letteroftransmittaldetails" id="i6c3ffa27995547b0af67dbe7b0bef5ae_69407d4b-f39e-45ca-ba89-4fe8daad9443"/>
  <link:definitionLink xlink:type="extended" xlink:role="http://sao.georgia.gov/role/Auditletterdetails" id="i456089b034b3452190eef885056d8b98_3994503a-7232-43fc-bba7-518bc0d64f61"/>
  <link:definitionLink xlink:type="extended" xlink:role="http://sao.georgia.gov/role/Statementofnetpositionassetsdetails" id="ic27f89eac1d5467f91fdc873c6eb963f_fb970b2e-811d-4d8b-92c8-6c126b6bdec7"/>
  <link:definitionLink xlink:type="extended" xlink:role="http://sao.georgia.gov/role/Statementofnetpositionliabilitiesdetails" id="i757820a061b047e4b4d3012d4db460aa_c7c9507b-d181-46ce-a0a6-0867d77d8161"/>
  <link:definitionLink xlink:type="extended" xlink:role="http://sao.georgia.gov/role/Statementofnetpositionnetpositiondetails" id="i38628db7d6104d39be2034118e5ef502_54b45469-236b-4965-b3c7-d82a155e2ebb"/>
  <link:definitionLink xlink:type="extended" xlink:role="http://sao.georgia.gov/role/Statementofactivitiesgeneralrevenuesdetails" id="i2bbafeb296914698926fde22fa574910_fcbde6a3-1b74-4d74-b445-1469507a398d"/>
  <link:definitionLink xlink:type="extended" xlink:role="http://sao.georgia.gov/role/Statementofactivitiesprogramrevenuesdetails" id="i1531f666c3814483a0ef6fd0f3a88354_974de0ce-9596-444f-b11e-554bc2fa227a"/>
  <link:definitionLink xlink:type="extended" xlink:role="http://sao.georgia.gov/role/Balancesheetgovernmentalfundsdetails" id="i96afebe943b940f7aa5c93312f028be9_1da01c3c-cfc8-4897-b1c0-cb691800e242"/>
  <link:definitionLink xlink:type="extended" xlink:role="http://sao.georgia.gov/role/Statementofrevenuegovernmentalfundsdetails" id="i953c703729084d9b9cbaf1c9b1fe9f80_c3acf35f-988f-4ed4-8bd6-c8bdd7bc47be"/>
  <link:definitionLink xlink:type="extended" xlink:role="http://xbrl.us/slg/cafr/statementOfNetPositionGovernmentWideLiabilitiesAndDeferredInflows">
    <link:loc xlink:type="locator" xlink:href="https://raw.githubusercontent.com/xbrlus/cafr/master/cafr_2019-01-16.xsd#cafr_StatementOfNetPositionTable" xlink:label="StatementOfNetPositionTable" xlink:title="StatementOfNetPositionTable"/>
    <link:loc xlink:type="locator" xlink:href="https://raw.githubusercontent.com/xbrlus/cafr/master/cafr_2019-01-16.xsd#cafr_NameOfProgramOrFunctionAxis" xlink:label="NameOfProgramOrFunctionAxis" xlink:title="NameOfProgramOrFunctionAxis"/>
    <link:definitionArc xlink:type="arc" xlink:arcrole="http://xbrl.org/int/dim/arcrole/hypercube-dimension" xlink:from="StatementOfNetPositionTable" xlink:to="NameOfProgramOrFunctionAxis" xlink:title="definition: StatementOfNetPositionTable to NameOfProgramOrFunctionAxis" order="9.0"/>
    <link:loc xlink:type="locator" xlink:href="https://raw.githubusercontent.com/xbrlus/cafr/master/cafr_2019-01-16.xsd#cafr_NameOfProgramOrFunctionDomain" xlink:label="NameOfProgramOrFunctionDomain" xlink:title="NameOfProgramOrFunctionDomain"/>
    <link:definitionArc xlink:type="arc" xlink:arcrole="http://xbrl.org/int/dim/arcrole/dimension-domain" xlink:from="NameOfProgramOrFunctionAxis" xlink:to="NameOfProgramOrFunctionDomain" xlink:title="definition: NameOfProgramOrFunctionAxis to NameOfProgramOrFunctionDomain" order="1.0"/>
    <link:loc xlink:type="locator" xlink:href="ga-20190116.xsd#ga_LocalEducationAgenciesMember" xlink:label="LocalEducationAgenciesMember" xlink:title="LocalEducationAgenciesMember"/>
    <link:definitionArc xlink:type="arc" xlink:arcrole="http://xbrl.org/int/dim/arcrole/domain-member" xlink:from="NameOfProgramOrFunctionDomain" xlink:to="LocalEducationAgenciesMember" xlink:title="definition: NameOfProgramOrFunctionDomain to LocalEducationAgenciesMember" order="1.0"/>
    <link:loc xlink:type="locator" xlink:href="ga-20190116.xsd#ga_BenefitsMember" xlink:label="Benefits" xlink:title="Benefits"/>
    <link:definitionArc xlink:type="arc" xlink:arcrole="http://xbrl.org/int/dim/arcrole/domain-member" xlink:from="NameOfProgramOrFunctionDomain" xlink:to="Benefits" xlink:title="definition: NameOfProgramOrFunctionDomain to Benefits" order="2.0"/>
    <link:loc xlink:type="locator" xlink:href="ga-20190116.xsd#ga_AccruedInterestMember" xlink:label="AccruedInterestMember" xlink:title="AccruedInterestMember"/>
    <link:definitionArc xlink:type="arc" xlink:arcrole="http://xbrl.org/int/dim/arcrole/domain-member" xlink:from="NameOfProgramOrFunctionDomain" xlink:to="AccruedInterestMember" xlink:title="definition: NameOfProgramOrFunctionDomain to AccruedInterestMember" order="3.0"/>
    <link:loc xlink:type="locator" xlink:href="ga-20190116.xsd#ga_ContractsMember" xlink:label="ContractsMember" xlink:title="ContractsMember"/>
    <link:definitionArc xlink:type="arc" xlink:arcrole="http://xbrl.org/int/dim/arcrole/domain-member" xlink:from="NameOfProgramOrFunctionDomain" xlink:to="ContractsMember" xlink:title="definition: NameOfProgramOrFunctionDomain to ContractsMember" order="4.0"/>
    <link:loc xlink:type="locator" xlink:href="ga-20190116.xsd#ga_FundsHeldForOthersMember" xlink:label="FundsHeldForOthersMember" xlink:title="FundsHeldForOthersMember"/>
    <link:definitionArc xlink:type="arc" xlink:arcrole="http://xbrl.org/int/dim/arcrole/domain-member" xlink:from="NameOfProgramOrFunctionDomain" xlink:to="FundsHeldForOthersMember" xlink:title="definition: NameOfProgramOrFunctionDomain to FundsHeldForOthersMember" order="5.0"/>
    <link:loc xlink:type="locator" xlink:href="ga-20190116.xsd#ga_ClaimsAndJudgmentsMember" xlink:label="ClaimsAndJudgmentsMember" xlink:title="ClaimsAndJudgmentsMember"/>
    <link:definitionArc xlink:type="arc" xlink:arcrole="http://xbrl.org/int/dim/arcrole/domain-member" xlink:from="NameOfProgramOrFunctionDomain" xlink:to="ClaimsAndJudgmentsMember" xlink:title="definition: NameOfProgramOrFunctionDomain to ClaimsAndJudgmentsMember" order="6.0"/>
  </link:definitionLink>
  <link:definitionLink xlink:type="extended" xlink:role="http://xbrl.us/slg/cafr/statementOfRevenuesExpendituresAndChangesInFundBalanceGovernmentalFunds">
    <link:loc xlink:type="locator" xlink:href="https://raw.githubusercontent.com/xbrlus/cafr/master/cafr_2019-01-16.xsd#cafr_NameOfProgramOrFunctionAxis" xlink:label="NameOfProgramOrFunctionAxis" xlink:title="NameOfProgramOrFunctionAxis"/>
    <link:loc xlink:type="locator" xlink:href="https://raw.githubusercontent.com/xbrlus/cafr/master/cafr_2019-01-16.xsd#cafr_NameOfProgramOrFunctionDomain" xlink:label="NameOfProgramOrFunctionDomain" xlink:title="NameOfProgramOrFunctionDomain"/>
    <link:definitionArc xlink:type="arc" xlink:arcrole="http://xbrl.org/int/dim/arcrole/dimension-domain" xlink:from="NameOfProgramOrFunctionAxis" xlink:to="NameOfProgramOrFunctionDomain" xlink:title="definition: NameOfProgramOrFunctionAxis to NameOfProgramOrFunctionDomain" order="1.0"/>
    <link:loc xlink:type="locator" xlink:href="https://raw.githubusercontent.com/xbrlus/cafr/master/cafr_2019-01-16.xsd#cafr_CultureAndRecreationMember" xlink:label="CultureAndRecreationMember" xlink:title="CultureAndRecreationMember"/>
    <link:definitionArc xlink:type="arc" xlink:arcrole="http://xbrl.org/int/dim/arcrole/domain-member" xlink:from="NameOfProgramOrFunctionDomain" xlink:to="CultureAndRecreationMember" xlink:title="definition: NameOfProgramOrFunctionDomain to CultureAndRecreationMember" order="26.0"/>
    <link:loc xlink:type="locator" xlink:href="https://raw.githubusercontent.com/xbrlus/cafr/master/cafr_2019-01-16.xsd#cafr_EconomicEnvironmentMember" xlink:label="EconomicEnvironmentMember" xlink:title="EconomicEnvironmentMember"/>
    <link:definitionArc xlink:type="arc" xlink:arcrole="http://xbrl.org/int/dim/arcrole/domain-member" xlink:from="NameOfProgramOrFunctionDomain" xlink:to="EconomicEnvironmentMember" xlink:title="definition: NameOfProgramOrFunctionDomain to EconomicEnvironmentMember" order="17.0"/>
    <link:loc xlink:type="locator" xlink:href="ga-20190116.xsd#ga_PaymentToRefundedBondEscrowAgentMember" xlink:label="PaymentToRefundedBondEscrowAgentMember" xlink:title="PaymentToRefundedBondEscrowAgentMember"/>
    <link:definitionArc xlink:type="arc" xlink:arcrole="http://xbrl.org/int/dim/arcrole/domain-member" xlink:from="NameOfProgramOrFunctionDomain" xlink:to="PaymentToRefundedBondEscrowAgentMember" xlink:title="definition: NameOfProgramOrFunctionDomain to PaymentToRefundedBondEscrowAgentMember" order="1.0"/>
    <link:loc xlink:type="locator" xlink:href="ga-20190116.xsd#ga_DebtIssuanceRefundingBondsMember" xlink:label="DebtIssuanceRefundingBondsMember" xlink:title="DebtIssuanceRefundingBondsMember"/>
    <link:definitionArc xlink:type="arc" xlink:arcrole="http://xbrl.org/int/dim/arcrole/domain-member" xlink:from="NameOfProgramOrFunctionDomain" xlink:to="DebtIssuanceRefundingBondsMember" xlink:title="definition: NameOfProgramOrFunctionDomain to DebtIssuanceRefundingBondsMember" order="2.0"/>
    <link:loc xlink:type="locator" xlink:href="ga-20190116.xsd#ga_DebtIssuanceGeneralObligationBondsPremiumMember" xlink:label="DebtIssuanceGeneralObligationBondsPremiumMember" xlink:title="DebtIssuanceGeneralObligationBondsPremiumMember"/>
    <link:definitionArc xlink:type="arc" xlink:arcrole="http://xbrl.org/int/dim/arcrole/domain-member" xlink:from="NameOfProgramOrFunctionDomain" xlink:to="DebtIssuanceGeneralObligationBondsPremiumMember" xlink:title="definition: NameOfProgramOrFunctionDomain to DebtIssuanceGeneralObligationBondsPremiumMember" order="3.0"/>
    <link:loc xlink:type="locator" xlink:href="ga-20190116.xsd#ga_DebtIssuanceOtherMember" xlink:label="DebtIssuanceOtherMember" xlink:title="DebtIssuanceOtherMember"/>
    <link:definitionArc xlink:type="arc" xlink:arcrole="http://xbrl.org/int/dim/arcrole/domain-member" xlink:from="NameOfProgramOrFunctionDomain" xlink:to="DebtIssuanceOtherMember" xlink:title="definition: NameOfProgramOrFunctionDomain to DebtIssuanceOtherMember" order="4.0"/>
    <link:loc xlink:type="locator" xlink:href="ga-20190116.xsd#ga_DebtIssuanceGeneralObligationBondsMember" xlink:label="DebtIssuanceGeneralObligationBondsMember" xlink:title="DebtIssuanceGeneralObligationBondsMember"/>
    <link:definitionArc xlink:type="arc" xlink:arcrole="http://xbrl.org/int/dim/arcrole/domain-member" xlink:from="NameOfProgramOrFunctionDomain" xlink:to="DebtIssuanceGeneralObligationBondsMember" xlink:title="definition: NameOfProgramOrFunctionDomain to DebtIssuanceGeneralObligationBondsMember" order="5.0"/>
    <link:loc xlink:type="locator" xlink:href="ga-20190116.xsd#ga_CapitalLeasesMember" xlink:label="CapitalLeasesMember" xlink:title="CapitalLeasesMember"/>
    <link:definitionArc xlink:type="arc" xlink:arcrole="http://xbrl.org/int/dim/arcrole/domain-member" xlink:from="NameOfProgramOrFunctionDomain" xlink:to="CapitalLeasesMember" xlink:title="definition: NameOfProgramOrFunctionDomain to CapitalLeasesMember" order="7.0"/>
    <link:loc xlink:type="locator" xlink:href="ga-20190116.xsd#ga_IntergovernmentalMember" xlink:label="IntergovernmentalMember" xlink:title="IntergovernmentalMember"/>
    <link:definitionArc xlink:type="arc" xlink:arcrole="http://xbrl.org/int/dim/arcrole/domain-member" xlink:from="NameOfProgramOrFunctionDomain" xlink:to="IntergovernmentalMember" xlink:title="definition: NameOfProgramOrFunctionDomain to IntergovernmentalMember" order="8.0"/>
    <link:loc xlink:type="locator" xlink:href="ga-20190116.xsd#ga_DebtServicePrincipalMember" xlink:label="DebtServicePrincipalMember" xlink:title="DebtServicePrincipalMember"/>
    <link:definitionArc xlink:type="arc" xlink:arcrole="http://xbrl.org/int/dim/arcrole/domain-member" xlink:from="NameOfProgramOrFunctionDomain" xlink:to="DebtServicePrincipalMember" xlink:title="definition: NameOfProgramOrFunctionDomain to DebtServicePrincipalMember" order="9.0"/>
    <link:loc xlink:type="locator" xlink:href="ga-20190116.xsd#ga_DebtServiceOtherMember" xlink:label="DebtServiceOtherMember" xlink:title="DebtServiceOtherMember"/>
    <link:definitionArc xlink:type="arc" xlink:arcrole="http://xbrl.org/int/dim/arcrole/domain-member" xlink:from="NameOfProgramOrFunctionDomain" xlink:to="DebtServiceOtherMember" xlink:title="definition: NameOfProgramOrFunctionDomain to DebtServiceOtherMember" order="10.0"/>
    <link:loc xlink:type="locator" xlink:href="ga-20190116.xsd#ga_DebtServiceInterestMember" xlink:label="DebtServiceInterestMember" xlink:title="DebtServiceInterestMember"/>
    <link:definitionArc xlink:type="arc" xlink:arcrole="http://xbrl.org/int/dim/arcrole/domain-member" xlink:from="NameOfProgramOrFunctionDomain" xlink:to="DebtServiceInterestMember" xlink:title="definition: NameOfProgramOrFunctionDomain to DebtServiceInterestMember" order="11.0"/>
    <link:loc xlink:type="locator" xlink:href="ga-20190116.xsd#ga_PublicSafetyMember" xlink:label="PublicSafetyMember" xlink:title="PublicSafetyMember"/>
    <link:definitionArc xlink:type="arc" xlink:arcrole="http://xbrl.org/int/dim/arcrole/domain-member" xlink:from="NameOfProgramOrFunctionDomain" xlink:to="PublicSafetyMember" xlink:title="definition: NameOfProgramOrFunctionDomain to PublicSafetyMember" order="12.0"/>
    <link:loc xlink:type="locator" xlink:href="ga-20190116.xsd#ga_ConservationMember" xlink:label="ConservationMember" xlink:title="ConservationMember"/>
    <link:definitionArc xlink:type="arc" xlink:arcrole="http://xbrl.org/int/dim/arcrole/domain-member" xlink:from="NameOfProgramOrFunctionDomain" xlink:to="ConservationMember" xlink:title="definition: NameOfProgramOrFunctionDomain to ConservationMember" order="13.0"/>
    <link:loc xlink:type="locator" xlink:href="ga-20190116.xsd#ga_CapitalOutlayMember" xlink:label="CapitalOutlayMember" xlink:title="CapitalOutlayMember"/>
    <link:definitionArc xlink:type="arc" xlink:arcrole="http://xbrl.org/int/dim/arcrole/domain-member" xlink:from="NameOfProgramOrFunctionDomain" xlink:to="CapitalOutlayMember" xlink:title="definition: NameOfProgramOrFunctionDomain to CapitalOutlayMember" order="14.0"/>
    <link:loc xlink:type="locator" xlink:href="ga-20190116.xsd#ga_TransportationMember" xlink:label="TransportationMember" xlink:title="TransportationMember"/>
    <link:definitionArc xlink:type="arc" xlink:arcrole="http://xbrl.org/int/dim/arcrole/domain-member" xlink:from="NameOfProgramOrFunctionDomain" xlink:to="TransportationMember" xlink:title="definition: NameOfProgramOrFunctionDomain to TransportationMember" order="15.0"/>
    <link:loc xlink:type="locator" xlink:href="ga-20190116.xsd#ga_GeneralGovernmentMember" xlink:label="GeneralGovernmentMember" xlink:title="GeneralGovernmentMember"/>
    <link:definitionArc xlink:type="arc" xlink:arcrole="http://xbrl.org/int/dim/arcrole/domain-member" xlink:from="NameOfProgramOrFunctionDomain" xlink:to="GeneralGovernmentMember" xlink:title="definition: NameOfProgramOrFunctionDomain to GeneralGovernmentMember" order="16.0"/>
    <link:loc xlink:type="locator" xlink:href="ga-20190116.xsd#ga_HighwaysAndStreetsMember" xlink:label="HighwaysAndStreetsMember" xlink:title="HighwaysAndStreetsMember"/>
    <link:definitionArc xlink:type="arc" xlink:arcrole="http://xbrl.org/int/dim/arcrole/domain-member" xlink:from="NameOfProgramOrFunctionDomain" xlink:to="HighwaysAndStreetsMember" xlink:title="definition: NameOfProgramOrFunctionDomain to HighwaysAndStreetsMember" order="18.0"/>
    <link:loc xlink:type="locator" xlink:href="ga-20190116.xsd#ga_HealthAndWelfareMember" xlink:label="HealthAndWelfareMember" xlink:title="HealthAndWelfareMember"/>
    <link:definitionArc xlink:type="arc" xlink:arcrole="http://xbrl.org/int/dim/arcrole/domain-member" xlink:from="NameOfProgramOrFunctionDomain" xlink:to="HealthAndWelfareMember" xlink:title="definition: NameOfProgramOrFunctionDomain to HealthAndWelfareMember" order="19.0"/>
    <link:loc xlink:type="locator" xlink:href="ga-20190116.xsd#ga_HospitalMember" xlink:label="HospitalMember" xlink:title="HospitalMember"/>
    <link:definitionArc xlink:type="arc" xlink:arcrole="http://xbrl.org/int/dim/arcrole/domain-member" xlink:from="NameOfProgramOrFunctionDomain" xlink:to="HospitalMember" xlink:title="definition: NameOfProgramOrFunctionDomain to HospitalMember" order="20.0"/>
    <link:loc xlink:type="locator" xlink:href="ga-20190116.xsd#ga_NursingHomeMember" xlink:label="NursingHomeMember" xlink:title="NursingHomeMember"/>
    <link:definitionArc xlink:type="arc" xlink:arcrole="http://xbrl.org/int/dim/arcrole/domain-member" xlink:from="NameOfProgramOrFunctionDomain" xlink:to="NursingHomeMember" xlink:title="definition: NameOfProgramOrFunctionDomain to NursingHomeMember" order="21.0"/>
    <link:loc xlink:type="locator" xlink:href="ga-20190116.xsd#ga_LotteryMember" xlink:label="LotteryMember" xlink:title="LotteryMember"/>
    <link:definitionArc xlink:type="arc" xlink:arcrole="http://xbrl.org/int/dim/arcrole/domain-member" xlink:from="NameOfProgramOrFunctionDomain" xlink:to="LotteryMember" xlink:title="definition: NameOfProgramOrFunctionDomain to LotteryMember" order="22.0"/>
    <link:loc xlink:type="locator" xlink:href="ga-20190116.xsd#ga_UnclaimedPropertyMember" xlink:label="UnclaimedPropertyMember" xlink:title="UnclaimedPropertyMember"/>
    <link:definitionArc xlink:type="arc" xlink:arcrole="http://xbrl.org/int/dim/arcrole/domain-member" xlink:from="NameOfProgramOrFunctionDomain" xlink:to="UnclaimedPropertyMember" xlink:title="definition: NameOfProgramOrFunctionDomain to UnclaimedPropertyMember" order="23.0"/>
    <link:loc xlink:type="locator" xlink:href="ga-20190116.xsd#ga_FederalMember" xlink:label="FederalMember" xlink:title="FederalMember"/>
    <link:definitionArc xlink:type="arc" xlink:arcrole="http://xbrl.org/int/dim/arcrole/domain-member" xlink:from="NameOfProgramOrFunctionDomain" xlink:to="FederalMember" xlink:title="definition: NameOfProgramOrFunctionDomain to FederalMember" order="24.0"/>
    <link:loc xlink:type="locator" xlink:href="ga-20190116.xsd#ga_EducationMember" xlink:label="EducationMember" xlink:title="EducationMember"/>
    <link:definitionArc xlink:type="arc" xlink:arcrole="http://xbrl.org/int/dim/arcrole/domain-member" xlink:from="NameOfProgramOrFunctionDomain" xlink:to="EducationMember" xlink:title="definition: NameOfProgramOrFunctionDomain to EducationMember" order="25.0"/>
    <link:loc xlink:type="locator" xlink:href="ga-20190116.xsd#ga_DebtIssuanceRefundingBondsPremiumMember" xlink:label="DebtIssuanceRefundingBondsPremiumMember" xlink:title="DebtIssuanceRefundingBondsPremiumMember"/>
    <link:definitionArc xlink:type="arc" xlink:arcrole="http://xbrl.org/int/dim/arcrole/domain-member" xlink:from="NameOfProgramOrFunctionDomain" xlink:to="DebtIssuanceRefundingBondsPremiumMember" xlink:title="definition: NameOfProgramOrFunctionDomain to DebtIssuanceRefundingBondsPremiumMember" order="27.0"/>
    <link:loc xlink:type="locator" xlink:href="https://raw.githubusercontent.com/xbrlus/cafr/master/cafr_2019-01-16.xsd#cafr_IncomeStatementGovernmentalFundsTable" xlink:label="IncomeStatementGovernmentalFundsTable" xlink:title="IncomeStatementGovernmentalFundsTable"/>
    <link:definitionArc xlink:type="arc" xlink:arcrole="http://xbrl.org/int/dim/arcrole/hypercube-dimension" xlink:from="IncomeStatementGovernmentalFundsTable" xlink:to="NameOfProgramOrFunctionAxis" xlink:title="definition: IncomeStatementGovernmentalFundsTable to NameOfProgramOrFunctionAxis" order="8.0"/>
  </link:definitionLink>
  <link:definitionLink xlink:type="extended" xlink:role="http://xbrl.us/slg/cafr/statementOfActivitiesGovernmentWideProgramRevenuesAndExpenses">
    <link:loc xlink:type="locator" xlink:href="https://raw.githubusercontent.com/xbrlus/cafr/master/cafr_2019-01-16.xsd#cafr_NameOfProgramOrFunctionDomain" xlink:label="NameOfProgramOrFunctionDomain" xlink:title="NameOfProgramOrFunctionDomain"/>
    <link:loc xlink:type="locator" xlink:href="ga-20190116.xsd#ga_PublicSafetyMember" xlink:label="PublicSafetyMember" xlink:title="PublicSafetyMember"/>
    <link:definitionArc xlink:type="arc" xlink:arcrole="http://xbrl.org/int/dim/arcrole/domain-member" xlink:from="NameOfProgramOrFunctionDomain" xlink:to="PublicSafetyMember" xlink:title="definition: NameOfProgramOrFunctionDomain to PublicSafetyMember" order="14.0"/>
    <link:loc xlink:type="locator" xlink:href="ga-20190116.xsd#ga_ConservationMember" xlink:label="ConservationMember" xlink:title="ConservationMember"/>
    <link:definitionArc xlink:type="arc" xlink:arcrole="http://xbrl.org/int/dim/arcrole/domain-member" xlink:from="NameOfProgramOrFunctionDomain" xlink:to="ConservationMember" xlink:title="definition: NameOfProgramOrFunctionDomain to ConservationMember" order="16.0"/>
    <link:loc xlink:type="locator" xlink:href="ga-20190116.xsd#ga_TransportationMember" xlink:label="TransportationMember" xlink:title="TransportationMember"/>
    <link:definitionArc xlink:type="arc" xlink:arcrole="http://xbrl.org/int/dim/arcrole/domain-member" xlink:from="NameOfProgramOrFunctionDomain" xlink:to="TransportationMember" xlink:title="definition: NameOfProgramOrFunctionDomain to TransportationMember" order="13.0"/>
    <link:loc xlink:type="locator" xlink:href="ga-20190116.xsd#ga_GeneralGovernmentMember" xlink:label="GeneralGovernmentMember" xlink:title="GeneralGovernmentMember"/>
    <link:definitionArc xlink:type="arc" xlink:arcrole="http://xbrl.org/int/dim/arcrole/domain-member" xlink:from="NameOfProgramOrFunctionDomain" xlink:to="GeneralGovernmentMember" xlink:title="definition: NameOfProgramOrFunctionDomain to GeneralGovernmentMember" order="10.0"/>
    <link:loc xlink:type="locator" xlink:href="ga-20190116.xsd#ga_HealthAndWelfareMember" xlink:label="HealthAndWelfareMember" xlink:title="HealthAndWelfareMember"/>
    <link:definitionArc xlink:type="arc" xlink:arcrole="http://xbrl.org/int/dim/arcrole/domain-member" xlink:from="NameOfProgramOrFunctionDomain" xlink:to="HealthAndWelfareMember" xlink:title="definition: NameOfProgramOrFunctionDomain to HealthAndWelfareMember" order="12.0"/>
    <link:loc xlink:type="locator" xlink:href="ga-20190116.xsd#ga_EducationMember" xlink:label="EducationMember" xlink:title="EducationMember"/>
    <link:definitionArc xlink:type="arc" xlink:arcrole="http://xbrl.org/int/dim/arcrole/domain-member" xlink:from="NameOfProgramOrFunctionDomain" xlink:to="EducationMember" xlink:title="definition: NameOfProgramOrFunctionDomain to EducationMember" order="11.0"/>
    <link:loc xlink:type="locator" xlink:href="ga-20190116.xsd#ga_HigherEducationMember" xlink:label="HigherEducationMember" xlink:title="HigherEducationMember"/>
    <link:definitionArc xlink:type="arc" xlink:arcrole="http://xbrl.org/int/dim/arcrole/domain-member" xlink:from="NameOfProgramOrFunctionDomain" xlink:to="HigherEducationMember" xlink:title="definition: NameOfProgramOrFunctionDomain to HigherEducationMember" order="9.0"/>
    <link:loc xlink:type="locator" xlink:href="ga-20190116.xsd#ga_EconomicDevelopmentAndAssistanceMember" xlink:label="EconomicDevelopmentAndAssistanceMember" xlink:title="EconomicDevelopmentAndAssistanceMember"/>
    <link:definitionArc xlink:type="arc" xlink:arcrole="http://xbrl.org/int/dim/arcrole/domain-member" xlink:from="NameOfProgramOrFunctionDomain" xlink:to="EconomicDevelopmentAndAssistanceMember" xlink:title="definition: NameOfProgramOrFunctionDomain to EconomicDevelopmentAndAssistanceMember" order="15.0"/>
    <link:loc xlink:type="locator" xlink:href="ga-20190116.xsd#ga_StateHealthBenefitPlanMember" xlink:label="StateHealthBenefitPlanMember" xlink:title="StateHealthBenefitPlanMember"/>
    <link:definitionArc xlink:type="arc" xlink:arcrole="http://xbrl.org/int/dim/arcrole/domain-member" xlink:from="NameOfProgramOrFunctionDomain" xlink:to="StateHealthBenefitPlanMember" xlink:title="definition: NameOfProgramOrFunctionDomain to StateHealthBenefitPlanMember" order="17.0"/>
    <link:loc xlink:type="locator" xlink:href="ga-20190116.xsd#ga_OtherBusinessTypeActivitiesMember" xlink:label="OtherBusinessTypeActivitiesMember" xlink:title="OtherBusinessTypeActivitiesMember"/>
    <link:definitionArc xlink:type="arc" xlink:arcrole="http://xbrl.org/int/dim/arcrole/domain-member" xlink:from="NameOfProgramOrFunctionDomain" xlink:to="OtherBusinessTypeActivitiesMember" xlink:title="definition: NameOfProgramOrFunctionDomain to OtherBusinessTypeActivitiesMember" order="18.0"/>
    <link:loc xlink:type="locator" xlink:href="https://raw.githubusercontent.com/xbrlus/cafr/master/cafr_2019-01-16.xsd#cafr_UnemploymentProgramsMember" xlink:label="UnemploymentProgramsMember" xlink:title="UnemploymentProgramsMember"/>
    <link:definitionArc xlink:type="arc" xlink:arcrole="http://xbrl.org/int/dim/arcrole/domain-member" xlink:from="NameOfProgramOrFunctionDomain" xlink:to="UnemploymentProgramsMember" xlink:title="definition: NameOfProgramOrFunctionDomain to UnemploymentProgramsMember" order="19.0"/>
  </link:definitionLink>
  <link:definitionLink xlink:type="extended" xlink:role="http://xbrl.us/slg/cafr/statementOfNetPositionGovernmentWideNetPosition">
    <link:loc xlink:type="locator" xlink:href="https://raw.githubusercontent.com/xbrlus/cafr/master/cafr_2019-01-16.xsd#cafr_ClassificationOfNetPositionRestrictedDomain" xlink:label="ClassificationOfNetPositionRestrictedDomain" xlink:title="ClassificationOfNetPositionRestrictedDomain"/>
    <link:loc xlink:type="locator" xlink:href="ga-20190116.xsd#ga_HigherEducationMember" xlink:label="HigherEducationMember" xlink:title="HigherEducationMember"/>
    <link:definitionArc xlink:type="arc" xlink:arcrole="http://xbrl.org/int/dim/arcrole/domain-member" xlink:from="ClassificationOfNetPositionRestrictedDomain" xlink:to="HigherEducationMember" xlink:title="definition: ClassificationOfNetPositionRestrictedDomain to HigherEducationMember" order="7.0"/>
    <link:loc xlink:type="locator" xlink:href="ga-20190116.xsd#ga_LoanAndGrantProgramsMember" xlink:label="LoanAndGrantProgramsMember" xlink:title="LoanAndGrantProgramsMember"/>
    <link:definitionArc xlink:type="arc" xlink:arcrole="http://xbrl.org/int/dim/arcrole/domain-member" xlink:from="ClassificationOfNetPositionRestrictedDomain" xlink:to="LoanAndGrantProgramsMember" xlink:title="definition: ClassificationOfNetPositionRestrictedDomain to LoanAndGrantProgramsMember" order="8.0"/>
    <link:loc xlink:type="locator" xlink:href="ga-20190116.xsd#ga_LotteryMember" xlink:label="LotteryMember" xlink:title="LotteryMember"/>
    <link:definitionArc xlink:type="arc" xlink:arcrole="http://xbrl.org/int/dim/arcrole/domain-member" xlink:from="ClassificationOfNetPositionRestrictedDomain" xlink:to="LotteryMember" xlink:title="definition: ClassificationOfNetPositionRestrictedDomain to LotteryMember" order="9.0"/>
    <link:loc xlink:type="locator" xlink:href="ga-20190116.xsd#ga_MotorFuelTaxFundsMember" xlink:label="MotorFuelTaxFundsMember" xlink:title="MotorFuelTaxFundsMember"/>
    <link:definitionArc xlink:type="arc" xlink:arcrole="http://xbrl.org/int/dim/arcrole/domain-member" xlink:from="ClassificationOfNetPositionRestrictedDomain" xlink:to="MotorFuelTaxFundsMember" xlink:title="definition: ClassificationOfNetPositionRestrictedDomain to MotorFuelTaxFundsMember" order="10.0"/>
    <link:loc xlink:type="locator" xlink:href="ga-20190116.xsd#ga_OtherBenefitsMember" xlink:label="OtherBenefitsMember" xlink:title="OtherBenefitsMember"/>
    <link:definitionArc xlink:type="arc" xlink:arcrole="http://xbrl.org/int/dim/arcrole/domain-member" xlink:from="ClassificationOfNetPositionRestrictedDomain" xlink:to="OtherBenefitsMember" xlink:title="definition: ClassificationOfNetPositionRestrictedDomain to OtherBenefitsMember" order="11.0"/>
    <link:loc xlink:type="locator" xlink:href="ga-20190116.xsd#ga_GuaranteedRevenueDebtCommonReserveFundMember" xlink:label="GuaranteedRevenueDebtCommonReserveFundMember" xlink:title="GuaranteedRevenueDebtCommonReserveFundMember"/>
    <link:definitionArc xlink:type="arc" xlink:arcrole="http://xbrl.org/int/dim/arcrole/domain-member" xlink:from="ClassificationOfNetPositionRestrictedDomain" xlink:to="GuaranteedRevenueDebtCommonReserveFundMember" xlink:title="definition: ClassificationOfNetPositionRestrictedDomain to GuaranteedRevenueDebtCommonReserveFundMember" order="12.0"/>
  </link:definitionLink>
  <link:definitionLink xlink:type="extended" xlink:role="http://xbrl.us/slg/cafr/balanceSheetGovernmentalFunds">
    <link:loc xlink:type="locator" xlink:href="https://raw.githubusercontent.com/xbrlus/cafr/master/cafr_2019-01-16.xsd#cafr_ReportingRelationshipAxis" xlink:label="ReportingRelationshipAxis" xlink:title="ReportingRelationshipAxis"/>
    <link:loc xlink:type="locator" xlink:href="https://raw.githubusercontent.com/xbrlus/cafr/master/cafr_2019-01-16.xsd#cafr_ReportingRelationshipDomain" xlink:label="ReportingRelationshipDomain" xlink:title="ReportingRelationshipDomain"/>
    <link:definitionArc xlink:type="arc" xlink:arcrole="http://xbrl.org/int/dim/arcrole/dimension-domain" xlink:from="ReportingRelationshipAxis" xlink:to="ReportingRelationshipDomain" xlink:title="definition: ReportingRelationshipAxis to ReportingRelationshipDomain" order="1.0"/>
    <link:loc xlink:type="locator" xlink:href="https://raw.githubusercontent.com/xbrlus/cafr/master/cafr_2019-01-16.xsd#cafr_RelatedPartyMember" xlink:label="RelatedPartyMember" xlink:title="RelatedPartyMember"/>
    <link:definitionArc xlink:type="arc" xlink:arcrole="http://xbrl.org/int/dim/arcrole/domain-member" xlink:from="ReportingRelationshipDomain" xlink:to="RelatedPartyMember" xlink:title="definition: ReportingRelationshipDomain to RelatedPartyMember" order="1.0"/>
    <link:loc xlink:type="locator" xlink:href="https://raw.githubusercontent.com/xbrlus/cafr/master/cafr_2019-01-16.xsd#cafr_NonrelatedPartyMember" xlink:label="NonrelatedPartyMember" xlink:title="NonrelatedPartyMember"/>
    <link:definitionArc xlink:type="arc" xlink:arcrole="http://xbrl.org/int/dim/arcrole/domain-member" xlink:from="ReportingRelationshipDomain" xlink:to="NonrelatedPartyMember" xlink:title="definition: ReportingRelationshipDomain to NonrelatedPartyMember" order="2.0"/>
    <link:loc xlink:type="locator" xlink:href="https://raw.githubusercontent.com/xbrlus/cafr/master/cafr_2019-01-16.xsd#cafr_RestrictionOfAssetOrLiabilityAxis" xlink:label="RestrictionOfAssetOrLiabilityAxis" xlink:title="RestrictionOfAssetOrLiabilityAxis"/>
    <link:loc xlink:type="locator" xlink:href="https://raw.githubusercontent.com/xbrlus/cafr/master/cafr_2019-01-16.xsd#cafr_RestrictionOfAssetOrLiabilityDomain" xlink:label="RestrictionOfAssetOrLiabilityDomain" xlink:title="RestrictionOfAssetOrLiabilityDomain"/>
    <link:definitionArc xlink:type="arc" xlink:arcrole="http://xbrl.org/int/dim/arcrole/dimension-domain" xlink:from="RestrictionOfAssetOrLiabilityAxis" xlink:to="RestrictionOfAssetOrLiabilityDomain" xlink:title="definition: RestrictionOfAssetOrLiabilityAxis to RestrictionOfAssetOrLiabilityDomain" order="2.0"/>
    <link:loc xlink:type="locator" xlink:href="https://raw.githubusercontent.com/xbrlus/cafr/master/cafr_2019-01-16.xsd#cafr_RestrictedAssetOrLiabilityMember" xlink:label="RestrictedAssetOrLiabilityMember" xlink:title="RestrictedAssetOrLiabilityMember"/>
    <link:definitionArc xlink:type="arc" xlink:arcrole="http://xbrl.org/int/dim/arcrole/domain-member" xlink:from="RestrictionOfAssetOrLiabilityDomain" xlink:to="RestrictedAssetOrLiabilityMember" xlink:title="definition: RestrictionOfAssetOrLiabilityDomain to RestrictedAssetOrLiabilityMember" order="1.0"/>
    <link:loc xlink:type="locator" xlink:href="https://raw.githubusercontent.com/xbrlus/cafr/master/cafr_2019-01-16.xsd#cafr_UnrestrictedAssetOrLiabilityMember" xlink:label="UnrestrictedAssetOrLiabilityMember" xlink:title="UnrestrictedAssetOrLiabilityMember"/>
    <link:definitionArc xlink:type="arc" xlink:arcrole="http://xbrl.org/int/dim/arcrole/domain-member" xlink:from="RestrictionOfAssetOrLiabilityDomain" xlink:to="UnrestrictedAssetOrLiabilityMember" xlink:title="definition: RestrictionOfAssetOrLiabilityDomain to UnrestrictedAssetOrLiabilityMember" order="2.0"/>
    <link:loc xlink:type="locator" xlink:href="https://raw.githubusercontent.com/xbrlus/cafr/master/cafr_2019-01-16.xsd#cafr_ClassificationOfDueToDueFromAxis" xlink:label="ClassificationOfDueToDueFromAxis" xlink:title="ClassificationOfDueToDueFromAxis"/>
    <link:loc xlink:type="locator" xlink:href="https://raw.githubusercontent.com/xbrlus/cafr/master/cafr_2019-01-16.xsd#cafr_ClassificationOfDueToDueFromDomain" xlink:label="ClassificationOfDueToDueFromDomain" xlink:title="ClassificationOfDueToDueFromDomain"/>
    <link:definitionArc xlink:type="arc" xlink:arcrole="http://xbrl.org/int/dim/arcrole/dimension-domain" xlink:from="ClassificationOfDueToDueFromAxis" xlink:to="ClassificationOfDueToDueFromDomain" xlink:title="definition: ClassificationOfDueToDueFromAxis to ClassificationOfDueToDueFromDomain" order="1.0"/>
    <link:loc xlink:type="locator" xlink:href="https://raw.githubusercontent.com/xbrlus/cafr/master/cafr_2019-01-16.xsd#cafr_FiduciaryUnitMember" xlink:label="FiduciaryUnitMember" xlink:title="FiduciaryUnitMember"/>
    <link:definitionArc xlink:type="arc" xlink:arcrole="http://xbrl.org/int/dim/arcrole/domain-member" xlink:from="ClassificationOfDueToDueFromDomain" xlink:to="FiduciaryUnitMember" xlink:title="definition: ClassificationOfDueToDueFromDomain to FiduciaryUnitMember" order="4.0"/>
    <link:loc xlink:type="locator" xlink:href="https://raw.githubusercontent.com/xbrlus/cafr/master/cafr_2019-01-16.xsd#cafr_PrimaryGovernmentActivitiesMember" xlink:label="PrimaryGovernmentActivitiesMember" xlink:title="PrimaryGovernmentActivitiesMember"/>
    <link:definitionArc xlink:type="arc" xlink:arcrole="http://xbrl.org/int/dim/arcrole/domain-member" xlink:from="ClassificationOfDueToDueFromDomain" xlink:to="PrimaryGovernmentActivitiesMember" xlink:title="definition: ClassificationOfDueToDueFromDomain to PrimaryGovernmentActivitiesMember" order="3.0"/>
    <link:loc xlink:type="locator" xlink:href="https://raw.githubusercontent.com/xbrlus/cafr/master/cafr_2019-01-16.xsd#cafr_ComponentUnitsMember" xlink:label="ComponentUnitsMember" xlink:title="ComponentUnitsMember"/>
    <link:definitionArc xlink:type="arc" xlink:arcrole="http://xbrl.org/int/dim/arcrole/domain-member" xlink:from="ClassificationOfDueToDueFromDomain" xlink:to="ComponentUnitsMember" xlink:title="definition: ClassificationOfDueToDueFromDomain to ComponentUnitsMember" order="1.0"/>
    <link:loc xlink:type="locator" xlink:href="https://raw.githubusercontent.com/xbrlus/cafr/master/cafr_2019-01-16.xsd#cafr_OtherGovernmentMember" xlink:label="OtherGovernmentMember" xlink:title="OtherGovernmentMember"/>
    <link:definitionArc xlink:type="arc" xlink:arcrole="http://xbrl.org/int/dim/arcrole/domain-member" xlink:from="ClassificationOfDueToDueFromDomain" xlink:to="OtherGovernmentMember" xlink:title="definition: ClassificationOfDueToDueFromDomain to OtherGovernmentMember" order="5.0"/>
    <link:loc xlink:type="locator" xlink:href="https://raw.githubusercontent.com/xbrlus/cafr/master/cafr_2019-01-16.xsd#cafr_NameOfProgramOrFunctionAxis" xlink:label="NameOfProgramOrFunctionAxis" xlink:title="NameOfProgramOrFunctionAxis"/>
    <link:loc xlink:type="locator" xlink:href="https://raw.githubusercontent.com/xbrlus/cafr/master/cafr_2019-01-16.xsd#cafr_NameOfProgramOrFunctionDomain" xlink:label="NameOfProgramOrFunctionDomain" xlink:title="NameOfProgramOrFunctionDomain"/>
    <link:definitionArc xlink:type="arc" xlink:arcrole="http://xbrl.org/int/dim/arcrole/dimension-domain" xlink:from="NameOfProgramOrFunctionAxis" xlink:to="NameOfProgramOrFunctionDomain" xlink:title="definition: NameOfProgramOrFunctionAxis to NameOfProgramOrFunctionDomain" order="1.0"/>
    <link:loc xlink:type="locator" xlink:href="ga-20190116.xsd#ga_BenefitsMember" xlink:label="BenefitsMember" xlink:title="BenefitsMember"/>
    <link:definitionArc xlink:type="arc" xlink:arcrole="http://xbrl.org/int/dim/arcrole/domain-member" xlink:from="NameOfProgramOrFunctionDomain" xlink:to="BenefitsMember" xlink:title="definition: NameOfProgramOrFunctionDomain to BenefitsMember" order="3.0"/>
    <link:loc xlink:type="locator" xlink:href="ga-20190116.xsd#ga_ContractsMember" xlink:label="ContractsMember" xlink:title="ContractsMember"/>
    <link:definitionArc xlink:type="arc" xlink:arcrole="http://xbrl.org/int/dim/arcrole/domain-member" xlink:from="NameOfProgramOrFunctionDomain" xlink:to="ContractsMember" xlink:title="definition: NameOfProgramOrFunctionDomain to ContractsMember" order="4.0"/>
    <link:loc xlink:type="locator" xlink:href="ga-20190116.xsd#ga_FundsHeldForOthersMember" xlink:label="FundsHeldForOthersMember" xlink:title="FundsHeldForOthersMember"/>
    <link:definitionArc xlink:type="arc" xlink:arcrole="http://xbrl.org/int/dim/arcrole/domain-member" xlink:from="NameOfProgramOrFunctionDomain" xlink:to="FundsHeldForOthersMember" xlink:title="definition: NameOfProgramOrFunctionDomain to FundsHeldForOthersMember" order="1.0"/>
    <link:loc xlink:type="locator" xlink:href="ga-20190116.xsd#ga_UndistributedLocalGovernmentSalesTaxMember" xlink:label="UndistributedLocalGovernmentSalesTaxMember" xlink:title="UndistributedLocalGovernmentSalesTaxMember"/>
    <link:definitionArc xlink:type="arc" xlink:arcrole="http://xbrl.org/int/dim/arcrole/domain-member" xlink:from="NameOfProgramOrFunctionDomain" xlink:to="UndistributedLocalGovernmentSalesTaxMember" xlink:title="definition: NameOfProgramOrFunctionDomain to UndistributedLocalGovernmentSalesTaxMember" order="2.0"/>
    <link:loc xlink:type="locator" xlink:href="https://raw.githubusercontent.com/xbrlus/cafr/master/cafr_2019-01-16.xsd#cafr_BalanceSheetGovernmentFundsTable" xlink:label="BalanceSheetGovernmentFundsTable" xlink:title="BalanceSheetGovernmentFundsTable"/>
    <link:definitionArc xlink:type="arc" xlink:arcrole="http://xbrl.org/int/dim/arcrole/hypercube-dimension" xlink:from="BalanceSheetGovernmentFundsTable" xlink:to="RestrictionOfAssetOrLiabilityAxis" xlink:title="definition: BalanceSheetGovernmentFundsTable to RestrictionOfAssetOrLiabilityAxis" order="8.0"/>
    <link:definitionArc xlink:type="arc" xlink:arcrole="http://xbrl.org/int/dim/arcrole/hypercube-dimension" xlink:from="BalanceSheetGovernmentFundsTable" xlink:to="NameOfProgramOrFunctionAxis" xlink:title="definition: BalanceSheetGovernmentFundsTable to NameOfProgramOrFunctionAxis" order="9.0"/>
    <link:definitionArc xlink:type="arc" xlink:arcrole="http://xbrl.org/int/dim/arcrole/hypercube-dimension" xlink:from="BalanceSheetGovernmentFundsTable" xlink:to="ClassificationOfDueToDueFromAxis" xlink:title="definition: BalanceSheetGovernmentFundsTable to ClassificationOfDueToDueFromAxis" order="10.0"/>
    <link:definitionArc xlink:type="arc" xlink:arcrole="http://xbrl.org/int/dim/arcrole/hypercube-dimension" xlink:from="BalanceSheetGovernmentFundsTable" xlink:to="ReportingRelationshipAxis" xlink:title="definition: BalanceSheetGovernmentFundsTable to ReportingRelationshipAxis" order="11.0"/>
    <link:loc xlink:type="locator" xlink:href="https://raw.githubusercontent.com/xbrlus/cafr/master/cafr_2019-01-16.xsd#cafr_BalanceSheetLineItems" xlink:label="BalanceSheetLineItems" xlink:title="BalanceSheetLineItems"/>
    <link:loc xlink:type="locator" xlink:href="https://raw.githubusercontent.com/xbrlus/cafr/master/cafr_2019-01-16.xsd#cafr_DeferredInflowsOfResources" xlink:label="DeferredInflowsOfResources" xlink:title="DeferredInflowsOfResources"/>
    <link:definitionArc xlink:type="arc" xlink:arcrole="http://xbrl.org/int/dim/arcrole/domain-member" xlink:from="BalanceSheetLineItems" xlink:to="DeferredInflowsOfResources" xlink:title="definition: BalanceSheetLineItems to DeferredInflowsOfResources" order="8.0"/>
    <link:loc xlink:type="locator" xlink:href="https://raw.githubusercontent.com/xbrlus/cafr/master/cafr_2019-01-16.xsd#cafr_Liabilities" xlink:label="Liabilities" xlink:title="Liabilities"/>
    <link:definitionArc xlink:type="arc" xlink:arcrole="http://xbrl.org/int/dim/arcrole/domain-member" xlink:from="BalanceSheetLineItems" xlink:to="Liabilities" xlink:title="definition: BalanceSheetLineItems to Liabilities" order="9.0"/>
    <link:loc xlink:type="locator" xlink:href="https://raw.githubusercontent.com/xbrlus/cafr/master/cafr_2019-01-16.xsd#cafr_OtherLiabilities" xlink:label="OtherLiabilities"/>
    <link:definitionArc xlink:type="arc" xlink:arcrole="http://xbrl.org/int/dim/arcrole/domain-member" xlink:from="BalanceSheetLineItems" xlink:to="OtherLiabilities" xlink:title="definition: BalanceSheetLineItems to OtherLiabilities" order="10.0"/>
    <link:loc xlink:type="locator" xlink:href="https://raw.githubusercontent.com/xbrlus/cafr/master/cafr_2019-01-16.xsd#cafr_UnearnedRevenue" xlink:label="UnearnedRevenue"/>
    <link:definitionArc xlink:type="arc" xlink:arcrole="http://xbrl.org/int/dim/arcrole/domain-member" xlink:from="BalanceSheetLineItems" xlink:to="UnearnedRevenue" xlink:title="definition: BalanceSheetLineItems to UnearnedRevenue" order="11.0"/>
    <link:loc xlink:type="locator" xlink:href="https://raw.githubusercontent.com/xbrlus/cafr/master/cafr_2019-01-16.xsd#cafr_DueToRelatedParty" xlink:label="DueToRelatedParty"/>
    <link:definitionArc xlink:type="arc" xlink:arcrole="http://xbrl.org/int/dim/arcrole/domain-member" xlink:from="BalanceSheetLineItems" xlink:to="DueToRelatedParty" xlink:title="definition: BalanceSheetLineItems to DueToRelatedParty" order="12.0"/>
    <link:loc xlink:type="locator" xlink:href="https://raw.githubusercontent.com/xbrlus/cafr/master/cafr_2019-01-16.xsd#cafr_AccountsPayable" xlink:label="AccountsPayable"/>
    <link:definitionArc xlink:type="arc" xlink:arcrole="http://xbrl.org/int/dim/arcrole/domain-member" xlink:from="BalanceSheetLineItems" xlink:to="AccountsPayable" xlink:title="definition: BalanceSheetLineItems to AccountsPayable" order="13.0"/>
    <link:loc xlink:type="locator" xlink:href="https://raw.githubusercontent.com/xbrlus/cafr/master/cafr_2019-01-16.xsd#cafr_OtherAssets" xlink:label="OtherAssets"/>
    <link:definitionArc xlink:type="arc" xlink:arcrole="http://xbrl.org/int/dim/arcrole/domain-member" xlink:from="BalanceSheetLineItems" xlink:to="OtherAssets" xlink:title="definition: BalanceSheetLineItems to OtherAssets" order="14.0"/>
    <link:loc xlink:type="locator" xlink:href="https://raw.githubusercontent.com/xbrlus/cafr/master/cafr_2019-01-16.xsd#cafr_Inventory" xlink:label="Inventory"/>
    <link:definitionArc xlink:type="arc" xlink:arcrole="http://xbrl.org/int/dim/arcrole/domain-member" xlink:from="BalanceSheetLineItems" xlink:to="Inventory" xlink:title="definition: BalanceSheetLineItems to Inventory" order="15.0"/>
    <link:loc xlink:type="locator" xlink:href="https://raw.githubusercontent.com/xbrlus/cafr/master/cafr_2019-01-16.xsd#cafr_DueFromRelated" xlink:label="DueFromRelated"/>
    <link:definitionArc xlink:type="arc" xlink:arcrole="http://xbrl.org/int/dim/arcrole/domain-member" xlink:from="BalanceSheetLineItems" xlink:to="DueFromRelated" xlink:title="definition: BalanceSheetLineItems to DueFromRelated" order="16.0"/>
    <link:loc xlink:type="locator" xlink:href="https://raw.githubusercontent.com/xbrlus/cafr/master/cafr_2019-01-16.xsd#cafr_ReceivablesNet" xlink:label="ReceivablesNet"/>
    <link:definitionArc xlink:type="arc" xlink:arcrole="http://xbrl.org/int/dim/arcrole/domain-member" xlink:from="BalanceSheetLineItems" xlink:to="ReceivablesNet" xlink:title="definition: BalanceSheetLineItems to ReceivablesNet" order="17.0"/>
    <link:loc xlink:type="locator" xlink:href="https://raw.githubusercontent.com/xbrlus/cafr/master/cafr_2019-01-16.xsd#cafr_Assets" xlink:label="Assets"/>
    <link:definitionArc xlink:type="arc" xlink:arcrole="http://xbrl.org/int/dim/arcrole/domain-member" xlink:from="BalanceSheetLineItems" xlink:to="Assets" xlink:title="definition: BalanceSheetLineItems to Assets" order="18.0"/>
    <link:loc xlink:type="locator" xlink:href="https://raw.githubusercontent.com/xbrlus/cafr/master/cafr_2019-01-16.xsd#cafr_CashAndCashEquivalents" xlink:label="CashAndCashEquivalents"/>
    <link:definitionArc xlink:type="arc" xlink:arcrole="http://xbrl.org/int/dim/arcrole/domain-member" xlink:from="BalanceSheetLineItems" xlink:to="CashAndCashEquivalents" xlink:title="definition: BalanceSheetLineItems to CashAndCashEquivalents" order="19.0"/>
    <link:loc xlink:type="locator" xlink:href="https://raw.githubusercontent.com/xbrlus/cafr/master/cafr_2019-01-16.xsd#cafr_Investments" xlink:label="Investments"/>
    <link:definitionArc xlink:type="arc" xlink:arcrole="http://xbrl.org/int/dim/arcrole/domain-member" xlink:from="BalanceSheetLineItems" xlink:to="Investments" xlink:title="definition: BalanceSheetLineItems to Investments" order="20.0"/>
  </link:definitionLink>
  <link:definitionLink xlink:type="extended" xlink:role="http://xbrl.us/slg/cafr/statementOfNetPositionGovernmentWideAssetsAndDeferredOutOutflows">
    <link:loc xlink:type="locator" xlink:href="https://raw.githubusercontent.com/xbrlus/cafr/master/cafr_2019-01-16.xsd#cafr_AssetsAbstract" xlink:label="AssetsAbstract" xlink:title="AssetsAbstract"/>
    <link:loc xlink:type="locator" xlink:href="ga-20190116.xsd#ga_PooledInvestmentsWithStateTreasury" xlink:label="PooledInvestmentsWithStateTreasury" xlink:title="PooledInvestmentsWithStateTreasury"/>
    <link:definitionArc xlink:type="arc" xlink:arcrole="http://xbrl.org/int/dim/arcrole/domain-member" xlink:from="AssetsAbstract" xlink:to="PooledInvestmentsWithStateTreasury" xlink:title="definition: AssetsAbstract to PooledInvestmentsWithStateTreasury" order="14.0"/>
  </link:definitionLink>
</link:linkbase>
