<?xml version="1.0" encoding="UTF-8"?>
<!-- Generated by Fujitsu Interstage XWand B0177C -->
<!-- Generated by Integix-NG from Ez-XBRL Solutions -->
<linkbase xmlns:xsi="http://www.w3.org/2001/XMLSchema-instance" xsi:schemaLocation="http://www.xbrl.org/2003/linkbase http://www.xbrl.org/2003/xbrl-linkbase-2003-12-31.xsd" xmlns="http://www.xbrl.org/2003/linkbase" xmlns:xlink="http://www.w3.org/1999/xlink" xmlns:xbrli="http://www.xbrl.org/2003/instance">
  <roleRef roleURI="http://www.xbrl.org/2009/role/netLabel" xlink:type="simple" xlink:href="http://www.xbrl.org/lrr/role/net-2009-12-16.xsd#netLabel"/>
  <labelLink xlink:type="extended" xlink:role="http://www.xbrl.org/2003/role/link">
    <loc xlink:type="locator" xlink:href="va-o-albe-20170630.xsd#va-o-albe_AccountsPayableAndAccruedLiabilities" xlink:label="AccountsPayableAndAccruedLiabilities" xlink:title="AccountsPayableAndAccruedLiabilities"/>
    <label xlink:type="resource" xlink:label="label_AccountsPayableAndAccruedLiabilities" xlink:role="http://www.xbrl.org/2003/role/label" xlink:title="label_AccountsPayableAndAccruedLiabilities" xml:lang="en" id="label_AccountsPayableAndAccruedLiabilities">Accounts Payable And Accrued Liabilities</label>
    <labelArc xlink:type="arc" xlink:arcrole="http://www.xbrl.org/2003/arcrole/concept-label" xlink:from="AccountsPayableAndAccruedLiabilities" xlink:to="label_AccountsPayableAndAccruedLiabilities" xlink:title="label: AccountsPayableAndAccruedLiabilities to label_AccountsPayableAndAccruedLiabilities"/>
    <loc xlink:type="locator" xlink:href="va-o-albe-20170630.xsd#va-o-albe_AmountsHeldForOthers" xlink:label="AmountsHeldForOthers" xlink:title="AmountsHeldForOthers"/>
    <label xlink:type="resource" xlink:label="label_AmountsHeldForOthers" xlink:role="http://www.xbrl.org/2003/role/label" xlink:title="label_AmountsHeldForOthers" xml:lang="en" id="label_AmountsHeldForOthers">Amounts Held For Others</label>
    <labelArc xlink:type="arc" xlink:arcrole="http://www.xbrl.org/2003/arcrole/concept-label" xlink:from="AmountsHeldForOthers" xlink:to="label_AmountsHeldForOthers" xlink:title="label: AmountsHeldForOthers to label_AmountsHeldForOthers"/>
    <loc xlink:type="locator" xlink:href="va-o-albe-20170630.xsd#va-o-albe_StatementOfNetPositionTable" xlink:label="StatementOfNetPositionTable" xlink:title="StatementOfNetPositionTable"/>
    <label xlink:type="resource" xlink:label="label_StatementOfNetPositionTable" xlink:role="http://www.xbrl.org/2003/role/label" xlink:title="label_StatementOfNetPositionTable" xml:lang="en" id="label_StatementOfNetPositionTable">Statement Of Net Position [Table]</label>
    <labelArc xlink:type="arc" xlink:arcrole="http://www.xbrl.org/2003/arcrole/concept-label" xlink:from="StatementOfNetPositionTable" xlink:to="label_StatementOfNetPositionTable" xlink:title="label: StatementOfNetPositionTable to label_StatementOfNetPositionTable"/>
    <loc xlink:type="locator" xlink:href="va-o-albe-20170630.xsd#va-o-albe_StatementOfNetPositionLineItem" xlink:label="StatementOfNetPositionLineItem" xlink:title="StatementOfNetPositionLineItem"/>
    <label xlink:type="resource" xlink:label="label_StatementOfNetPositionLineItem" xlink:role="http://www.xbrl.org/2003/role/label" xlink:title="label_StatementOfNetPositionLineItem" xml:lang="en" id="label_StatementOfNetPositionLineItem">Statement Of Net Position [Line Item]</label>
    <labelArc xlink:type="arc" xlink:arcrole="http://www.xbrl.org/2003/arcrole/concept-label" xlink:from="StatementOfNetPositionLineItem" xlink:to="label_StatementOfNetPositionLineItem" xlink:title="label: StatementOfNetPositionLineItem to label_StatementOfNetPositionLineItem"/>
    <loc xlink:type="locator" xlink:href="va-o-albe-20170630.xsd#va-o-albe_ClassificationOfInflowsOutflowsAxis" xlink:label="ClassificationOfInflowsOutflowsAxis" xlink:title="ClassificationOfInflowsOutflowsAxis"/>
    <label xlink:type="resource" xlink:label="label_ClassificationOfInflowsOutflowsAxis" xlink:role="http://www.xbrl.org/2003/role/label" xlink:title="label_ClassificationOfInflowsOutflowsAxis" xml:lang="en" id="label_ClassificationOfInflowsOutflowsAxis">Classification Of Inflows Outflows [Axis]</label>
    <labelArc xlink:type="arc" xlink:arcrole="http://www.xbrl.org/2003/arcrole/concept-label" xlink:from="ClassificationOfInflowsOutflowsAxis" xlink:to="label_ClassificationOfInflowsOutflowsAxis" xlink:title="label: ClassificationOfInflowsOutflowsAxis to label_ClassificationOfInflowsOutflowsAxis"/>
    <loc xlink:type="locator" xlink:href="va-o-albe-20170630.xsd#va-o-albe_ClassificationOfInflowsOutflowsDomain" xlink:label="ClassificationOfInflowsOutflowsDomain" xlink:title="ClassificationOfInflowsOutflowsDomain"/>
    <label xlink:type="resource" xlink:label="label_ClassificationOfInflowsOutflowsDomain" xlink:role="http://www.xbrl.org/2003/role/label" xlink:title="label_ClassificationOfInflowsOutflowsDomain" xml:lang="en" id="label_ClassificationOfInflowsOutflowsDomain">Classification Of Inflows Outflows [Domain]</label>
    <labelArc xlink:type="arc" xlink:arcrole="http://www.xbrl.org/2003/arcrole/concept-label" xlink:from="ClassificationOfInflowsOutflowsDomain" xlink:to="label_ClassificationOfInflowsOutflowsDomain" xlink:title="label: ClassificationOfInflowsOutflowsDomain to label_ClassificationOfInflowsOutflowsDomain"/>
    <loc xlink:type="locator" xlink:href="va-o-albe-20170630.xsd#va-o-albe_ChangesInProportionateShareOfEmployerContributionsAndProportionateShareOfContributionsMember" xlink:label="ChangesInProportionateShareOfEmployerContributionsAndProportionateShareOfContributionsMember" xlink:title="ChangesInProportionateShareOfEmployerContributionsAndProportionateShareOfContributionsMember"/>
    <label xlink:type="resource" xlink:label="label_ChangesInProportionateShareOfEmployerContributionsAndProportionateShareOfContributionsMember" xlink:role="http://www.xbrl.org/2003/role/label" xlink:title="label_ChangesInProportionateShareOfEmployerContributionsAndProportionateShareOfContributionsMember" xml:lang="en" id="label_ChangesInProportionateShareOfEmployerContributionsAndProportionateShareOfContributionsMember">Changes In Proportionate Share Of Employer Contributions And Proportionate Share Of Contributions [Member]</label>
    <labelArc xlink:type="arc" xlink:arcrole="http://www.xbrl.org/2003/arcrole/concept-label" xlink:from="ChangesInProportionateShareOfEmployerContributionsAndProportionateShareOfContributionsMember" xlink:to="label_ChangesInProportionateShareOfEmployerContributionsAndProportionateShareOfContributionsMember" xlink:title="label: ChangesInProportionateShareOfEmployerContributionsAndProportionateShareOfContributionsMember to label_ChangesInProportionateShareOfEmployerContributionsAndProportionateShareOfContributionsMember"/>
    <loc xlink:type="locator" xlink:href="va-o-albe-20170630.xsd#va-o-albe_DifferencesBetweenExpectedAndActualExperienceMember" xlink:label="DifferencesBetweenExpectedAndActualExperienceMember" xlink:title="DifferencesBetweenExpectedAndActualExperienceMember"/>
    <label xlink:type="resource" xlink:label="label_DifferencesBetweenExpectedAndActualExperienceMember" xlink:role="http://www.xbrl.org/2003/role/label" xlink:title="label_DifferencesBetweenExpectedAndActualExperienceMember" xml:lang="en" id="label_DifferencesBetweenExpectedAndActualExperienceMember">DifferencesBetweenExpectedAndActualExperienceMember</label>
    <labelArc xlink:type="arc" xlink:arcrole="http://www.xbrl.org/2003/arcrole/concept-label" xlink:from="DifferencesBetweenExpectedAndActualExperienceMember" xlink:to="label_DifferencesBetweenExpectedAndActualExperienceMember" xlink:title="label: DifferencesBetweenExpectedAndActualExperienceMember to label_DifferencesBetweenExpectedAndActualExperienceMember"/>
    <loc xlink:type="locator" xlink:href="va-o-albe-20170630.xsd#va-o-albe_DifferencesBetweenProjectedAndActualEarningsOnPlanInvestmentsMember" xlink:label="DifferencesBetweenProjectedAndActualEarningsOnPlanInvestmentsMember" xlink:title="DifferencesBetweenProjectedAndActualEarningsOnPlanInvestmentsMember"/>
    <label xlink:type="resource" xlink:label="label_DifferencesBetweenProjectedAndActualEarningsOnPlanInvestmentsMember" xlink:role="http://www.xbrl.org/2003/role/label" xlink:title="label_DifferencesBetweenProjectedAndActualEarningsOnPlanInvestmentsMember" xml:lang="en" id="label_DifferencesBetweenProjectedAndActualEarningsOnPlanInvestmentsMember">DifferencesBetweenProjectedAndActualEarningsOnPlanInvestmentsMember</label>
    <labelArc xlink:type="arc" xlink:arcrole="http://www.xbrl.org/2003/arcrole/concept-label" xlink:from="DifferencesBetweenProjectedAndActualEarningsOnPlanInvestmentsMember" xlink:to="label_DifferencesBetweenProjectedAndActualEarningsOnPlanInvestmentsMember" xlink:title="label: DifferencesBetweenProjectedAndActualEarningsOnPlanInvestmentsMember to label_DifferencesBetweenProjectedAndActualEarningsOnPlanInvestmentsMember"/>
    <loc xlink:type="locator" xlink:href="va-o-albe-20170630.xsd#va-o-albe_DifferencesInProportionateShareOfNetPensionLiabilitiesMember" xlink:label="DifferencesInProportionateShareOfNetPensionLiabilitiesMember" xlink:title="DifferencesInProportionateShareOfNetPensionLiabilitiesMember"/>
    <label xlink:type="resource" xlink:label="label_DifferencesInProportionateShareOfNetPensionLiabilitiesMember" xlink:role="http://www.xbrl.org/2003/role/label" xlink:title="label_DifferencesInProportionateShareOfNetPensionLiabilitiesMember" xml:lang="en" id="label_DifferencesInProportionateShareOfNetPensionLiabilitiesMember">DifferencesInProportionateShareOfNetPensionLiabilitiesMember</label>
    <labelArc xlink:type="arc" xlink:arcrole="http://www.xbrl.org/2003/arcrole/concept-label" xlink:from="DifferencesInProportionateShareOfNetPensionLiabilitiesMember" xlink:to="label_DifferencesInProportionateShareOfNetPensionLiabilitiesMember" xlink:title="label: DifferencesInProportionateShareOfNetPensionLiabilitiesMember to label_DifferencesInProportionateShareOfNetPensionLiabilitiesMember"/>
    <loc xlink:type="locator" xlink:href="va-o-albe-20170630.xsd#va-o-albe_PensionContributionsSubsequentToMeasurementDateMember" xlink:label="PensionContributionsSubsequentToMeasurementDateMember" xlink:title="PensionContributionsSubsequentToMeasurementDateMember"/>
    <label xlink:type="resource" xlink:label="label_PensionContributionsSubsequentToMeasurementDateMember" xlink:role="http://www.xbrl.org/2003/role/label" xlink:title="label_PensionContributionsSubsequentToMeasurementDateMember" xml:lang="en" id="label_PensionContributionsSubsequentToMeasurementDateMember">PensionContributionsSubsequentToMeasurementDateMember</label>
    <labelArc xlink:type="arc" xlink:arcrole="http://www.xbrl.org/2003/arcrole/concept-label" xlink:from="PensionContributionsSubsequentToMeasurementDateMember" xlink:to="label_PensionContributionsSubsequentToMeasurementDateMember" xlink:title="label: PensionContributionsSubsequentToMeasurementDateMember to label_PensionContributionsSubsequentToMeasurementDateMember"/>
    <loc xlink:type="locator" xlink:href="va-o-albe-20170630.xsd#va-o-albe_ExpensesForHealthAndWelfare" xlink:label="ExpensesForHealthAndWelfare" xlink:title="ExpensesForHealthAndWelfare"/>
    <label xlink:type="resource" xlink:label="label_ExpensesForHealthAndWelfare" xlink:role="http://www.xbrl.org/2003/role/label" xlink:title="label_ExpensesForHealthAndWelfare" xml:lang="en" id="label_ExpensesForHealthAndWelfare">ExpensesForHealthAndWelfare</label>
    <labelArc xlink:type="arc" xlink:arcrole="http://www.xbrl.org/2003/arcrole/concept-label" xlink:from="ExpensesForHealthAndWelfare" xlink:to="label_ExpensesForHealthAndWelfare" xlink:title="label: ExpensesForHealthAndWelfare to label_ExpensesForHealthAndWelfare"/>
    <loc xlink:type="locator" xlink:href="va-o-albe-20170630.xsd#va-o-albe_ExpensesForParksRecreationAndCultural" xlink:label="ExpensesForParksRecreationAndCultural" xlink:title="ExpensesForParksRecreationAndCultural"/>
    <label xlink:type="resource" xlink:label="label_ExpensesForParksRecreationAndCultural" xlink:role="http://www.xbrl.org/2003/role/label" xlink:title="label_ExpensesForParksRecreationAndCultural" xml:lang="en" id="label_ExpensesForParksRecreationAndCultural">ExpensesForParksRecreationAndCultural</label>
    <labelArc xlink:type="arc" xlink:arcrole="http://www.xbrl.org/2003/arcrole/concept-label" xlink:from="ExpensesForParksRecreationAndCultural" xlink:to="label_ExpensesForParksRecreationAndCultural" xlink:title="label: ExpensesForParksRecreationAndCultural to label_ExpensesForParksRecreationAndCultural"/>
    <loc xlink:type="locator" xlink:href="va-o-albe-20170630.xsd#va-o-albe_NetExpenseRevenue" xlink:label="NetExpenseRevenue" xlink:title="NetExpenseRevenue"/>
    <label xlink:type="resource" xlink:label="label_NetExpenseRevenue" xlink:role="http://www.xbrl.org/2003/role/label" xlink:title="label_NetExpenseRevenue" xml:lang="en" id="label_NetExpenseRevenue">NetExpenseRevenue</label>
    <labelArc xlink:type="arc" xlink:arcrole="http://www.xbrl.org/2003/arcrole/concept-label" xlink:from="NetExpenseRevenue" xlink:to="label_NetExpenseRevenue" xlink:title="label: NetExpenseRevenue to label_NetExpenseRevenue"/>
    <loc xlink:type="locator" xlink:href="va-o-albe-20170630.xsd#va-o-albe_RevenueFromBusinessLicensesTax" xlink:label="RevenueFromBusinessLicensesTax" xlink:title="RevenueFromBusinessLicensesTax"/>
    <label xlink:type="resource" xlink:label="label_RevenueFromBusinessLicensesTax" xlink:role="http://www.xbrl.org/2003/role/label" xlink:title="label_RevenueFromBusinessLicensesTax" xml:lang="en" id="label_RevenueFromBusinessLicensesTax">RevenueFromBusinessLicensesTax</label>
    <labelArc xlink:type="arc" xlink:arcrole="http://www.xbrl.org/2003/arcrole/concept-label" xlink:from="RevenueFromBusinessLicensesTax" xlink:to="label_RevenueFromBusinessLicensesTax" xlink:title="label: RevenueFromBusinessLicensesTax to label_RevenueFromBusinessLicensesTax"/>
    <loc xlink:type="locator" xlink:href="va-o-albe-20170630.xsd#va-o-albe_RevenueFromConsumerUtilityTaxes" xlink:label="RevenueFromConsumerUtilityTaxes" xlink:title="RevenueFromConsumerUtilityTaxes"/>
    <label xlink:type="resource" xlink:label="label_RevenueFromConsumerUtilityTaxes" xlink:role="http://www.xbrl.org/2003/role/label" xlink:title="label_RevenueFromConsumerUtilityTaxes" xml:lang="en" id="label_RevenueFromConsumerUtilityTaxes">RevenueFromConsumerUtilityTaxes</label>
    <labelArc xlink:type="arc" xlink:arcrole="http://www.xbrl.org/2003/arcrole/concept-label" xlink:from="RevenueFromConsumerUtilityTaxes" xlink:to="label_RevenueFromConsumerUtilityTaxes" xlink:title="label: RevenueFromConsumerUtilityTaxes to label_RevenueFromConsumerUtilityTaxes"/>
    <loc xlink:type="locator" xlink:href="va-o-albe-20170630.xsd#va-o-albe_RevenueFromMealsTax" xlink:label="RevenueFromMealsTax" xlink:title="RevenueFromMealsTax"/>
    <label xlink:type="resource" xlink:label="label_RevenueFromMealsTax" xlink:role="http://www.xbrl.org/2003/role/label" xlink:title="label_RevenueFromMealsTax" xml:lang="en" id="label_RevenueFromMealsTax">RevenueFromMealsTax</label>
    <labelArc xlink:type="arc" xlink:arcrole="http://www.xbrl.org/2003/arcrole/concept-label" xlink:from="RevenueFromMealsTax" xlink:to="label_RevenueFromMealsTax" xlink:title="label: RevenueFromMealsTax to label_RevenueFromMealsTax"/>
    <loc xlink:type="locator" xlink:href="va-o-albe-20170630.xsd#va-o-albe_RevenueFromMotorVehicleLicensesTax" xlink:label="RevenueFromMotorVehicleLicensesTax" xlink:title="RevenueFromMotorVehicleLicensesTax"/>
    <label xlink:type="resource" xlink:label="label_RevenueFromMotorVehicleLicensesTax" xlink:role="http://www.xbrl.org/2003/role/label" xlink:title="label_RevenueFromMotorVehicleLicensesTax" xml:lang="en" id="label_RevenueFromMotorVehicleLicensesTax">RevenueFromMotorVehicleLicensesTax</label>
    <labelArc xlink:type="arc" xlink:arcrole="http://www.xbrl.org/2003/arcrole/concept-label" xlink:from="RevenueFromMotorVehicleLicensesTax" xlink:to="label_RevenueFromMotorVehicleLicensesTax" xlink:title="label: RevenueFromMotorVehicleLicensesTax to label_RevenueFromMotorVehicleLicensesTax"/>
    <loc xlink:type="locator" xlink:href="va-o-albe-20170630.xsd#va-o-albe_RevenueFromOtherTaxes" xlink:label="RevenueFromOtherTaxes" xlink:title="RevenueFromOtherTaxes"/>
    <label xlink:type="resource" xlink:label="label_RevenueFromOtherTaxes" xlink:role="http://www.xbrl.org/2003/role/label" xlink:title="label_RevenueFromOtherTaxes" xml:lang="en" id="label_RevenueFromOtherTaxes">RevenueFromOtherTaxes</label>
    <labelArc xlink:type="arc" xlink:arcrole="http://www.xbrl.org/2003/arcrole/concept-label" xlink:from="RevenueFromOtherTaxes" xlink:to="label_RevenueFromOtherTaxes" xlink:title="label: RevenueFromOtherTaxes to label_RevenueFromOtherTaxes"/>
    <loc xlink:type="locator" xlink:href="va-o-albe-20170630.xsd#va-o-albe_RevenueFromEducation" xlink:label="RevenueFromEducation" xlink:title="RevenueFromEducation"/>
    <label xlink:type="resource" xlink:label="label_RevenueFromEducation" xlink:role="http://www.xbrl.org/2003/role/label" xlink:title="label_RevenueFromEducation" xml:lang="en" id="label_RevenueFromEducation">RevenueFromEducation</label>
    <labelArc xlink:type="arc" xlink:arcrole="http://www.xbrl.org/2003/arcrole/concept-label" xlink:from="RevenueFromEducation" xlink:to="label_RevenueFromEducation" xlink:title="label: RevenueFromEducation to label_RevenueFromEducation"/>
    <loc xlink:type="locator" xlink:href="va-o-albe-20170630.xsd#va-o-albe_RevenueFromUseOfMoneyAndProperty" xlink:label="RevenueFromUseOfMoneyAndProperty" xlink:title="RevenueFromUseOfMoneyAndProperty"/>
    <label xlink:type="resource" xlink:label="label_RevenueFromUseOfMoneyAndProperty" xlink:role="http://www.xbrl.org/2003/role/label" xlink:title="label_RevenueFromUseOfMoneyAndProperty" xml:lang="en" id="label_RevenueFromUseOfMoneyAndProperty">RevenueFromUseOfMoneyAndProperty</label>
    <labelArc xlink:type="arc" xlink:arcrole="http://www.xbrl.org/2003/arcrole/concept-label" xlink:from="RevenueFromUseOfMoneyAndProperty" xlink:to="label_RevenueFromUseOfMoneyAndProperty" xlink:title="label: RevenueFromUseOfMoneyAndProperty to label_RevenueFromUseOfMoneyAndProperty"/>
    <loc xlink:type="locator" xlink:href="va-o-albe-20170630.xsd#va-o-albe_StatementOfActivitiesTable" xlink:label="StatementOfActivitiesTable" xlink:title="StatementOfActivitiesTable"/>
    <label xlink:type="resource" xlink:label="label_StatementOfActivitiesTable" xlink:role="http://www.xbrl.org/2003/role/label" xlink:title="label_StatementOfActivitiesTable" xml:lang="en" id="label_StatementOfActivitiesTable">StatementOfActivitiesTable</label>
    <labelArc xlink:type="arc" xlink:arcrole="http://www.xbrl.org/2003/arcrole/concept-label" xlink:from="StatementOfActivitiesTable" xlink:to="label_StatementOfActivitiesTable" xlink:title="label: StatementOfActivitiesTable to label_StatementOfActivitiesTable"/>
    <loc xlink:type="locator" xlink:href="va-o-albe-20170630.xsd#va-o-albe_StatementOfActivitiesLineItem" xlink:label="StatementOfActivitiesLineItem" xlink:title="StatementOfActivitiesLineItem"/>
    <label xlink:type="resource" xlink:label="label_StatementOfActivitiesLineItem" xlink:role="http://www.xbrl.org/2003/role/label" xlink:title="label_StatementOfActivitiesLineItem" xml:lang="en" id="label_StatementOfActivitiesLineItem">StatementOfActivitiesLineItem</label>
    <labelArc xlink:type="arc" xlink:arcrole="http://www.xbrl.org/2003/arcrole/concept-label" xlink:from="StatementOfActivitiesLineItem" xlink:to="label_StatementOfActivitiesLineItem" xlink:title="label: StatementOfActivitiesLineItem to label_StatementOfActivitiesLineItem"/>
    <loc xlink:type="locator" xlink:href="va-o-albe-20170630.xsd#va-o-albe_NameOfProgramOrFunctionAxis" xlink:label="NameOfProgramOrFunctionAxis" xlink:title="NameOfProgramOrFunctionAxis"/>
    <label xlink:type="resource" xlink:label="label_NameOfProgramOrFunctionAxis" xlink:role="http://www.xbrl.org/2003/role/label" xlink:title="label_NameOfProgramOrFunctionAxis" xml:lang="en" id="label_NameOfProgramOrFunctionAxis">NameOfProgramOrFunctionAxis</label>
    <labelArc xlink:type="arc" xlink:arcrole="http://www.xbrl.org/2003/arcrole/concept-label" xlink:from="NameOfProgramOrFunctionAxis" xlink:to="label_NameOfProgramOrFunctionAxis" xlink:title="label: NameOfProgramOrFunctionAxis to label_NameOfProgramOrFunctionAxis"/>
    <loc xlink:type="locator" xlink:href="va-o-albe-20170630.xsd#va-o-albe_NameOfProgramOrFunctionDomain" xlink:label="NameOfProgramOrFunctionDomain" xlink:title="NameOfProgramOrFunctionDomain"/>
    <label xlink:type="resource" xlink:label="label_NameOfProgramOrFunctionDomain" xlink:role="http://www.xbrl.org/2003/role/label" xlink:title="label_NameOfProgramOrFunctionDomain" xml:lang="en" id="label_NameOfProgramOrFunctionDomain">NameOfProgramOrFunctionDomain</label>
    <labelArc xlink:type="arc" xlink:arcrole="http://www.xbrl.org/2003/arcrole/concept-label" xlink:from="NameOfProgramOrFunctionDomain" xlink:to="label_NameOfProgramOrFunctionDomain" xlink:title="label: NameOfProgramOrFunctionDomain to label_NameOfProgramOrFunctionDomain"/>
    <loc xlink:type="locator" xlink:href="va-o-albe-20170630.xsd#va-o-albe_GeneralGovernmentAdministrationMember" xlink:label="GeneralGovernmentAdministrationMember" xlink:title="GeneralGovernmentAdministrationMember"/>
    <label xlink:type="resource" xlink:label="label_GeneralGovernmentAdministrationMember" xlink:role="http://www.xbrl.org/2003/role/label" xlink:title="label_GeneralGovernmentAdministrationMember" xml:lang="en" id="label_GeneralGovernmentAdministrationMember">GeneralGovernmentAdministrationMember</label>
    <labelArc xlink:type="arc" xlink:arcrole="http://www.xbrl.org/2003/arcrole/concept-label" xlink:from="GeneralGovernmentAdministrationMember" xlink:to="label_GeneralGovernmentAdministrationMember" xlink:title="label: GeneralGovernmentAdministrationMember to label_GeneralGovernmentAdministrationMember"/>
    <loc xlink:type="locator" xlink:href="va-o-albe-20170630.xsd#va-o-albe_ContributionFromSchoolBoardMember" xlink:label="ContributionFromSchoolBoardMember" xlink:title="ContributionFromSchoolBoardMember"/>
    <label xlink:type="resource" xlink:label="label_ContributionFromSchoolBoardMember" xlink:role="http://www.xbrl.org/2003/role/label" xlink:title="label_ContributionFromSchoolBoardMember" xml:lang="en" id="label_ContributionFromSchoolBoardMember">ContributionFromSchoolBoardMember</label>
    <labelArc xlink:type="arc" xlink:arcrole="http://www.xbrl.org/2003/arcrole/concept-label" xlink:from="ContributionFromSchoolBoardMember" xlink:to="label_ContributionFromSchoolBoardMember" xlink:title="label: ContributionFromSchoolBoardMember to label_ContributionFromSchoolBoardMember"/>
    <loc xlink:type="locator" xlink:href="va-o-albe-20170630.xsd#va-o-albe_CommonWealthMember" xlink:label="CommonWealthMember" xlink:title="CommonWealthMember"/>
    <label xlink:type="resource" xlink:label="label_CommonWealthMember" xlink:role="http://www.xbrl.org/2003/role/label" xlink:title="label_CommonWealthMember" xml:lang="en" id="label_CommonWealthMember">CommonWealthMember</label>
    <labelArc xlink:type="arc" xlink:arcrole="http://www.xbrl.org/2003/arcrole/concept-label" xlink:from="CommonWealthMember" xlink:to="label_CommonWealthMember" xlink:title="label: CommonWealthMember to label_CommonWealthMember"/>
    <loc xlink:type="locator" xlink:href="va-o-albe-20170630.xsd#va-o-albe_JudicialAdministrationMember" xlink:label="JudicialAdministrationMember" xlink:title="JudicialAdministrationMember"/>
    <label xlink:type="resource" xlink:label="label_JudicialAdministrationMember" xlink:role="http://www.xbrl.org/2003/role/label" xlink:title="label_JudicialAdministrationMember" xml:lang="en" id="label_JudicialAdministrationMember">JudicialAdministrationMember</label>
    <labelArc xlink:type="arc" xlink:arcrole="http://www.xbrl.org/2003/arcrole/concept-label" xlink:from="JudicialAdministrationMember" xlink:to="label_JudicialAdministrationMember" xlink:title="label: JudicialAdministrationMember to label_JudicialAdministrationMember"/>
    <loc xlink:type="locator" xlink:href="va-o-albe-20170630.xsd#va-o-albe_FederalGovernmentMember" xlink:label="FederalGovernmentMember" xlink:title="FederalGovernmentMember"/>
    <label xlink:type="resource" xlink:label="label_FederalGovernmentMember" xlink:role="http://www.xbrl.org/2003/role/label" xlink:title="label_FederalGovernmentMember" xml:lang="en" id="label_FederalGovernmentMember">FederalGovernmentMember</label>
    <labelArc xlink:type="arc" xlink:arcrole="http://www.xbrl.org/2003/arcrole/concept-label" xlink:from="FederalGovernmentMember" xlink:to="label_FederalGovernmentMember" xlink:title="label: FederalGovernmentMember to label_FederalGovernmentMember"/>
    <loc xlink:type="locator" xlink:href="va-o-albe-20170630.xsd#va-o-albe_LocalCommunityCollegeMember" xlink:label="LocalCommunityCollegeMember" xlink:title="LocalCommunityCollegeMember"/>
    <label xlink:type="resource" xlink:label="label_LocalCommunityCollegeMember" xlink:role="http://www.xbrl.org/2003/role/label" xlink:title="label_LocalCommunityCollegeMember" xml:lang="en" id="label_LocalCommunityCollegeMember">LocalCommunityCollegeMember</label>
    <labelArc xlink:type="arc" xlink:arcrole="http://www.xbrl.org/2003/arcrole/concept-label" xlink:from="LocalCommunityCollegeMember" xlink:to="label_LocalCommunityCollegeMember" xlink:title="label: LocalCommunityCollegeMember to label_LocalCommunityCollegeMember"/>
    <loc xlink:type="locator" xlink:href="va-o-albe-20170630.xsd#va-o-albe_PublicSchoolSystemMember" xlink:label="PublicSchoolSystemMember" xlink:title="PublicSchoolSystemMember"/>
    <label xlink:type="resource" xlink:label="label_PublicSchoolSystemMember" xlink:role="http://www.xbrl.org/2003/role/label" xlink:title="label_PublicSchoolSystemMember" xml:lang="en" id="label_PublicSchoolSystemMember">PublicSchoolSystemMember</label>
    <labelArc xlink:type="arc" xlink:arcrole="http://www.xbrl.org/2003/arcrole/concept-label" xlink:from="PublicSchoolSystemMember" xlink:to="label_PublicSchoolSystemMember" xlink:title="label: PublicSchoolSystemMember to label_PublicSchoolSystemMember"/>
    <loc xlink:type="locator" xlink:href="va-o-albe-20170630.xsd#va-o-albe_PublicSafetyMember" xlink:label="PublicSafetyMember" xlink:title="PublicSafetyMember"/>
    <label xlink:type="resource" xlink:label="label_PublicSafetyMember" xlink:role="http://www.xbrl.org/2003/role/label" xlink:title="label_PublicSafetyMember" xml:lang="en" id="label_PublicSafetyMember">PublicSafetyMember</label>
    <labelArc xlink:type="arc" xlink:arcrole="http://www.xbrl.org/2003/arcrole/concept-label" xlink:from="PublicSafetyMember" xlink:to="label_PublicSafetyMember" xlink:title="label: PublicSafetyMember to label_PublicSafetyMember"/>
    <loc xlink:type="locator" xlink:href="va-o-albe-20170630.xsd#va-o-albe_PublicWorksMember" xlink:label="PublicWorksMember" xlink:title="PublicWorksMember"/>
    <label xlink:type="resource" xlink:label="label_PublicWorksMember" xlink:role="http://www.xbrl.org/2003/role/label" xlink:title="label_PublicWorksMember" xml:lang="en" id="label_PublicWorksMember">PublicWorksMember</label>
    <labelArc xlink:type="arc" xlink:arcrole="http://www.xbrl.org/2003/arcrole/concept-label" xlink:from="PublicWorksMember" xlink:to="label_PublicWorksMember" xlink:title="label: PublicWorksMember to label_PublicWorksMember"/>
    <loc xlink:type="locator" xlink:href="va-o-albe-20170630.xsd#va-o-albe_HealthAndWelfareMember" xlink:label="HealthAndWelfareMember" xlink:title="HealthAndWelfareMember"/>
    <label xlink:type="resource" xlink:label="label_HealthAndWelfareMember" xlink:role="http://www.xbrl.org/2003/role/label" xlink:title="label_HealthAndWelfareMember" xml:lang="en" id="label_HealthAndWelfareMember">HealthAndWelfareMember</label>
    <labelArc xlink:type="arc" xlink:arcrole="http://www.xbrl.org/2003/arcrole/concept-label" xlink:from="HealthAndWelfareMember" xlink:to="label_HealthAndWelfareMember" xlink:title="label: HealthAndWelfareMember to label_HealthAndWelfareMember"/>
    <loc xlink:type="locator" xlink:href="va-o-albe-20170630.xsd#va-o-albe_EducationMember" xlink:label="EducationMember" xlink:title="EducationMember"/>
    <label xlink:type="resource" xlink:label="label_EducationMember" xlink:role="http://www.xbrl.org/2003/role/label" xlink:title="label_EducationMember" xml:lang="en" id="label_EducationMember">EducationMember</label>
    <labelArc xlink:type="arc" xlink:arcrole="http://www.xbrl.org/2003/arcrole/concept-label" xlink:from="EducationMember" xlink:to="label_EducationMember" xlink:title="label: EducationMember to label_EducationMember"/>
    <loc xlink:type="locator" xlink:href="va-o-albe-20170630.xsd#va-o-albe_ParksAndRecreationMember" xlink:label="ParksAndRecreationMember" xlink:title="ParksAndRecreationMember"/>
    <label xlink:type="resource" xlink:label="label_ParksAndRecreationMember" xlink:role="http://www.xbrl.org/2003/role/label" xlink:title="label_ParksAndRecreationMember" xml:lang="en" id="label_ParksAndRecreationMember">ParksAndRecreationMember</label>
    <labelArc xlink:type="arc" xlink:arcrole="http://www.xbrl.org/2003/arcrole/concept-label" xlink:from="ParksAndRecreationMember" xlink:to="label_ParksAndRecreationMember" xlink:title="label: ParksAndRecreationMember to label_ParksAndRecreationMember"/>
    <loc xlink:type="locator" xlink:href="va-o-albe-20170630.xsd#va-o-albe_CommunityDevelopmentMember" xlink:label="CommunityDevelopmentMember" xlink:title="CommunityDevelopmentMember"/>
    <label xlink:type="resource" xlink:label="label_CommunityDevelopmentMember" xlink:role="http://www.xbrl.org/2003/role/label" xlink:title="label_CommunityDevelopmentMember" xml:lang="en" id="label_CommunityDevelopmentMember">CommunityDevelopmentMember</label>
    <labelArc xlink:type="arc" xlink:arcrole="http://www.xbrl.org/2003/arcrole/concept-label" xlink:from="CommunityDevelopmentMember" xlink:to="label_CommunityDevelopmentMember" xlink:title="label: CommunityDevelopmentMember to label_CommunityDevelopmentMember"/>
    <loc xlink:type="locator" xlink:href="va-o-albe-20170630.xsd#va-o-albe_InterestAndFiscalChargesMember" xlink:label="InterestAndFiscalChargesMember" xlink:title="InterestAndFiscalChargesMember"/>
    <label xlink:type="resource" xlink:label="label_InterestAndFiscalChargesMember" xlink:role="http://www.xbrl.org/2003/role/label" xlink:title="label_InterestAndFiscalChargesMember" xml:lang="en" id="label_InterestAndFiscalChargesMember">InterestAndFiscalChargesMember</label>
    <labelArc xlink:type="arc" xlink:arcrole="http://www.xbrl.org/2003/arcrole/concept-label" xlink:from="InterestAndFiscalChargesMember" xlink:to="label_InterestAndFiscalChargesMember" xlink:title="label: InterestAndFiscalChargesMember to label_InterestAndFiscalChargesMember"/>
    <loc xlink:type="locator" xlink:href="va-o-albe-20170630.xsd#va-o-albe_BalanceSheetGovernmentalFundTable" xlink:label="BalanceSheetGovernmentalFundTable" xlink:title="BalanceSheetGovernmentalFundTable"/>
    <label xlink:type="resource" xlink:label="label_BalanceSheetGovernmentalFundTable" xlink:role="http://www.xbrl.org/2003/role/label" xlink:title="label_BalanceSheetGovernmentalFundTable" xml:lang="en" id="label_BalanceSheetGovernmentalFundTable">BalanceSheetGovernmentalFundTable</label>
    <labelArc xlink:type="arc" xlink:arcrole="http://www.xbrl.org/2003/arcrole/concept-label" xlink:from="BalanceSheetGovernmentalFundTable" xlink:to="label_BalanceSheetGovernmentalFundTable" xlink:title="label: BalanceSheetGovernmentalFundTable to label_BalanceSheetGovernmentalFundTable"/>
    <loc xlink:type="locator" xlink:href="va-o-albe-20170630.xsd#va-o-albe_BalanceSheetGovernmentalFundLineItem" xlink:label="BalanceSheetGovernmentalFundLineItem" xlink:title="BalanceSheetGovernmentalFundLineItem"/>
    <label xlink:type="resource" xlink:label="label_BalanceSheetGovernmentalFundLineItem" xlink:role="http://www.xbrl.org/2003/role/label" xlink:title="label_BalanceSheetGovernmentalFundLineItem" xml:lang="en" id="label_BalanceSheetGovernmentalFundLineItem">BalanceSheetGovernmentalFundLineItem</label>
    <labelArc xlink:type="arc" xlink:arcrole="http://www.xbrl.org/2003/arcrole/concept-label" xlink:from="BalanceSheetGovernmentalFundLineItem" xlink:to="label_BalanceSheetGovernmentalFundLineItem" xlink:title="label: BalanceSheetGovernmentalFundLineItem to label_BalanceSheetGovernmentalFundLineItem"/>
    <loc xlink:type="locator" xlink:href="va-o-albe-20170630.xsd#va-o-albe_ExpenditureForHealthAndWelfare" xlink:label="ExpenditureForHealthAndWelfare" xlink:title="ExpenditureForHealthAndWelfare"/>
    <label xlink:type="resource" xlink:label="label_ExpenditureForHealthAndWelfare" xlink:role="http://www.xbrl.org/2003/role/label" xlink:title="label_ExpenditureForHealthAndWelfare" xml:lang="en" id="label_ExpenditureForHealthAndWelfare">ExpenditureForHealthAndWelfare</label>
    <labelArc xlink:type="arc" xlink:arcrole="http://www.xbrl.org/2003/arcrole/concept-label" xlink:from="ExpenditureForHealthAndWelfare" xlink:to="label_ExpenditureForHealthAndWelfare" xlink:title="label: ExpenditureForHealthAndWelfare to label_ExpenditureForHealthAndWelfare"/>
    <loc xlink:type="locator" xlink:href="va-o-albe-20170630.xsd#va-o-albe_RevenueFromRecoveredCosts" xlink:label="RevenueFromRecoveredCosts" xlink:title="RevenueFromRecoveredCosts"/>
    <label xlink:type="resource" xlink:label="label_RevenueFromRecoveredCosts" xlink:role="http://www.xbrl.org/2003/role/label" xlink:title="label_RevenueFromRecoveredCosts" xml:lang="en" id="label_RevenueFromRecoveredCosts">RevenueFromRecoveredCosts</label>
    <labelArc xlink:type="arc" xlink:arcrole="http://www.xbrl.org/2003/arcrole/concept-label" xlink:from="RevenueFromRecoveredCosts" xlink:to="label_RevenueFromRecoveredCosts" xlink:title="label: RevenueFromRecoveredCosts to label_RevenueFromRecoveredCosts"/>
    <loc xlink:type="locator" xlink:href="va-o-albe-20170630.xsd#va-o-albe_ExpenditureForParksRecreationAndCultural" xlink:label="ExpenditureForParksRecreationAndCultural" xlink:title="ExpenditureForParksRecreationAndCultural"/>
    <label xlink:type="resource" xlink:label="label_ExpenditureForParksRecreationAndCultural" xlink:role="http://www.xbrl.org/2003/role/label" xlink:title="label_ExpenditureForParksRecreationAndCultural" xml:lang="en" id="label_ExpenditureForParksRecreationAndCultural">ExpenditureForParksRecreationAndCultural</label>
    <labelArc xlink:type="arc" xlink:arcrole="http://www.xbrl.org/2003/arcrole/concept-label" xlink:from="ExpenditureForParksRecreationAndCultural" xlink:to="label_ExpenditureForParksRecreationAndCultural" xlink:title="label: ExpenditureForParksRecreationAndCultural to label_ExpenditureForParksRecreationAndCultural"/>
    <loc xlink:type="locator" xlink:href="va-o-albe-20170630.xsd#va-o-albe_ExpenditureForContigencies" xlink:label="ExpenditureForContigencies" xlink:title="ExpenditureForContigencies"/>
    <label xlink:type="resource" xlink:label="label_ExpenditureForContigencies" xlink:role="http://www.xbrl.org/2003/role/label" xlink:title="label_ExpenditureForContigencies" xml:lang="en" id="label_ExpenditureForContigencies">ExpenditureForContigencies</label>
    <labelArc xlink:type="arc" xlink:arcrole="http://www.xbrl.org/2003/arcrole/concept-label" xlink:from="ExpenditureForContigencies" xlink:to="label_ExpenditureForContigencies" xlink:title="label: ExpenditureForContigencies to label_ExpenditureForContigencies"/>
    <loc xlink:type="locator" xlink:href="va-o-albe-20170630.xsd#va-o-albe_PremiumOnDebt" xlink:label="PremiumOnDebt" xlink:title="PremiumOnDebt"/>
    <label xlink:type="resource" xlink:label="label_PremiumOnDebt" xlink:role="http://www.xbrl.org/2003/role/label" xlink:title="label_PremiumOnDebt" xml:lang="en" id="label_PremiumOnDebt">PremiumOnDebt</label>
    <labelArc xlink:type="arc" xlink:arcrole="http://www.xbrl.org/2003/arcrole/concept-label" xlink:from="PremiumOnDebt" xlink:to="label_PremiumOnDebt" xlink:title="label: PremiumOnDebt to label_PremiumOnDebt"/>
    <loc xlink:type="locator" xlink:href="va-o-albe-20170630.xsd#va-o-albe_StatementOfRevenuesAndExpendituresAndChangesInFundBalanceTable" xlink:label="StatementOfRevenuesAndExpendituresAndChangesInFundBalanceTable" xlink:title="StatementOfRevenuesAndExpendituresAndChangesInFundBalanceTable"/>
    <label xlink:type="resource" xlink:label="label_StatementOfRevenuesAndExpendituresAndChangesInFundBalanceTable" xlink:role="http://www.xbrl.org/2003/role/label" xlink:title="label_StatementOfRevenuesAndExpendituresAndChangesInFundBalanceTable" xml:lang="en" id="label_StatementOfRevenuesAndExpendituresAndChangesInFundBalanceTable">StatementOfRevenuesAndExpendituresAndChangesInFundBalanceTable</label>
    <labelArc xlink:type="arc" xlink:arcrole="http://www.xbrl.org/2003/arcrole/concept-label" xlink:from="StatementOfRevenuesAndExpendituresAndChangesInFundBalanceTable" xlink:to="label_StatementOfRevenuesAndExpendituresAndChangesInFundBalanceTable" xlink:title="label: StatementOfRevenuesAndExpendituresAndChangesInFundBalanceTable to label_StatementOfRevenuesAndExpendituresAndChangesInFundBalanceTable"/>
    <loc xlink:type="locator" xlink:href="va-o-albe-20170630.xsd#va-o-albe_StatementOfRevenuesAndExpendituresAndChangesInFundBalanceLineItem" xlink:label="StatementOfRevenuesAndExpendituresAndChangesInFundBalanceLineItem" xlink:title="StatementOfRevenuesAndExpendituresAndChangesInFundBalanceLineItem"/>
    <label xlink:type="resource" xlink:label="label_StatementOfRevenuesAndExpendituresAndChangesInFundBalanceLineItem" xlink:role="http://www.xbrl.org/2003/role/label" xlink:title="label_StatementOfRevenuesAndExpendituresAndChangesInFundBalanceLineItem" xml:lang="en" id="label_StatementOfRevenuesAndExpendituresAndChangesInFundBalanceLineItem">StatementOfRevenuesAndExpendituresAndChangesInFundBalanceLineItem</label>
    <labelArc xlink:type="arc" xlink:arcrole="http://www.xbrl.org/2003/arcrole/concept-label" xlink:from="StatementOfRevenuesAndExpendituresAndChangesInFundBalanceLineItem" xlink:to="label_StatementOfRevenuesAndExpendituresAndChangesInFundBalanceLineItem" xlink:title="label: StatementOfRevenuesAndExpendituresAndChangesInFundBalanceLineItem to label_StatementOfRevenuesAndExpendituresAndChangesInFundBalanceLineItem"/>
  </labelLink>
</linkbase>
