<?xml version="1.0" encoding="UTF-8"?>
<!-- Generated by Fujitsu Interstage XWand B0177C -->
<!-- Generated by Integix-NG from Ez-XBRL Solutions -->
<linkbase xmlns:xsi="http://www.w3.org/2001/XMLSchema-instance" xsi:schemaLocation="http://www.xbrl.org/2003/linkbase http://www.xbrl.org/2003/xbrl-linkbase-2003-12-31.xsd" xmlns="http://www.xbrl.org/2003/linkbase" xmlns:xlink="http://www.w3.org/1999/xlink" xmlns:xbrli="http://www.xbrl.org/2003/instance">
  <roleRef roleURI="http://www.xbrl.org/2009/role/netLabel" xlink:type="simple" xlink:href="http://www.xbrl.org/lrr/role/net-2009-12-16.xsd#netLabel"/>
  <roleRef roleURI="http://www.albemarle.org/role/StatementOfActivities" xlink:type="simple" xlink:href="va-o-albe-20170630.xsd#roleType_StatementOfActivities"/>
  <roleRef roleURI="http://www.albemarle.org/role/StatementOfNetPosition" xlink:type="simple" xlink:href="va-o-albe-20170630.xsd#roleType_StatementOfNetPosition"/>
  <roleRef roleURI="http://www.albemarle.org/role/BalanceSheetGovernmentalFunds" xlink:type="simple" xlink:href="va-o-albe-20170630.xsd#roleType_BalanceSheetGovernmentalFunds"/>
  <roleRef roleURI="http://www.albemarle.org/role/statementOfRevenuesExpendituresAndChangesInFundBalanceGovernmentalFunds" xlink:type="simple" xlink:href="va-o-albe-20170630.xsd#roleType_statementOfRevenuesExpendituresAndChangesInFundBalanceGovernmentalFunds"/>
  <presentationLink xlink:type="extended" xlink:role="http://www.albemarle.org/role/statementOfRevenuesExpendituresAndChangesInFundBalanceGovernmentalFunds">
    <loc xlink:type="locator" xlink:href="https://raw.githubusercontent.com/xbrlus/cafr/dev/core/us-cafr_concept.xsd#us-cafr_GovernmentalFundsStatementOfRevenuesAndExpendituresAndChangesInFundBalanceAbstract" xlink:label="GovernmentalFundsStatementOfRevenuesAndExpendituresAndChangesInFundBalanceAbstract" xlink:title="GovernmentalFundsStatementOfRevenuesAndExpendituresAndChangesInFundBalanceAbstract"/>
    <loc xlink:type="locator" xlink:href="https://raw.githubusercontent.com/xbrlus/cafr/dev/core/us-cafr_concept.xsd#us-cafr_DisclosureOfStatementOfRevenuesExpendituresAndChangesInFundBalanceForGovernmentalFundsTextBlock" xlink:label="DisclosureOfStatementOfRevenuesExpendituresAndChangesInFundBalanceForGovernmentalFundsTextBlock" xlink:title="DisclosureOfStatementOfRevenuesExpendituresAndChangesInFundBalanceForGovernmentalFundsTextBlock"/>
    <presentationArc xlink:type="arc" xlink:arcrole="http://www.xbrl.org/2003/arcrole/parent-child" xlink:from="GovernmentalFundsStatementOfRevenuesAndExpendituresAndChangesInFundBalanceAbstract" xlink:to="DisclosureOfStatementOfRevenuesExpendituresAndChangesInFundBalanceForGovernmentalFundsTextBlock" xlink:title="presentation: GovernmentalFundsStatementOfRevenuesAndExpendituresAndChangesInFundBalanceAbstract to DisclosureOfStatementOfRevenuesExpendituresAndChangesInFundBalanceForGovernmentalFundsTextBlock" order="1.0"/>
    <loc xlink:type="locator" xlink:href="https://raw.githubusercontent.com/xbrlus/cafr/dev/core/us-cafr_concept.xsd#us-cafr_NameOfFund" xlink:label="NameOfFund" xlink:title="NameOfFund"/>
    <presentationArc xlink:type="arc" xlink:arcrole="http://www.xbrl.org/2003/arcrole/parent-child" xlink:from="DisclosureOfStatementOfRevenuesExpendituresAndChangesInFundBalanceForGovernmentalFundsTextBlock" xlink:to="NameOfFund" xlink:title="presentation: DisclosureOfStatementOfRevenuesExpendituresAndChangesInFundBalanceForGovernmentalFundsTextBlock to NameOfFund" order="1.0"/>
    <loc xlink:type="locator" xlink:href="https://raw.githubusercontent.com/xbrlus/cafr/dev/core/us-cafr_concept.xsd#us-cafr_RevenuesAbstract" xlink:label="RevenuesAbstract" xlink:title="RevenuesAbstract"/>
    <presentationArc xlink:type="arc" xlink:arcrole="http://www.xbrl.org/2003/arcrole/parent-child" xlink:from="DisclosureOfStatementOfRevenuesExpendituresAndChangesInFundBalanceForGovernmentalFundsTextBlock" xlink:to="RevenuesAbstract" xlink:title="presentation: DisclosureOfStatementOfRevenuesExpendituresAndChangesInFundBalanceForGovernmentalFundsTextBlock to RevenuesAbstract" order="2.0"/>
    <loc xlink:type="locator" xlink:href="https://raw.githubusercontent.com/xbrlus/cafr/dev/core/us-cafr_concept.xsd#us-cafr_Revenues" xlink:label="Revenues" xlink:title="Revenues"/>
    <presentationArc xlink:type="arc" xlink:arcrole="http://www.xbrl.org/2003/arcrole/parent-child" xlink:from="RevenuesAbstract" xlink:to="Revenues" xlink:title="presentation: RevenuesAbstract to Revenues" order="10.0"/>
    <loc xlink:type="locator" xlink:href="https://raw.githubusercontent.com/xbrlus/cafr/dev/core/us-cafr_concept.xsd#us-cafr_RevenueFromPropertyTaxes" xlink:label="RevenueFromPropertyTaxes" xlink:title="RevenueFromPropertyTaxes"/>
    <presentationArc xlink:type="arc" xlink:arcrole="http://www.xbrl.org/2003/arcrole/parent-child" xlink:from="RevenuesAbstract" xlink:to="RevenueFromPropertyTaxes" xlink:title="presentation: RevenuesAbstract to RevenueFromPropertyTaxes" order="1.0"/>
    <loc xlink:type="locator" xlink:href="https://raw.githubusercontent.com/xbrlus/cafr/dev/core/us-cafr_concept.xsd#us-cafr_RevenueFromOtherTaxes" xlink:label="RevenueFromOtherTaxes" xlink:title="RevenueFromOtherTaxes"/>
    <presentationArc xlink:type="arc" xlink:arcrole="http://www.xbrl.org/2003/arcrole/parent-child" xlink:from="RevenuesAbstract" xlink:to="RevenueFromOtherTaxes" xlink:title="presentation: RevenuesAbstract to RevenueFromOtherTaxes" order="2.0"/>
    <loc xlink:type="locator" xlink:href="https://raw.githubusercontent.com/xbrlus/cafr/dev/core/us-cafr_concept.xsd#us-cafr_RevenueFromInterGovernmentalTransactions" xlink:label="RevenueFromInterGovernmentalTransactions" xlink:title="RevenueFromInterGovernmentalTransactions"/>
    <presentationArc xlink:type="arc" xlink:arcrole="http://www.xbrl.org/2003/arcrole/parent-child" xlink:from="RevenuesAbstract" xlink:to="RevenueFromInterGovernmentalTransactions" xlink:title="presentation: RevenuesAbstract to RevenueFromInterGovernmentalTransactions" order="9.0"/>
    <loc xlink:type="locator" xlink:href="https://raw.githubusercontent.com/xbrlus/cafr/dev/core/us-cafr_concept.xsd#us-cafr_RevenueFromLicensesAndPermits" xlink:label="RevenueFromLicensesAndPermits" xlink:title="RevenueFromLicensesAndPermits"/>
    <presentationArc xlink:type="arc" xlink:arcrole="http://www.xbrl.org/2003/arcrole/parent-child" xlink:from="RevenuesAbstract" xlink:to="RevenueFromLicensesAndPermits" xlink:title="presentation: RevenuesAbstract to RevenueFromLicensesAndPermits" order="3.0"/>
    <loc xlink:type="locator" xlink:href="https://raw.githubusercontent.com/xbrlus/cafr/dev/core/us-cafr_concept.xsd#us-cafr_RevenueFromFinesAndForfeitures" xlink:label="RevenueFromFinesAndForfeitures" xlink:title="RevenueFromFinesAndForfeitures"/>
    <presentationArc xlink:type="arc" xlink:arcrole="http://www.xbrl.org/2003/arcrole/parent-child" xlink:from="RevenuesAbstract" xlink:to="RevenueFromFinesAndForfeitures" xlink:title="presentation: RevenuesAbstract to RevenueFromFinesAndForfeitures" order="4.0"/>
    <loc xlink:type="locator" xlink:href="https://raw.githubusercontent.com/xbrlus/cafr/dev/core/us-cafr_concept.xsd#us-cafr_RevenueFromChargesForServicesAndSales" xlink:label="RevenueFromChargesForServicesAndSales" xlink:title="RevenueFromChargesForServicesAndSales"/>
    <presentationArc xlink:type="arc" xlink:arcrole="http://www.xbrl.org/2003/arcrole/parent-child" xlink:from="RevenuesAbstract" xlink:to="RevenueFromChargesForServicesAndSales" xlink:title="presentation: RevenuesAbstract to RevenueFromChargesForServicesAndSales" order="6.0"/>
    <loc xlink:type="locator" xlink:href="https://raw.githubusercontent.com/xbrlus/cafr/dev/core/us-cafr_concept.xsd#us-cafr_OtherRevenues" xlink:label="OtherRevenues" xlink:title="OtherRevenues"/>
    <presentationArc xlink:type="arc" xlink:arcrole="http://www.xbrl.org/2003/arcrole/parent-child" xlink:from="RevenuesAbstract" xlink:to="OtherRevenues" xlink:title="presentation: RevenuesAbstract to OtherRevenues" order="7.0"/>
    <loc xlink:type="locator" xlink:href="va-o-albe-20170630.xsd#va-o-albe_RevenueFromUseOfMoneyAndProperty" xlink:label="RevenueFromUseOfMoneyAndProperty" xlink:title="RevenueFromUseOfMoneyAndProperty"/>
    <presentationArc xlink:type="arc" xlink:arcrole="http://www.xbrl.org/2003/arcrole/parent-child" xlink:from="RevenuesAbstract" xlink:to="RevenueFromUseOfMoneyAndProperty" xlink:title="presentation: RevenuesAbstract to RevenueFromUseOfMoneyAndProperty" order="5.0"/>
    <loc xlink:type="locator" xlink:href="va-o-albe-20170630.xsd#va-o-albe_RevenueFromRecoveredCosts" xlink:label="RevenueFromRecoveredCosts" xlink:title="RevenueFromRecoveredCosts"/>
    <presentationArc xlink:type="arc" xlink:arcrole="http://www.xbrl.org/2003/arcrole/parent-child" xlink:from="RevenuesAbstract" xlink:to="RevenueFromRecoveredCosts" xlink:title="presentation: RevenuesAbstract to RevenueFromRecoveredCosts" order="8.0"/>
    <loc xlink:type="locator" xlink:href="https://raw.githubusercontent.com/xbrlus/cafr/dev/core/us-cafr_concept.xsd#us-cafr_ExpendituresAbstract" xlink:label="ExpendituresAbstract" xlink:title="ExpendituresAbstract"/>
    <presentationArc xlink:type="arc" xlink:arcrole="http://www.xbrl.org/2003/arcrole/parent-child" xlink:from="DisclosureOfStatementOfRevenuesExpendituresAndChangesInFundBalanceForGovernmentalFundsTextBlock" xlink:to="ExpendituresAbstract" xlink:title="presentation: DisclosureOfStatementOfRevenuesExpendituresAndChangesInFundBalanceForGovernmentalFundsTextBlock to ExpendituresAbstract" order="3.0"/>
    <loc xlink:type="locator" xlink:href="https://raw.githubusercontent.com/xbrlus/cafr/dev/core/us-cafr_concept.xsd#us-cafr_ExpendituresForPublicSafety" xlink:label="ExpendituresForPublicSafety" xlink:title="ExpendituresForPublicSafety"/>
    <presentationArc xlink:type="arc" xlink:arcrole="http://www.xbrl.org/2003/arcrole/parent-child" xlink:from="ExpendituresAbstract" xlink:to="ExpendituresForPublicSafety" xlink:title="presentation: ExpendituresAbstract to ExpendituresForPublicSafety" order="3.0"/>
    <loc xlink:type="locator" xlink:href="https://raw.githubusercontent.com/xbrlus/cafr/dev/core/us-cafr_concept.xsd#us-cafr_ExpendituresForCommunityDevelopment" xlink:label="ExpendituresForCommunityDevelopment" xlink:title="ExpendituresForCommunityDevelopment"/>
    <presentationArc xlink:type="arc" xlink:arcrole="http://www.xbrl.org/2003/arcrole/parent-child" xlink:from="ExpendituresAbstract" xlink:to="ExpendituresForCommunityDevelopment" xlink:title="presentation: ExpendituresAbstract to ExpendituresForCommunityDevelopment" order="8.0"/>
    <loc xlink:type="locator" xlink:href="https://raw.githubusercontent.com/xbrlus/cafr/dev/core/us-cafr_concept.xsd#us-cafr_ExpendituresForPublicWorks" xlink:label="ExpendituresForPublicWorks" xlink:title="ExpendituresForPublicWorks"/>
    <presentationArc xlink:type="arc" xlink:arcrole="http://www.xbrl.org/2003/arcrole/parent-child" xlink:from="ExpendituresAbstract" xlink:to="ExpendituresForPublicWorks" xlink:title="presentation: ExpendituresAbstract to ExpendituresForPublicWorks" order="4.0"/>
    <loc xlink:type="locator" xlink:href="https://raw.githubusercontent.com/xbrlus/cafr/dev/core/us-cafr_concept.xsd#us-cafr_ExpendituresForGeneralGovernmentLegislativeAndExecutive" xlink:label="ExpendituresForGeneralGovernmentLegislativeAndExecutive" xlink:title="ExpendituresForGeneralGovernmentLegislativeAndExecutive"/>
    <presentationArc xlink:type="arc" xlink:arcrole="http://www.xbrl.org/2003/arcrole/parent-child" xlink:from="ExpendituresAbstract" xlink:to="ExpendituresForGeneralGovernmentLegislativeAndExecutive" xlink:title="presentation: ExpendituresAbstract to ExpendituresForGeneralGovernmentLegislativeAndExecutive" order="1.0"/>
    <loc xlink:type="locator" xlink:href="https://raw.githubusercontent.com/xbrlus/cafr/dev/core/us-cafr_concept.xsd#us-cafr_ExpendituresForGeneralGovernmentJudicial" xlink:label="ExpendituresForGeneralGovernmentJudicial" xlink:title="ExpendituresForGeneralGovernmentJudicial"/>
    <presentationArc xlink:type="arc" xlink:arcrole="http://www.xbrl.org/2003/arcrole/parent-child" xlink:from="ExpendituresAbstract" xlink:to="ExpendituresForGeneralGovernmentJudicial" xlink:title="presentation: ExpendituresAbstract to ExpendituresForGeneralGovernmentJudicial" order="2.0"/>
    <loc xlink:type="locator" xlink:href="https://raw.githubusercontent.com/xbrlus/cafr/dev/core/us-cafr_concept.xsd#us-cafr_ExpendituresForInterestAndFiscalCharges" xlink:label="ExpendituresForInterestAndFiscalCharges" xlink:title="ExpendituresForInterestAndFiscalCharges"/>
    <presentationArc xlink:type="arc" xlink:arcrole="http://www.xbrl.org/2003/arcrole/parent-child" xlink:from="ExpendituresAbstract" xlink:to="ExpendituresForInterestAndFiscalCharges" xlink:title="presentation: ExpendituresAbstract to ExpendituresForInterestAndFiscalCharges" order="11.0"/>
    <loc xlink:type="locator" xlink:href="https://raw.githubusercontent.com/xbrlus/cafr/dev/core/us-cafr_concept.xsd#us-cafr_ExpendituresForEducation" xlink:label="ExpendituresForEducation" xlink:title="ExpendituresForEducation"/>
    <presentationArc xlink:type="arc" xlink:arcrole="http://www.xbrl.org/2003/arcrole/parent-child" xlink:from="ExpendituresAbstract" xlink:to="ExpendituresForEducation" xlink:title="presentation: ExpendituresAbstract to ExpendituresForEducation" order="6.0"/>
    <loc xlink:type="locator" xlink:href="https://raw.githubusercontent.com/xbrlus/cafr/dev/core/us-cafr_concept.xsd#us-cafr_ExpendituresForCapitalOutlay" xlink:label="ExpendituresForCapitalOutlay" xlink:title="ExpendituresForCapitalOutlay"/>
    <presentationArc xlink:type="arc" xlink:arcrole="http://www.xbrl.org/2003/arcrole/parent-child" xlink:from="ExpendituresAbstract" xlink:to="ExpendituresForCapitalOutlay" xlink:title="presentation: ExpendituresAbstract to ExpendituresForCapitalOutlay" order="12.0"/>
    <loc xlink:type="locator" xlink:href="https://raw.githubusercontent.com/xbrlus/cafr/dev/core/us-cafr_concept.xsd#us-cafr_ExpendituresForPrincipalRetirementOfDebts" xlink:label="ExpendituresForPrincipalRetirementOfDebts" xlink:title="ExpendituresForPrincipalRetirementOfDebts"/>
    <presentationArc xlink:type="arc" xlink:arcrole="http://www.xbrl.org/2003/arcrole/parent-child" xlink:from="ExpendituresAbstract" xlink:to="ExpendituresForPrincipalRetirementOfDebts" xlink:title="presentation: ExpendituresAbstract to ExpendituresForPrincipalRetirementOfDebts" order="10.0"/>
    <loc xlink:type="locator" xlink:href="https://raw.githubusercontent.com/xbrlus/cafr/dev/core/us-cafr_concept.xsd#us-cafr_Expenditures" xlink:label="Expenditures" xlink:title="Expenditures"/>
    <presentationArc xlink:type="arc" xlink:arcrole="http://www.xbrl.org/2003/arcrole/parent-child" xlink:from="ExpendituresAbstract" xlink:to="Expenditures" xlink:title="presentation: ExpendituresAbstract to Expenditures" order="13.0"/>
    <loc xlink:type="locator" xlink:href="va-o-albe-20170630.xsd#va-o-albe_ExpenditureForHealthAndWelfare" xlink:label="ExpenditureForHealthAndWelfare" xlink:title="ExpenditureForHealthAndWelfare"/>
    <presentationArc xlink:type="arc" xlink:arcrole="http://www.xbrl.org/2003/arcrole/parent-child" xlink:from="ExpendituresAbstract" xlink:to="ExpenditureForHealthAndWelfare" xlink:title="presentation: ExpendituresAbstract to ExpenditureForHealthAndWelfare" order="5.0"/>
    <loc xlink:type="locator" xlink:href="va-o-albe-20170630.xsd#va-o-albe_ExpenditureForParksRecreationAndCultural" xlink:label="ExpenditureForParksRecreationAndCultural" xlink:title="ExpenditureForParksRecreationAndCultural"/>
    <presentationArc xlink:type="arc" xlink:arcrole="http://www.xbrl.org/2003/arcrole/parent-child" xlink:from="ExpendituresAbstract" xlink:to="ExpenditureForParksRecreationAndCultural" xlink:title="presentation: ExpendituresAbstract to ExpenditureForParksRecreationAndCultural" order="7.0"/>
    <loc xlink:type="locator" xlink:href="va-o-albe-20170630.xsd#va-o-albe_ExpenditureForContigencies" xlink:label="ExpenditureForContigencies" xlink:title="ExpenditureForContigencies"/>
    <presentationArc xlink:type="arc" xlink:arcrole="http://www.xbrl.org/2003/arcrole/parent-child" xlink:from="ExpendituresAbstract" xlink:to="ExpenditureForContigencies" xlink:title="presentation: ExpendituresAbstract to ExpenditureForContigencies" order="9.0"/>
    <loc xlink:type="locator" xlink:href="https://raw.githubusercontent.com/xbrlus/cafr/dev/core/us-cafr_concept.xsd#us-cafr_ExcessDeficitOfRevenuesOverExpenditures" xlink:label="ExcessDeficitOfRevenuesOverExpenditures" xlink:title="ExcessDeficitOfRevenuesOverExpenditures"/>
    <presentationArc xlink:type="arc" xlink:arcrole="http://www.xbrl.org/2003/arcrole/parent-child" xlink:from="DisclosureOfStatementOfRevenuesExpendituresAndChangesInFundBalanceForGovernmentalFundsTextBlock" xlink:to="ExcessDeficitOfRevenuesOverExpenditures" xlink:title="presentation: DisclosureOfStatementOfRevenuesExpendituresAndChangesInFundBalanceForGovernmentalFundsTextBlock to ExcessDeficitOfRevenuesOverExpenditures" order="4.0"/>
    <loc xlink:type="locator" xlink:href="https://raw.githubusercontent.com/xbrlus/cafr/dev/core/us-cafr_concept.xsd#us-cafr_OtherFinancingSourcesUsesAbstract" xlink:label="OtherFinancingSourcesUsesAbstract" xlink:title="OtherFinancingSourcesUsesAbstract"/>
    <presentationArc xlink:type="arc" xlink:arcrole="http://www.xbrl.org/2003/arcrole/parent-child" xlink:from="DisclosureOfStatementOfRevenuesExpendituresAndChangesInFundBalanceForGovernmentalFundsTextBlock" xlink:to="OtherFinancingSourcesUsesAbstract" xlink:title="presentation: DisclosureOfStatementOfRevenuesExpendituresAndChangesInFundBalanceForGovernmentalFundsTextBlock to OtherFinancingSourcesUsesAbstract" order="5.0"/>
    <loc xlink:type="locator" xlink:href="https://raw.githubusercontent.com/xbrlus/cafr/dev/core/us-cafr_concept.xsd#us-cafr_ProceedsFromIssueOfGeneralObligationBonds" xlink:label="ProceedsFromIssueOfGeneralObligationBonds" xlink:title="ProceedsFromIssueOfGeneralObligationBonds"/>
    <presentationArc xlink:type="arc" xlink:arcrole="http://www.xbrl.org/2003/arcrole/parent-child" xlink:from="OtherFinancingSourcesUsesAbstract" xlink:to="ProceedsFromIssueOfGeneralObligationBonds" xlink:title="presentation: OtherFinancingSourcesUsesAbstract to ProceedsFromIssueOfGeneralObligationBonds" order="1.0"/>
    <loc xlink:type="locator" xlink:href="https://raw.githubusercontent.com/xbrlus/cafr/dev/core/us-cafr_concept.xsd#us-cafr_AdjustmentsForTransfersInForOtherFinancing" xlink:label="AdjustmentsForTransfersInForOtherFinancing" xlink:title="AdjustmentsForTransfersInForOtherFinancing"/>
    <presentationArc xlink:type="arc" xlink:arcrole="http://www.xbrl.org/2003/arcrole/parent-child" xlink:from="OtherFinancingSourcesUsesAbstract" xlink:to="AdjustmentsForTransfersInForOtherFinancing" xlink:title="presentation: OtherFinancingSourcesUsesAbstract to AdjustmentsForTransfersInForOtherFinancing" order="3.0"/>
    <loc xlink:type="locator" xlink:href="https://raw.githubusercontent.com/xbrlus/cafr/dev/core/us-cafr_concept.xsd#us-cafr_AdjustmentsForTransfersOutForOtherFinancing" xlink:label="AdjustmentsForTransfersOutForOtherFinancing" xlink:title="AdjustmentsForTransfersOutForOtherFinancing"/>
    <presentationArc xlink:type="arc" xlink:arcrole="http://www.xbrl.org/2003/arcrole/parent-child" xlink:from="OtherFinancingSourcesUsesAbstract" xlink:to="AdjustmentsForTransfersOutForOtherFinancing" xlink:title="presentation: OtherFinancingSourcesUsesAbstract to AdjustmentsForTransfersOutForOtherFinancing" order="4.0"/>
    <loc xlink:type="locator" xlink:href="https://raw.githubusercontent.com/xbrlus/cafr/dev/core/us-cafr_concept.xsd#us-cafr_OtherFinancingSourcesUses" xlink:label="OtherFinancingSourcesUses" xlink:title="OtherFinancingSourcesUses"/>
    <presentationArc xlink:type="arc" xlink:arcrole="http://www.xbrl.org/2003/arcrole/parent-child" xlink:from="OtherFinancingSourcesUsesAbstract" xlink:to="OtherFinancingSourcesUses" xlink:title="presentation: OtherFinancingSourcesUsesAbstract to OtherFinancingSourcesUses" order="5.0"/>
    <loc xlink:type="locator" xlink:href="va-o-albe-20170630.xsd#va-o-albe_PremiumOnDebt" xlink:label="PremiumOnDebt" xlink:title="PremiumOnDebt"/>
    <presentationArc xlink:type="arc" xlink:arcrole="http://www.xbrl.org/2003/arcrole/parent-child" xlink:from="OtherFinancingSourcesUsesAbstract" xlink:to="PremiumOnDebt" xlink:title="presentation: OtherFinancingSourcesUsesAbstract to PremiumOnDebt" order="2.0"/>
    <loc xlink:type="locator" xlink:href="https://raw.githubusercontent.com/xbrlus/cafr/dev/core/us-cafr_concept.xsd#us-cafr_ChangesInFundBalances" xlink:label="ChangesInFundBalances" xlink:title="ChangesInFundBalances"/>
    <presentationArc xlink:type="arc" xlink:arcrole="http://www.xbrl.org/2003/arcrole/parent-child" xlink:from="DisclosureOfStatementOfRevenuesExpendituresAndChangesInFundBalanceForGovernmentalFundsTextBlock" xlink:to="ChangesInFundBalances" xlink:title="presentation: DisclosureOfStatementOfRevenuesExpendituresAndChangesInFundBalanceForGovernmentalFundsTextBlock to ChangesInFundBalances" order="6.0"/>
    <loc xlink:type="locator" xlink:href="https://raw.githubusercontent.com/xbrlus/cafr/dev/core/us-cafr_concept.xsd#us-cafr_FundBalances" xlink:label="FundBalances" xlink:title="FundBalances"/>
    <presentationArc xlink:type="arc" xlink:arcrole="http://www.xbrl.org/2003/arcrole/parent-child" xlink:from="DisclosureOfStatementOfRevenuesExpendituresAndChangesInFundBalanceForGovernmentalFundsTextBlock" xlink:to="FundBalances" xlink:title="presentation: DisclosureOfStatementOfRevenuesExpendituresAndChangesInFundBalanceForGovernmentalFundsTextBlock to FundBalances" order="7.0"/>
  </presentationLink>
  <presentationLink xlink:type="extended" xlink:role="http://www.albemarle.org/role/StatementOfNetPosition">
    <loc xlink:type="locator" xlink:href="https://raw.githubusercontent.com/xbrlus/cafr/dev/core/us-cafr_concept.xsd#us-cafr_StatementOfNetPositionAbstract" xlink:label="StatementOfNetPositionAbstract" xlink:title="StatementOfNetPositionAbstract"/>
    <loc xlink:type="locator" xlink:href="https://raw.githubusercontent.com/xbrlus/cafr/dev/core/us-cafr_concept.xsd#us-cafr_DisclosureOfStatementOfNetPositionTextBlock" xlink:label="DisclosureOfStatementOfNetPositionTextBlock" xlink:title="DisclosureOfStatementOfNetPositionTextBlock"/>
    <presentationArc xlink:type="arc" xlink:arcrole="http://www.xbrl.org/2003/arcrole/parent-child" xlink:from="StatementOfNetPositionAbstract" xlink:to="DisclosureOfStatementOfNetPositionTextBlock" xlink:title="presentation: StatementOfNetPositionAbstract to DisclosureOfStatementOfNetPositionTextBlock" order="1.0"/>
    <loc xlink:type="locator" xlink:href="https://raw.githubusercontent.com/xbrlus/cafr/dev/core/us-cafr_concept.xsd#us-cafr_AssetsAndDeferredOutflowsOfResourcesAbstract" xlink:label="AssetsAndDeferredOutflowsOfResourcesAbstract" xlink:title="AssetsAndDeferredOutflowsOfResourcesAbstract"/>
    <presentationArc xlink:type="arc" xlink:arcrole="http://www.xbrl.org/2003/arcrole/parent-child" xlink:from="DisclosureOfStatementOfNetPositionTextBlock" xlink:to="AssetsAndDeferredOutflowsOfResourcesAbstract" xlink:title="presentation: DisclosureOfStatementOfNetPositionTextBlock to AssetsAndDeferredOutflowsOfResourcesAbstract" order="1.0"/>
    <loc xlink:type="locator" xlink:href="https://raw.githubusercontent.com/xbrlus/cafr/dev/core/us-cafr_concept.xsd#us-cafr_DeferredOutflowsOfResourcesAbstract" xlink:label="DeferredOutflowsOfResourcesAbstract" xlink:title="DeferredOutflowsOfResourcesAbstract"/>
    <presentationArc xlink:type="arc" xlink:arcrole="http://www.xbrl.org/2003/arcrole/parent-child" xlink:from="AssetsAndDeferredOutflowsOfResourcesAbstract" xlink:to="DeferredOutflowsOfResourcesAbstract" xlink:title="presentation: AssetsAndDeferredOutflowsOfResourcesAbstract to DeferredOutflowsOfResourcesAbstract" order="10.0"/>
    <loc xlink:type="locator" xlink:href="https://raw.githubusercontent.com/xbrlus/cafr/dev/core/us-cafr_concept.xsd#us-cafr_DeferredOutflowsForDebtRefunding" xlink:label="DeferredOutflowsForDebtRefunding" xlink:title="DeferredOutflowsForDebtRefunding"/>
    <presentationArc xlink:type="arc" xlink:arcrole="http://www.xbrl.org/2003/arcrole/parent-child" xlink:from="DeferredOutflowsOfResourcesAbstract" xlink:to="DeferredOutflowsForDebtRefunding" xlink:title="presentation: DeferredOutflowsOfResourcesAbstract to DeferredOutflowsForDebtRefunding" order="1.0"/>
    <loc xlink:type="locator" xlink:href="https://raw.githubusercontent.com/xbrlus/cafr/dev/core/us-cafr_concept.xsd#us-cafr_DeferredOutflowsForPensions" xlink:label="DeferredOutflowsForPensions" xlink:title="DeferredOutflowsForPensions"/>
    <presentationArc xlink:type="arc" xlink:arcrole="http://www.xbrl.org/2003/arcrole/parent-child" xlink:from="DeferredOutflowsOfResourcesAbstract" xlink:to="DeferredOutflowsForPensions" xlink:title="presentation: DeferredOutflowsOfResourcesAbstract to DeferredOutflowsForPensions" order="2.0"/>
    <loc xlink:type="locator" xlink:href="https://raw.githubusercontent.com/xbrlus/cafr/dev/core/us-cafr_concept.xsd#us-cafr_AssetsAndDeferredOutflowsOfResources" xlink:label="AssetsAndDeferredOutflowsOfResources" xlink:title="AssetsAndDeferredOutflowsOfResources"/>
    <presentationArc xlink:type="arc" xlink:arcrole="http://www.xbrl.org/2003/arcrole/parent-child" xlink:from="AssetsAndDeferredOutflowsOfResourcesAbstract" xlink:to="AssetsAndDeferredOutflowsOfResources" xlink:title="presentation: AssetsAndDeferredOutflowsOfResourcesAbstract to AssetsAndDeferredOutflowsOfResources" order="11.0"/>
    <loc xlink:type="locator" xlink:href="https://raw.githubusercontent.com/xbrlus/cafr/dev/core/us-cafr_concept.xsd#us-cafr_CurrentAssetsAbstract" xlink:label="CurrentAssetsAbstract" xlink:title="CurrentAssetsAbstract"/>
    <presentationArc xlink:type="arc" xlink:arcrole="http://www.xbrl.org/2003/arcrole/parent-child" xlink:from="AssetsAndDeferredOutflowsOfResourcesAbstract" xlink:to="CurrentAssetsAbstract" xlink:title="presentation: AssetsAndDeferredOutflowsOfResourcesAbstract to CurrentAssetsAbstract" order="7.0"/>
    <loc xlink:type="locator" xlink:href="https://raw.githubusercontent.com/xbrlus/cafr/dev/core/us-cafr_concept.xsd#us-cafr_CashAndCashEquivalents" xlink:label="CashAndCashEquivalents" xlink:title="CashAndCashEquivalents"/>
    <presentationArc xlink:type="arc" xlink:arcrole="http://www.xbrl.org/2003/arcrole/parent-child" xlink:from="CurrentAssetsAbstract" xlink:to="CashAndCashEquivalents" xlink:title="presentation: CurrentAssetsAbstract to CashAndCashEquivalents" order="1.0"/>
    <loc xlink:type="locator" xlink:href="https://raw.githubusercontent.com/xbrlus/cafr/dev/core/us-cafr_concept.xsd#us-cafr_CurrentInvestments" xlink:label="CurrentInvestments" xlink:title="CurrentInvestments"/>
    <presentationArc xlink:type="arc" xlink:arcrole="http://www.xbrl.org/2003/arcrole/parent-child" xlink:from="CurrentAssetsAbstract" xlink:to="CurrentInvestments" xlink:title="presentation: CurrentAssetsAbstract to CurrentInvestments" order="2.0"/>
    <loc xlink:type="locator" xlink:href="https://raw.githubusercontent.com/xbrlus/cafr/dev/core/us-cafr_concept.xsd#us-cafr_Receivables" xlink:label="Receivables" xlink:title="Receivables"/>
    <presentationArc xlink:type="arc" xlink:arcrole="http://www.xbrl.org/2003/arcrole/parent-child" xlink:from="CurrentAssetsAbstract" xlink:to="Receivables" xlink:title="presentation: CurrentAssetsAbstract to Receivables" order="3.0"/>
    <loc xlink:type="locator" xlink:href="https://raw.githubusercontent.com/xbrlus/cafr/dev/core/us-cafr_concept.xsd#us-cafr_DueFromOtherGovernmentEntities" xlink:label="DueFromOtherGovernmentEntities" xlink:title="DueFromOtherGovernmentEntities"/>
    <presentationArc xlink:type="arc" xlink:arcrole="http://www.xbrl.org/2003/arcrole/parent-child" xlink:from="CurrentAssetsAbstract" xlink:to="DueFromOtherGovernmentEntities" xlink:title="presentation: CurrentAssetsAbstract to DueFromOtherGovernmentEntities" order="4.0"/>
    <loc xlink:type="locator" xlink:href="https://raw.githubusercontent.com/xbrlus/cafr/dev/core/us-cafr_concept.xsd#us-cafr_PrepaidAssets" xlink:label="PrepaidAssets" xlink:title="PrepaidAssets"/>
    <presentationArc xlink:type="arc" xlink:arcrole="http://www.xbrl.org/2003/arcrole/parent-child" xlink:from="CurrentAssetsAbstract" xlink:to="PrepaidAssets" xlink:title="presentation: CurrentAssetsAbstract to PrepaidAssets" order="5.0"/>
    <loc xlink:type="locator" xlink:href="https://raw.githubusercontent.com/xbrlus/cafr/dev/core/us-cafr_concept.xsd#us-cafr_CurrentInventories" xlink:label="CurrentInventories" xlink:title="CurrentInventories"/>
    <presentationArc xlink:type="arc" xlink:arcrole="http://www.xbrl.org/2003/arcrole/parent-child" xlink:from="CurrentAssetsAbstract" xlink:to="CurrentInventories" xlink:title="presentation: CurrentAssetsAbstract to CurrentInventories" order="6.0"/>
    <loc xlink:type="locator" xlink:href="https://raw.githubusercontent.com/xbrlus/cafr/dev/core/us-cafr_concept.xsd#us-cafr_NetCapitalAssetsAbstract" xlink:label="NetCapitalAssetsAbstract" xlink:title="NetCapitalAssetsAbstract"/>
    <presentationArc xlink:type="arc" xlink:arcrole="http://www.xbrl.org/2003/arcrole/parent-child" xlink:from="AssetsAndDeferredOutflowsOfResourcesAbstract" xlink:to="NetCapitalAssetsAbstract" xlink:title="presentation: AssetsAndDeferredOutflowsOfResourcesAbstract to NetCapitalAssetsAbstract" order="8.0"/>
    <loc xlink:type="locator" xlink:href="https://raw.githubusercontent.com/xbrlus/cafr/dev/core/us-cafr_concept.xsd#us-cafr_CapitalAssets" xlink:label="CapitalAssets" xlink:title="CapitalAssets"/>
    <presentationArc xlink:type="arc" xlink:arcrole="http://www.xbrl.org/2003/arcrole/parent-child" xlink:from="NetCapitalAssetsAbstract" xlink:to="CapitalAssets" xlink:title="presentation: NetCapitalAssetsAbstract to CapitalAssets" order="3.0"/>
    <loc xlink:type="locator" xlink:href="https://raw.githubusercontent.com/xbrlus/cafr/dev/core/us-cafr_concept.xsd#us-cafr_CapitalAssetsNonDepreciable" xlink:label="CapitalAssetsNonDepreciable" xlink:title="CapitalAssetsNonDepreciable"/>
    <presentationArc xlink:type="arc" xlink:arcrole="http://www.xbrl.org/2003/arcrole/parent-child" xlink:from="NetCapitalAssetsAbstract" xlink:to="CapitalAssetsNonDepreciable" xlink:title="presentation: NetCapitalAssetsAbstract to CapitalAssetsNonDepreciable" order="1.0"/>
    <loc xlink:type="locator" xlink:href="https://raw.githubusercontent.com/xbrlus/cafr/dev/core/us-cafr_concept.xsd#us-cafr_CapitalAssetsDepreciable" xlink:label="CapitalAssetsDepreciable" xlink:title="CapitalAssetsDepreciable"/>
    <presentationArc xlink:type="arc" xlink:arcrole="http://www.xbrl.org/2003/arcrole/parent-child" xlink:from="NetCapitalAssetsAbstract" xlink:to="CapitalAssetsDepreciable" xlink:title="presentation: NetCapitalAssetsAbstract to CapitalAssetsDepreciable" order="2.0"/>
    <loc xlink:type="locator" xlink:href="https://raw.githubusercontent.com/xbrlus/cafr/dev/core/us-cafr_concept.xsd#us-cafr_Assets" xlink:label="Assets" xlink:title="Assets"/>
    <presentationArc xlink:type="arc" xlink:arcrole="http://www.xbrl.org/2003/arcrole/parent-child" xlink:from="AssetsAndDeferredOutflowsOfResourcesAbstract" xlink:to="Assets" xlink:title="presentation: AssetsAndDeferredOutflowsOfResourcesAbstract to Assets" order="9.0"/>
    <loc xlink:type="locator" xlink:href="https://raw.githubusercontent.com/xbrlus/cafr/dev/core/us-cafr_concept.xsd#us-cafr_LiabilitiesAndDeferredInflowsOfResourcesAndNetPositionAbstract" xlink:label="LiabilitiesAndDeferredInflowsOfResourcesAndNetPositionAbstract" xlink:title="LiabilitiesAndDeferredInflowsOfResourcesAndNetPositionAbstract"/>
    <presentationArc xlink:type="arc" xlink:arcrole="http://www.xbrl.org/2003/arcrole/parent-child" xlink:from="DisclosureOfStatementOfNetPositionTextBlock" xlink:to="LiabilitiesAndDeferredInflowsOfResourcesAndNetPositionAbstract" xlink:title="presentation: DisclosureOfStatementOfNetPositionTextBlock to LiabilitiesAndDeferredInflowsOfResourcesAndNetPositionAbstract" order="2.0"/>
    <loc xlink:type="locator" xlink:href="https://raw.githubusercontent.com/xbrlus/cafr/dev/core/us-cafr_concept.xsd#us-cafr_LiabilitiesAndDeferredInflowsOfResourcesAndNetPosition" xlink:label="LiabilitiesAndDeferredInflowsOfResourcesAndNetPosition" xlink:title="LiabilitiesAndDeferredInflowsOfResourcesAndNetPosition"/>
    <presentationArc xlink:type="arc" xlink:arcrole="http://www.xbrl.org/2003/arcrole/parent-child" xlink:from="LiabilitiesAndDeferredInflowsOfResourcesAndNetPositionAbstract" xlink:to="LiabilitiesAndDeferredInflowsOfResourcesAndNetPosition" xlink:title="presentation: LiabilitiesAndDeferredInflowsOfResourcesAndNetPositionAbstract to LiabilitiesAndDeferredInflowsOfResourcesAndNetPosition" order="6.0"/>
    <loc xlink:type="locator" xlink:href="https://raw.githubusercontent.com/xbrlus/cafr/dev/core/us-cafr_concept.xsd#us-cafr_NetPositionAbstract" xlink:label="NetPositionAbstract" xlink:title="NetPositionAbstract"/>
    <presentationArc xlink:type="arc" xlink:arcrole="http://www.xbrl.org/2003/arcrole/parent-child" xlink:from="LiabilitiesAndDeferredInflowsOfResourcesAndNetPositionAbstract" xlink:to="NetPositionAbstract" xlink:title="presentation: LiabilitiesAndDeferredInflowsOfResourcesAndNetPositionAbstract to NetPositionAbstract" order="5.0"/>
    <loc xlink:type="locator" xlink:href="https://raw.githubusercontent.com/xbrlus/cafr/dev/core/us-cafr_concept.xsd#us-cafr_InvestmentInCapitalAssets" xlink:label="InvestmentInCapitalAssets" xlink:title="InvestmentInCapitalAssets"/>
    <presentationArc xlink:type="arc" xlink:arcrole="http://www.xbrl.org/2003/arcrole/parent-child" xlink:from="NetPositionAbstract" xlink:to="InvestmentInCapitalAssets" xlink:title="presentation: NetPositionAbstract to InvestmentInCapitalAssets" order="1.0"/>
    <loc xlink:type="locator" xlink:href="https://raw.githubusercontent.com/xbrlus/cafr/dev/core/us-cafr_concept.xsd#us-cafr_NetPosition" xlink:label="NetPosition" xlink:title="NetPosition"/>
    <presentationArc xlink:type="arc" xlink:arcrole="http://www.xbrl.org/2003/arcrole/parent-child" xlink:from="NetPositionAbstract" xlink:to="NetPosition" xlink:title="presentation: NetPositionAbstract to NetPosition" order="2.0"/>
    <loc xlink:type="locator" xlink:href="https://raw.githubusercontent.com/xbrlus/cafr/dev/core/us-cafr_concept.xsd#us-cafr_CurrentLiabilitiesAbstract" xlink:label="CurrentLiabilitiesAbstract" xlink:title="CurrentLiabilitiesAbstract"/>
    <presentationArc xlink:type="arc" xlink:arcrole="http://www.xbrl.org/2003/arcrole/parent-child" xlink:from="LiabilitiesAndDeferredInflowsOfResourcesAndNetPositionAbstract" xlink:to="CurrentLiabilitiesAbstract" xlink:title="presentation: LiabilitiesAndDeferredInflowsOfResourcesAndNetPositionAbstract to CurrentLiabilitiesAbstract" order="1.0"/>
    <loc xlink:type="locator" xlink:href="https://raw.githubusercontent.com/xbrlus/cafr/dev/core/us-cafr_concept.xsd#us-cafr_UnearnedRevenue" xlink:label="UnearnedRevenue" xlink:title="UnearnedRevenue"/>
    <presentationArc xlink:type="arc" xlink:arcrole="http://www.xbrl.org/2003/arcrole/parent-child" xlink:from="CurrentLiabilitiesAbstract" xlink:to="UnearnedRevenue" xlink:title="presentation: CurrentLiabilitiesAbstract to UnearnedRevenue" order="4.0"/>
    <loc xlink:type="locator" xlink:href="va-o-albe-20170630.xsd#va-o-albe_AccountsPayableAndAccruedLiabilities" xlink:label="AccountsPayableAndAccruedLiabilities" xlink:title="AccountsPayableAndAccruedLiabilities"/>
    <presentationArc xlink:type="arc" xlink:arcrole="http://www.xbrl.org/2003/arcrole/parent-child" xlink:from="CurrentLiabilitiesAbstract" xlink:to="AccountsPayableAndAccruedLiabilities" xlink:title="presentation: CurrentLiabilitiesAbstract to AccountsPayableAndAccruedLiabilities" order="1.0"/>
    <loc xlink:type="locator" xlink:href="va-o-albe-20170630.xsd#va-o-albe_AmountsHeldForOthers" xlink:label="AmountsHeldForOthers" xlink:title="AmountsHeldForOthers"/>
    <presentationArc xlink:type="arc" xlink:arcrole="http://www.xbrl.org/2003/arcrole/parent-child" xlink:from="CurrentLiabilitiesAbstract" xlink:to="AmountsHeldForOthers" xlink:title="presentation: CurrentLiabilitiesAbstract to AmountsHeldForOthers" order="2.0"/>
    <loc xlink:type="locator" xlink:href="https://raw.githubusercontent.com/xbrlus/cafr/dev/core/us-cafr_concept.xsd#us-cafr_InterestPayable" xlink:label="InterestPayable" xlink:title="InterestPayable"/>
    <presentationArc xlink:type="arc" xlink:arcrole="http://www.xbrl.org/2003/arcrole/parent-child" xlink:from="CurrentLiabilitiesAbstract" xlink:to="InterestPayable" xlink:title="presentation: CurrentLiabilitiesAbstract to InterestPayable" order="3.0"/>
    <loc xlink:type="locator" xlink:href="https://raw.githubusercontent.com/xbrlus/cafr/dev/core/us-cafr_concept.xsd#us-cafr_NonCurrentLiabilities" xlink:label="NonCurrentLiabilities" xlink:title="NonCurrentLiabilities"/>
    <presentationArc xlink:type="arc" xlink:arcrole="http://www.xbrl.org/2003/arcrole/parent-child" xlink:from="LiabilitiesAndDeferredInflowsOfResourcesAndNetPositionAbstract" xlink:to="NonCurrentLiabilities" xlink:title="presentation: LiabilitiesAndDeferredInflowsOfResourcesAndNetPositionAbstract to NonCurrentLiabilities" order="2.0"/>
    <loc xlink:type="locator" xlink:href="https://raw.githubusercontent.com/xbrlus/cafr/dev/core/us-cafr_concept.xsd#us-cafr_Liabilities" xlink:label="Liabilities" xlink:title="Liabilities"/>
    <presentationArc xlink:type="arc" xlink:arcrole="http://www.xbrl.org/2003/arcrole/parent-child" xlink:from="LiabilitiesAndDeferredInflowsOfResourcesAndNetPositionAbstract" xlink:to="Liabilities" xlink:title="presentation: LiabilitiesAndDeferredInflowsOfResourcesAndNetPositionAbstract to Liabilities" order="3.0"/>
    <loc xlink:type="locator" xlink:href="https://raw.githubusercontent.com/xbrlus/cafr/dev/core/us-cafr_concept.xsd#us-cafr_DeferredInflowsOfResourcesAbstract" xlink:label="DeferredInflowsOfResourcesAbstract" xlink:title="DeferredInflowsOfResourcesAbstract"/>
    <presentationArc xlink:type="arc" xlink:arcrole="http://www.xbrl.org/2003/arcrole/parent-child" xlink:from="LiabilitiesAndDeferredInflowsOfResourcesAndNetPositionAbstract" xlink:to="DeferredInflowsOfResourcesAbstract" xlink:title="presentation: LiabilitiesAndDeferredInflowsOfResourcesAndNetPositionAbstract to DeferredInflowsOfResourcesAbstract" order="4.0"/>
    <loc xlink:type="locator" xlink:href="https://raw.githubusercontent.com/xbrlus/cafr/dev/core/us-cafr_concept.xsd#us-cafr_DeferredInflowsFromPension" xlink:label="DeferredInflowsFromPension" xlink:title="DeferredInflowsFromPension"/>
    <presentationArc xlink:type="arc" xlink:arcrole="http://www.xbrl.org/2003/arcrole/parent-child" xlink:from="DeferredInflowsOfResourcesAbstract" xlink:to="DeferredInflowsFromPension" xlink:title="presentation: DeferredInflowsOfResourcesAbstract to DeferredInflowsFromPension" order="2.0"/>
    <loc xlink:type="locator" xlink:href="https://raw.githubusercontent.com/xbrlus/cafr/dev/core/us-cafr_concept.xsd#us-cafr_DeferredInflowsFromTaxes" xlink:label="DeferredInflowsFromTaxes" xlink:title="DeferredInflowsFromTaxes"/>
    <presentationArc xlink:type="arc" xlink:arcrole="http://www.xbrl.org/2003/arcrole/parent-child" xlink:from="DeferredInflowsOfResourcesAbstract" xlink:to="DeferredInflowsFromTaxes" xlink:title="presentation: DeferredInflowsOfResourcesAbstract to DeferredInflowsFromTaxes" order="1.0"/>
    <loc xlink:type="locator" xlink:href="https://raw.githubusercontent.com/xbrlus/cafr/dev/core/us-cafr_concept.xsd#us-cafr_DeferredInflowsOfResources" xlink:label="DeferredInflowsOfResources" xlink:title="DeferredInflowsOfResources"/>
    <presentationArc xlink:type="arc" xlink:arcrole="http://www.xbrl.org/2003/arcrole/parent-child" xlink:from="DeferredInflowsOfResourcesAbstract" xlink:to="DeferredInflowsOfResources" xlink:title="presentation: DeferredInflowsOfResourcesAbstract to DeferredInflowsOfResources" order="3.0"/>
  </presentationLink>
  <presentationLink xlink:type="extended" xlink:role="http://www.albemarle.org/role/StatementOfActivities">
    <loc xlink:type="locator" xlink:href="https://raw.githubusercontent.com/xbrlus/cafr/dev/core/us-cafr_concept.xsd#us-cafr_StatementOfActivitiesAbstract" xlink:label="StatementOfActivitiesAbstract" xlink:title="StatementOfActivitiesAbstract"/>
    <loc xlink:type="locator" xlink:href="https://raw.githubusercontent.com/xbrlus/cafr/dev/core/us-cafr_concept.xsd#us-cafr_DisclosureOfStatementOfActivitiesTextBlock" xlink:label="DisclosureOfStatementOfActivitiesTextBlock" xlink:title="DisclosureOfStatementOfActivitiesTextBlock"/>
    <presentationArc xlink:type="arc" xlink:arcrole="http://www.xbrl.org/2003/arcrole/parent-child" xlink:from="StatementOfActivitiesAbstract" xlink:to="DisclosureOfStatementOfActivitiesTextBlock" xlink:title="presentation: StatementOfActivitiesAbstract to DisclosureOfStatementOfActivitiesTextBlock" order="1.0"/>
    <loc xlink:type="locator" xlink:href="https://raw.githubusercontent.com/xbrlus/cafr/dev/core/us-cafr_concept.xsd#us-cafr_ExpensesAbstract" xlink:label="ExpensesAbstract" xlink:title="ExpensesAbstract"/>
    <presentationArc xlink:type="arc" xlink:arcrole="http://www.xbrl.org/2003/arcrole/parent-child" xlink:from="DisclosureOfStatementOfActivitiesTextBlock" xlink:to="ExpensesAbstract" xlink:title="presentation: DisclosureOfStatementOfActivitiesTextBlock to ExpensesAbstract" order="1.0"/>
    <loc xlink:type="locator" xlink:href="https://raw.githubusercontent.com/xbrlus/cafr/dev/core/us-cafr_concept.xsd#us-cafr_ExpensesForPublicSafety" xlink:label="ExpensesForPublicSafety" xlink:title="ExpensesForPublicSafety"/>
    <presentationArc xlink:type="arc" xlink:arcrole="http://www.xbrl.org/2003/arcrole/parent-child" xlink:from="ExpensesAbstract" xlink:to="ExpensesForPublicSafety" xlink:title="presentation: ExpensesAbstract to ExpensesForPublicSafety" order="3.0"/>
    <loc xlink:type="locator" xlink:href="https://raw.githubusercontent.com/xbrlus/cafr/dev/core/us-cafr_concept.xsd#us-cafr_ExpensesForCommunityDevelopment" xlink:label="ExpensesForCommunityDevelopment" xlink:title="ExpensesForCommunityDevelopment"/>
    <presentationArc xlink:type="arc" xlink:arcrole="http://www.xbrl.org/2003/arcrole/parent-child" xlink:from="ExpensesAbstract" xlink:to="ExpensesForCommunityDevelopment" xlink:title="presentation: ExpensesAbstract to ExpensesForCommunityDevelopment" order="8.0"/>
    <loc xlink:type="locator" xlink:href="https://raw.githubusercontent.com/xbrlus/cafr/dev/core/us-cafr_concept.xsd#us-cafr_ExpensesForPublicWorks" xlink:label="ExpensesForPublicWorks" xlink:title="ExpensesForPublicWorks"/>
    <presentationArc xlink:type="arc" xlink:arcrole="http://www.xbrl.org/2003/arcrole/parent-child" xlink:from="ExpensesAbstract" xlink:to="ExpensesForPublicWorks" xlink:title="presentation: ExpensesAbstract to ExpensesForPublicWorks" order="4.0"/>
    <loc xlink:type="locator" xlink:href="https://raw.githubusercontent.com/xbrlus/cafr/dev/core/us-cafr_concept.xsd#us-cafr_ExpensesForGeneralGovernmentLegislativeAndExecutive" xlink:label="ExpensesForGeneralGovernmentLegislativeAndExecutive" xlink:title="ExpensesForGeneralGovernmentLegislativeAndExecutive"/>
    <presentationArc xlink:type="arc" xlink:arcrole="http://www.xbrl.org/2003/arcrole/parent-child" xlink:from="ExpensesAbstract" xlink:to="ExpensesForGeneralGovernmentLegislativeAndExecutive" xlink:title="presentation: ExpensesAbstract to ExpensesForGeneralGovernmentLegislativeAndExecutive" order="1.0"/>
    <loc xlink:type="locator" xlink:href="https://raw.githubusercontent.com/xbrlus/cafr/dev/core/us-cafr_concept.xsd#us-cafr_ExpensesForGeneralGovernmentJudicial" xlink:label="ExpensesForGeneralGovernmentJudicial" xlink:title="ExpensesForGeneralGovernmentJudicial"/>
    <presentationArc xlink:type="arc" xlink:arcrole="http://www.xbrl.org/2003/arcrole/parent-child" xlink:from="ExpensesAbstract" xlink:to="ExpensesForGeneralGovernmentJudicial" xlink:title="presentation: ExpensesAbstract to ExpensesForGeneralGovernmentJudicial" order="2.0"/>
    <loc xlink:type="locator" xlink:href="https://raw.githubusercontent.com/xbrlus/cafr/dev/core/us-cafr_concept.xsd#us-cafr_ExpensesForInterestAndFiscalCharges" xlink:label="ExpensesForInterestAndFiscalCharges" xlink:title="ExpensesForInterestAndFiscalCharges"/>
    <presentationArc xlink:type="arc" xlink:arcrole="http://www.xbrl.org/2003/arcrole/parent-child" xlink:from="ExpensesAbstract" xlink:to="ExpensesForInterestAndFiscalCharges" xlink:title="presentation: ExpensesAbstract to ExpensesForInterestAndFiscalCharges" order="9.0"/>
    <loc xlink:type="locator" xlink:href="https://raw.githubusercontent.com/xbrlus/cafr/dev/core/us-cafr_concept.xsd#us-cafr_ExpensesForEducation" xlink:label="ExpensesForEducation" xlink:title="ExpensesForEducation"/>
    <presentationArc xlink:type="arc" xlink:arcrole="http://www.xbrl.org/2003/arcrole/parent-child" xlink:from="ExpensesAbstract" xlink:to="ExpensesForEducation" xlink:title="presentation: ExpensesAbstract to ExpensesForEducation" order="6.0"/>
    <loc xlink:type="locator" xlink:href="https://raw.githubusercontent.com/xbrlus/cafr/dev/core/us-cafr_concept.xsd#us-cafr_Expenses" xlink:label="Expenses" xlink:title="Expenses"/>
    <presentationArc xlink:type="arc" xlink:arcrole="http://www.xbrl.org/2003/arcrole/parent-child" xlink:from="ExpensesAbstract" xlink:to="Expenses" xlink:title="presentation: ExpensesAbstract to Expenses" order="10.0"/>
    <loc xlink:type="locator" xlink:href="va-o-albe-20170630.xsd#va-o-albe_ExpensesForHealthAndWelfare" xlink:label="ExpensesForHealthAndWelfare" xlink:title="ExpensesForHealthAndWelfare"/>
    <presentationArc xlink:type="arc" xlink:arcrole="http://www.xbrl.org/2003/arcrole/parent-child" xlink:from="ExpensesAbstract" xlink:to="ExpensesForHealthAndWelfare" xlink:title="presentation: ExpensesAbstract to ExpensesForHealthAndWelfare" order="5.0"/>
    <loc xlink:type="locator" xlink:href="va-o-albe-20170630.xsd#va-o-albe_ExpensesForParksRecreationAndCultural" xlink:label="ExpensesForParksRecreationAndCultural" xlink:title="ExpensesForParksRecreationAndCultural"/>
    <presentationArc xlink:type="arc" xlink:arcrole="http://www.xbrl.org/2003/arcrole/parent-child" xlink:from="ExpensesAbstract" xlink:to="ExpensesForParksRecreationAndCultural" xlink:title="presentation: ExpensesAbstract to ExpensesForParksRecreationAndCultural" order="7.0"/>
    <loc xlink:type="locator" xlink:href="https://raw.githubusercontent.com/xbrlus/cafr/dev/core/us-cafr_concept.xsd#us-cafr_ProgramRevenuesAbstract" xlink:label="ProgramRevenuesAbstract" xlink:title="ProgramRevenuesAbstract"/>
    <presentationArc xlink:type="arc" xlink:arcrole="http://www.xbrl.org/2003/arcrole/parent-child" xlink:from="DisclosureOfStatementOfActivitiesTextBlock" xlink:to="ProgramRevenuesAbstract" xlink:title="presentation: DisclosureOfStatementOfActivitiesTextBlock to ProgramRevenuesAbstract" order="2.0"/>
    <loc xlink:type="locator" xlink:href="https://raw.githubusercontent.com/xbrlus/cafr/dev/core/us-cafr_concept.xsd#us-cafr_RevenueFromChargesForServicesAndSales" xlink:label="RevenueFromChargesForServicesAndSales" xlink:title="RevenueFromChargesForServicesAndSales"/>
    <presentationArc xlink:type="arc" xlink:arcrole="http://www.xbrl.org/2003/arcrole/parent-child" xlink:from="ProgramRevenuesAbstract" xlink:to="RevenueFromChargesForServicesAndSales" xlink:title="presentation: ProgramRevenuesAbstract to RevenueFromChargesForServicesAndSales" order="1.0"/>
    <loc xlink:type="locator" xlink:href="https://raw.githubusercontent.com/xbrlus/cafr/dev/core/us-cafr_concept.xsd#us-cafr_RevenueFromOperatingGrantsAndContributionsAndInterest" xlink:label="RevenueFromOperatingGrantsAndContributionsAndInterest" xlink:title="RevenueFromOperatingGrantsAndContributionsAndInterest"/>
    <presentationArc xlink:type="arc" xlink:arcrole="http://www.xbrl.org/2003/arcrole/parent-child" xlink:from="ProgramRevenuesAbstract" xlink:to="RevenueFromOperatingGrantsAndContributionsAndInterest" xlink:title="presentation: ProgramRevenuesAbstract to RevenueFromOperatingGrantsAndContributionsAndInterest" order="2.0"/>
    <loc xlink:type="locator" xlink:href="https://raw.githubusercontent.com/xbrlus/cafr/dev/core/us-cafr_concept.xsd#us-cafr_RevenueFromCapitalGrantsAndContributionsAndInterest" xlink:label="RevenueFromCapitalGrantsAndContributionsAndInterest" xlink:title="RevenueFromCapitalGrantsAndContributionsAndInterest"/>
    <presentationArc xlink:type="arc" xlink:arcrole="http://www.xbrl.org/2003/arcrole/parent-child" xlink:from="ProgramRevenuesAbstract" xlink:to="RevenueFromCapitalGrantsAndContributionsAndInterest" xlink:title="presentation: ProgramRevenuesAbstract to RevenueFromCapitalGrantsAndContributionsAndInterest" order="3.0"/>
    <loc xlink:type="locator" xlink:href="va-o-albe-20170630.xsd#va-o-albe_NetExpenseRevenue" xlink:label="NetExpenseRevenue" xlink:title="NetExpenseRevenue"/>
    <presentationArc xlink:type="arc" xlink:arcrole="http://www.xbrl.org/2003/arcrole/parent-child" xlink:from="DisclosureOfStatementOfActivitiesTextBlock" xlink:to="NetExpenseRevenue" xlink:title="presentation: DisclosureOfStatementOfActivitiesTextBlock to NetExpenseRevenue" order="3.0"/>
    <loc xlink:type="locator" xlink:href="https://raw.githubusercontent.com/xbrlus/cafr/dev/core/us-cafr_concept.xsd#us-cafr_GeneralRevenuesAbstract" xlink:label="GeneralRevenuesAbstract" xlink:title="GeneralRevenuesAbstract"/>
    <presentationArc xlink:type="arc" xlink:arcrole="http://www.xbrl.org/2003/arcrole/parent-child" xlink:from="DisclosureOfStatementOfActivitiesTextBlock" xlink:to="GeneralRevenuesAbstract" xlink:title="presentation: DisclosureOfStatementOfActivitiesTextBlock to GeneralRevenuesAbstract" order="4.0"/>
    <loc xlink:type="locator" xlink:href="https://raw.githubusercontent.com/xbrlus/cafr/dev/core/us-cafr_concept.xsd#us-cafr_RevenueFromMiscellaneousSources" xlink:label="RevenueFromMiscellaneousSources" xlink:title="RevenueFromMiscellaneousSources"/>
    <presentationArc xlink:type="arc" xlink:arcrole="http://www.xbrl.org/2003/arcrole/parent-child" xlink:from="GeneralRevenuesAbstract" xlink:to="RevenueFromMiscellaneousSources" xlink:title="presentation: GeneralRevenuesAbstract to RevenueFromMiscellaneousSources" order="11.0"/>
    <loc xlink:type="locator" xlink:href="https://raw.githubusercontent.com/xbrlus/cafr/dev/core/us-cafr_concept.xsd#us-cafr_GeneralRevenues" xlink:label="GeneralRevenues" xlink:title="GeneralRevenues"/>
    <presentationArc xlink:type="arc" xlink:arcrole="http://www.xbrl.org/2003/arcrole/parent-child" xlink:from="GeneralRevenuesAbstract" xlink:to="GeneralRevenues" xlink:title="presentation: GeneralRevenuesAbstract to GeneralRevenues" order="12.0"/>
    <loc xlink:type="locator" xlink:href="https://raw.githubusercontent.com/xbrlus/cafr/dev/core/us-cafr_concept.xsd#us-cafr_RevenueFromGrantsAndEntitlements" xlink:label="RevenueFromGrantsAndEntitlements" xlink:title="RevenueFromGrantsAndEntitlements"/>
    <presentationArc xlink:type="arc" xlink:arcrole="http://www.xbrl.org/2003/arcrole/parent-child" xlink:from="GeneralRevenuesAbstract" xlink:to="RevenueFromGrantsAndEntitlements" xlink:title="presentation: GeneralRevenuesAbstract to RevenueFromGrantsAndEntitlements" order="9.0"/>
    <loc xlink:type="locator" xlink:href="https://raw.githubusercontent.com/xbrlus/cafr/dev/core/us-cafr_concept.xsd#us-cafr_RevenueFromPropertyTaxes" xlink:label="RevenueFromPropertyTaxes" xlink:title="RevenueFromPropertyTaxes"/>
    <presentationArc xlink:type="arc" xlink:arcrole="http://www.xbrl.org/2003/arcrole/parent-child" xlink:from="GeneralRevenuesAbstract" xlink:to="RevenueFromPropertyTaxes" xlink:title="presentation: GeneralRevenuesAbstract to RevenueFromPropertyTaxes" order="1.0"/>
    <loc xlink:type="locator" xlink:href="https://raw.githubusercontent.com/xbrlus/cafr/dev/core/us-cafr_concept.xsd#us-cafr_RevenueFromSalesTax" xlink:label="RevenueFromSalesTax" xlink:title="RevenueFromSalesTax"/>
    <presentationArc xlink:type="arc" xlink:arcrole="http://www.xbrl.org/2003/arcrole/parent-child" xlink:from="GeneralRevenuesAbstract" xlink:to="RevenueFromSalesTax" xlink:title="presentation: GeneralRevenuesAbstract to RevenueFromSalesTax" order="2.0"/>
    <loc xlink:type="locator" xlink:href="va-o-albe-20170630.xsd#va-o-albe_RevenueFromBusinessLicensesTax" xlink:label="RevenueFromBusinessLicensesTax" xlink:title="RevenueFromBusinessLicensesTax"/>
    <presentationArc xlink:type="arc" xlink:arcrole="http://www.xbrl.org/2003/arcrole/parent-child" xlink:from="GeneralRevenuesAbstract" xlink:to="RevenueFromBusinessLicensesTax" xlink:title="presentation: GeneralRevenuesAbstract to RevenueFromBusinessLicensesTax" order="3.0"/>
    <loc xlink:type="locator" xlink:href="va-o-albe-20170630.xsd#va-o-albe_RevenueFromConsumerUtilityTaxes" xlink:label="RevenueFromConsumerUtilityTaxes" xlink:title="RevenueFromConsumerUtilityTaxes"/>
    <presentationArc xlink:type="arc" xlink:arcrole="http://www.xbrl.org/2003/arcrole/parent-child" xlink:from="GeneralRevenuesAbstract" xlink:to="RevenueFromConsumerUtilityTaxes" xlink:title="presentation: GeneralRevenuesAbstract to RevenueFromConsumerUtilityTaxes" order="4.0"/>
    <loc xlink:type="locator" xlink:href="va-o-albe-20170630.xsd#va-o-albe_RevenueFromMealsTax" xlink:label="RevenueFromMealsTax" xlink:title="RevenueFromMealsTax"/>
    <presentationArc xlink:type="arc" xlink:arcrole="http://www.xbrl.org/2003/arcrole/parent-child" xlink:from="GeneralRevenuesAbstract" xlink:to="RevenueFromMealsTax" xlink:title="presentation: GeneralRevenuesAbstract to RevenueFromMealsTax" order="5.0"/>
    <loc xlink:type="locator" xlink:href="va-o-albe-20170630.xsd#va-o-albe_RevenueFromMotorVehicleLicensesTax" xlink:label="RevenueFromMotorVehicleLicensesTax" xlink:title="RevenueFromMotorVehicleLicensesTax"/>
    <presentationArc xlink:type="arc" xlink:arcrole="http://www.xbrl.org/2003/arcrole/parent-child" xlink:from="GeneralRevenuesAbstract" xlink:to="RevenueFromMotorVehicleLicensesTax" xlink:title="presentation: GeneralRevenuesAbstract to RevenueFromMotorVehicleLicensesTax" order="6.0"/>
    <loc xlink:type="locator" xlink:href="va-o-albe-20170630.xsd#va-o-albe_RevenueFromOtherTaxes" xlink:label="RevenueFromOtherTaxes" xlink:title="RevenueFromOtherTaxes"/>
    <presentationArc xlink:type="arc" xlink:arcrole="http://www.xbrl.org/2003/arcrole/parent-child" xlink:from="GeneralRevenuesAbstract" xlink:to="RevenueFromOtherTaxes" xlink:title="presentation: GeneralRevenuesAbstract to RevenueFromOtherTaxes" order="7.0"/>
    <loc xlink:type="locator" xlink:href="va-o-albe-20170630.xsd#va-o-albe_RevenueFromEducation" xlink:label="RevenueFromEducation" xlink:title="RevenueFromEducation"/>
    <presentationArc xlink:type="arc" xlink:arcrole="http://www.xbrl.org/2003/arcrole/parent-child" xlink:from="GeneralRevenuesAbstract" xlink:to="RevenueFromEducation" xlink:title="presentation: GeneralRevenuesAbstract to RevenueFromEducation" order="8.0"/>
    <loc xlink:type="locator" xlink:href="va-o-albe-20170630.xsd#va-o-albe_RevenueFromUseOfMoneyAndProperty" xlink:label="RevenueFromUseOfMoneyAndProperty" xlink:title="RevenueFromUseOfMoneyAndProperty"/>
    <presentationArc xlink:type="arc" xlink:arcrole="http://www.xbrl.org/2003/arcrole/parent-child" xlink:from="GeneralRevenuesAbstract" xlink:to="RevenueFromUseOfMoneyAndProperty" xlink:title="presentation: GeneralRevenuesAbstract to RevenueFromUseOfMoneyAndProperty" order="10.0"/>
    <loc xlink:type="locator" xlink:href="https://raw.githubusercontent.com/xbrlus/cafr/dev/core/us-cafr_concept.xsd#us-cafr_ChangesInNetPosition" xlink:label="ChangesInNetPosition" xlink:title="ChangesInNetPosition"/>
    <presentationArc xlink:type="arc" xlink:arcrole="http://www.xbrl.org/2003/arcrole/parent-child" xlink:from="DisclosureOfStatementOfActivitiesTextBlock" xlink:to="ChangesInNetPosition" xlink:title="presentation: DisclosureOfStatementOfActivitiesTextBlock to ChangesInNetPosition" order="5.0"/>
    <loc xlink:type="locator" xlink:href="https://raw.githubusercontent.com/xbrlus/cafr/dev/core/us-cafr_concept.xsd#us-cafr_NetPosition" xlink:label="NetPosition" xlink:title="NetPosition"/>
    <presentationArc xlink:type="arc" xlink:arcrole="http://www.xbrl.org/2003/arcrole/parent-child" xlink:from="DisclosureOfStatementOfActivitiesTextBlock" xlink:to="NetPosition" xlink:title="presentation: DisclosureOfStatementOfActivitiesTextBlock to NetPosition" order="6.0"/>
  </presentationLink>
  <presentationLink xlink:type="extended" xlink:role="http://www.albemarle.org/role/BalanceSheetGovernmentalFunds">
    <loc xlink:type="locator" xlink:href="https://raw.githubusercontent.com/xbrlus/cafr/dev/core/us-cafr_concept.xsd#us-cafr_AssetsAndDeferredOutflowsOfResourcesAbstract" xlink:label="AssetsAndDeferredOutflowsOfResourcesAbstract" xlink:title="AssetsAndDeferredOutflowsOfResourcesAbstract"/>
    <loc xlink:type="locator" xlink:href="https://raw.githubusercontent.com/xbrlus/cafr/dev/core/us-cafr_concept.xsd#us-cafr_Assets" xlink:label="Assets" xlink:title="Assets"/>
    <presentationArc xlink:type="arc" xlink:arcrole="http://www.xbrl.org/2003/arcrole/parent-child" xlink:from="AssetsAndDeferredOutflowsOfResourcesAbstract" xlink:to="Assets" xlink:title="presentation: AssetsAndDeferredOutflowsOfResourcesAbstract to Assets" order="8.0"/>
    <loc xlink:type="locator" xlink:href="https://raw.githubusercontent.com/xbrlus/cafr/dev/core/us-cafr_concept.xsd#us-cafr_CashAndCashEquivalents" xlink:label="CashAndCashEquivalents" xlink:title="CashAndCashEquivalents"/>
    <presentationArc xlink:type="arc" xlink:arcrole="http://www.xbrl.org/2003/arcrole/parent-child" xlink:from="AssetsAndDeferredOutflowsOfResourcesAbstract" xlink:to="CashAndCashEquivalents" xlink:title="presentation: AssetsAndDeferredOutflowsOfResourcesAbstract to CashAndCashEquivalents" order="1.0"/>
    <loc xlink:type="locator" xlink:href="https://raw.githubusercontent.com/xbrlus/cafr/dev/core/us-cafr_concept.xsd#us-cafr_CurrentInvestments" xlink:label="CurrentInvestments" xlink:title="CurrentInvestments"/>
    <presentationArc xlink:type="arc" xlink:arcrole="http://www.xbrl.org/2003/arcrole/parent-child" xlink:from="AssetsAndDeferredOutflowsOfResourcesAbstract" xlink:to="CurrentInvestments" xlink:title="presentation: AssetsAndDeferredOutflowsOfResourcesAbstract to CurrentInvestments" order="2.0"/>
    <loc xlink:type="locator" xlink:href="https://raw.githubusercontent.com/xbrlus/cafr/dev/core/us-cafr_concept.xsd#us-cafr_Receivables" xlink:label="Receivables" xlink:title="Receivables"/>
    <presentationArc xlink:type="arc" xlink:arcrole="http://www.xbrl.org/2003/arcrole/parent-child" xlink:from="AssetsAndDeferredOutflowsOfResourcesAbstract" xlink:to="Receivables" xlink:title="presentation: AssetsAndDeferredOutflowsOfResourcesAbstract to Receivables" order="4.0"/>
    <loc xlink:type="locator" xlink:href="https://raw.githubusercontent.com/xbrlus/cafr/dev/core/us-cafr_concept.xsd#us-cafr_DueFromOtherGovernmentEntities" xlink:label="DueFromOtherGovernmentEntities" xlink:title="DueFromOtherGovernmentEntities"/>
    <presentationArc xlink:type="arc" xlink:arcrole="http://www.xbrl.org/2003/arcrole/parent-child" xlink:from="AssetsAndDeferredOutflowsOfResourcesAbstract" xlink:to="DueFromOtherGovernmentEntities" xlink:title="presentation: AssetsAndDeferredOutflowsOfResourcesAbstract to DueFromOtherGovernmentEntities" order="5.0"/>
    <loc xlink:type="locator" xlink:href="https://raw.githubusercontent.com/xbrlus/cafr/dev/core/us-cafr_concept.xsd#us-cafr_PrepaidAssets" xlink:label="PrepaidAssets" xlink:title="PrepaidAssets"/>
    <presentationArc xlink:type="arc" xlink:arcrole="http://www.xbrl.org/2003/arcrole/parent-child" xlink:from="AssetsAndDeferredOutflowsOfResourcesAbstract" xlink:to="PrepaidAssets" xlink:title="presentation: AssetsAndDeferredOutflowsOfResourcesAbstract to PrepaidAssets" order="6.0"/>
    <loc xlink:type="locator" xlink:href="https://raw.githubusercontent.com/xbrlus/cafr/dev/core/us-cafr_concept.xsd#us-cafr_CurrentInventories" xlink:label="CurrentInventories" xlink:title="CurrentInventories"/>
    <presentationArc xlink:type="arc" xlink:arcrole="http://www.xbrl.org/2003/arcrole/parent-child" xlink:from="AssetsAndDeferredOutflowsOfResourcesAbstract" xlink:to="CurrentInventories" xlink:title="presentation: AssetsAndDeferredOutflowsOfResourcesAbstract to CurrentInventories" order="7.0"/>
    <loc xlink:type="locator" xlink:href="https://raw.githubusercontent.com/xbrlus/cafr/dev/core/us-cafr_concept.xsd#us-cafr_GovernmentalFundsBalanceSheetAbstract" xlink:label="GovernmentalFundsBalanceSheetAbstract" xlink:title="GovernmentalFundsBalanceSheetAbstract"/>
    <loc xlink:type="locator" xlink:href="https://raw.githubusercontent.com/xbrlus/cafr/dev/core/us-cafr_concept.xsd#us-cafr_DisclosureOfBalanceSheetForGovernmentalFundsTextBlock" xlink:label="DisclosureOfBalanceSheetForGovernmentalFundsTextBlock" xlink:title="DisclosureOfBalanceSheetForGovernmentalFundsTextBlock"/>
    <presentationArc xlink:type="arc" xlink:arcrole="http://www.xbrl.org/2003/arcrole/parent-child" xlink:from="GovernmentalFundsBalanceSheetAbstract" xlink:to="DisclosureOfBalanceSheetForGovernmentalFundsTextBlock" xlink:title="presentation: GovernmentalFundsBalanceSheetAbstract to DisclosureOfBalanceSheetForGovernmentalFundsTextBlock" order="1.0"/>
    <presentationArc xlink:type="arc" xlink:arcrole="http://www.xbrl.org/2003/arcrole/parent-child" xlink:from="DisclosureOfBalanceSheetForGovernmentalFundsTextBlock" xlink:to="AssetsAndDeferredOutflowsOfResourcesAbstract" xlink:title="presentation: DisclosureOfBalanceSheetForGovernmentalFundsTextBlock to AssetsAndDeferredOutflowsOfResourcesAbstract" order="2.0"/>
    <loc xlink:type="locator" xlink:href="https://raw.githubusercontent.com/xbrlus/cafr/dev/core/us-cafr_concept.xsd#us-cafr_NameOfFund" xlink:label="NameOfFund" xlink:title="NameOfFund"/>
    <presentationArc xlink:type="arc" xlink:arcrole="http://www.xbrl.org/2003/arcrole/parent-child" xlink:from="DisclosureOfBalanceSheetForGovernmentalFundsTextBlock" xlink:to="NameOfFund" xlink:title="presentation: DisclosureOfBalanceSheetForGovernmentalFundsTextBlock to NameOfFund" order="1.0"/>
    <loc xlink:type="locator" xlink:href="https://raw.githubusercontent.com/xbrlus/cafr/dev/core/us-cafr_concept.xsd#us-cafr_LiabilitiesAndDeferredInflowsOfResourcesAndFundBalancesAbstract" xlink:label="LiabilitiesAndDeferredInflowsOfResourcesAndFundBalancesAbstract" xlink:title="LiabilitiesAndDeferredInflowsOfResourcesAndFundBalancesAbstract"/>
    <presentationArc xlink:type="arc" xlink:arcrole="http://www.xbrl.org/2003/arcrole/parent-child" xlink:from="DisclosureOfBalanceSheetForGovernmentalFundsTextBlock" xlink:to="LiabilitiesAndDeferredInflowsOfResourcesAndFundBalancesAbstract" xlink:title="presentation: DisclosureOfBalanceSheetForGovernmentalFundsTextBlock to LiabilitiesAndDeferredInflowsOfResourcesAndFundBalancesAbstract" order="3.0"/>
    <loc xlink:type="locator" xlink:href="https://raw.githubusercontent.com/xbrlus/cafr/dev/core/us-cafr_concept.xsd#us-cafr_DeferredInflowsOfResources" xlink:label="DeferredInflowsOfResources" xlink:title="DeferredInflowsOfResources"/>
    <presentationArc xlink:type="arc" xlink:arcrole="http://www.xbrl.org/2003/arcrole/parent-child" xlink:from="LiabilitiesAndDeferredInflowsOfResourcesAndFundBalancesAbstract" xlink:to="DeferredInflowsOfResources" xlink:title="presentation: LiabilitiesAndDeferredInflowsOfResourcesAndFundBalancesAbstract to DeferredInflowsOfResources" order="4.0"/>
    <loc xlink:type="locator" xlink:href="https://raw.githubusercontent.com/xbrlus/cafr/dev/core/us-cafr_concept.xsd#us-cafr_FundBalances" xlink:label="FundBalances" xlink:title="FundBalances"/>
    <presentationArc xlink:type="arc" xlink:arcrole="http://www.xbrl.org/2003/arcrole/parent-child" xlink:from="LiabilitiesAndDeferredInflowsOfResourcesAndFundBalancesAbstract" xlink:to="FundBalances" xlink:title="presentation: LiabilitiesAndDeferredInflowsOfResourcesAndFundBalancesAbstract to FundBalances" order="5.0"/>
    <loc xlink:type="locator" xlink:href="va-o-albe-20170630.xsd#va-o-albe_AccountsPayableAndAccruedLiabilities" xlink:label="AccountsPayableAndAccruedLiabilities" xlink:title="AccountsPayableAndAccruedLiabilities"/>
    <presentationArc xlink:type="arc" xlink:arcrole="http://www.xbrl.org/2003/arcrole/parent-child" xlink:from="LiabilitiesAndDeferredInflowsOfResourcesAndFundBalancesAbstract" xlink:to="AccountsPayableAndAccruedLiabilities" xlink:title="presentation: LiabilitiesAndDeferredInflowsOfResourcesAndFundBalancesAbstract to AccountsPayableAndAccruedLiabilities" order="1.0"/>
    <loc xlink:type="locator" xlink:href="va-o-albe-20170630.xsd#va-o-albe_AmountsHeldForOthers" xlink:label="AmountsHeldForOthers" xlink:title="AmountsHeldForOthers"/>
    <presentationArc xlink:type="arc" xlink:arcrole="http://www.xbrl.org/2003/arcrole/parent-child" xlink:from="LiabilitiesAndDeferredInflowsOfResourcesAndFundBalancesAbstract" xlink:to="AmountsHeldForOthers" xlink:title="presentation: LiabilitiesAndDeferredInflowsOfResourcesAndFundBalancesAbstract to AmountsHeldForOthers" order="2.0"/>
    <loc xlink:type="locator" xlink:href="https://raw.githubusercontent.com/xbrlus/cafr/dev/core/us-cafr_concept.xsd#us-cafr_Liabilities" xlink:label="Liabilities" xlink:title="Liabilities"/>
    <presentationArc xlink:type="arc" xlink:arcrole="http://www.xbrl.org/2003/arcrole/parent-child" xlink:from="LiabilitiesAndDeferredInflowsOfResourcesAndFundBalancesAbstract" xlink:to="Liabilities" xlink:title="presentation: LiabilitiesAndDeferredInflowsOfResourcesAndFundBalancesAbstract to Liabilities" order="3.0"/>
    <loc xlink:type="locator" xlink:href="https://raw.githubusercontent.com/xbrlus/cafr/dev/core/us-cafr_concept.xsd#us-cafr_LiabilitiesAndDeferredInflowsOfResourcesAndNetPosition" xlink:label="LiabilitiesAndDeferredInflowsOfResourcesAndNetPosition" xlink:title="LiabilitiesAndDeferredInflowsOfResourcesAndNetPosition"/>
    <presentationArc xlink:type="arc" xlink:arcrole="http://www.xbrl.org/2003/arcrole/parent-child" xlink:from="LiabilitiesAndDeferredInflowsOfResourcesAndFundBalancesAbstract" xlink:to="LiabilitiesAndDeferredInflowsOfResourcesAndNetPosition" xlink:title="presentation: LiabilitiesAndDeferredInflowsOfResourcesAndFundBalancesAbstract to LiabilitiesAndDeferredInflowsOfResourcesAndNetPosition" order="6.0"/>
  </presentationLink>
</linkbase>
