<?xml version="1.0" encoding="UTF-8"?>

<!--XBRL Document Created with Wdesk from Workiva-->
<!--Copyright 2017 Workiva-->
<!--r:b675d6f7-fa38-4a66-b829-9ba550f47a09,g:7dc063ba-eefd-4ef1-b4d4-ef71794a0ae6-->
<link:linkbase xmlns:link="http://www.xbrl.org/2003/linkbase" xmlns:xlink="http://www.w3.org/1999/xlink" xmlns:xsi="http://www.w3.org/2001/XMLSchema-instance" xsi:schemaLocation="http://www.xbrl.org/2003/linkbase http://www.xbrl.org/2003/xbrl-linkbase-2003-12-31.xsd">
  <link:roleRef roleURI="http://www.utah.gov/role/Coverdetails" xlink:type="simple" xlink:href="ut-20190124.xsd#Coverdetails"/>
  <link:calculationLink xlink:role="http://www.utah.gov/role/Coverdetails" xlink:type="extended"/>
  <link:roleRef roleURI="http://www.utah.gov/role/CAFRletteroftransmittaldetails" xlink:type="simple" xlink:href="ut-20190124.xsd#CAFRletteroftransmittaldetails"/>
  <link:calculationLink xlink:role="http://www.utah.gov/role/CAFRletteroftransmittaldetails" xlink:type="extended"/>
  <link:roleRef roleURI="http://www.utah.gov/role/CAFRauditletterdetails" xlink:type="simple" xlink:href="ut-20190124.xsd#CAFRauditletterdetails"/>
  <link:calculationLink xlink:role="http://www.utah.gov/role/CAFRauditletterdetails" xlink:type="extended"/>
  <link:roleRef roleURI="http://www.utah.gov/role/CAFRstatementofnetpositiongovernmentwideassetsanddeferredoutflowsdetails" xlink:type="simple" xlink:href="ut-20190124.xsd#CAFRstatementofnetpositiongovernmentwideassetsanddeferredoutflowsdetails"/>
  <link:calculationLink xlink:role="http://www.utah.gov/role/CAFRstatementofnetpositiongovernmentwideassetsanddeferredoutflowsdetails" xlink:type="extended"/>
  <link:roleRef roleURI="http://www.utah.gov/role/CAFRstatementofnetpositiongovernmentwideliabilitiesanddeferredinflowsdetails" xlink:type="simple" xlink:href="ut-20190124.xsd#CAFRstatementofnetpositiongovernmentwideliabilitiesanddeferredinflowsdetails"/>
  <link:calculationLink xlink:role="http://www.utah.gov/role/CAFRstatementofnetpositiongovernmentwideliabilitiesanddeferredinflowsdetails" xlink:type="extended"/>
  <link:roleRef roleURI="http://www.utah.gov/role/CAFRstatementofnetpositiongovernmentwidenetpositiondetails" xlink:type="simple" xlink:href="ut-20190124.xsd#CAFRstatementofnetpositiongovernmentwidenetpositiondetails"/>
  <link:calculationLink xlink:role="http://www.utah.gov/role/CAFRstatementofnetpositiongovernmentwidenetpositiondetails" xlink:type="extended"/>
  <link:roleRef roleURI="http://www.utah.gov/role/CAFRstatementofactivitiesgovernmentwidegeneralrevenuesdetails" xlink:type="simple" xlink:href="ut-20190124.xsd#CAFRstatementofactivitiesgovernmentwidegeneralrevenuesdetails"/>
  <link:calculationLink xlink:role="http://www.utah.gov/role/CAFRstatementofactivitiesgovernmentwidegeneralrevenuesdetails" xlink:type="extended"/>
  <link:roleRef roleURI="http://www.utah.gov/role/CAFRstatementofactivitiesgovernmentwideprogramrevenuesandexpensesdetails" xlink:type="simple" xlink:href="ut-20190124.xsd#CAFRstatementofactivitiesgovernmentwideprogramrevenuesandexpensesdetails"/>
  <link:calculationLink xlink:role="http://www.utah.gov/role/CAFRstatementofactivitiesgovernmentwideprogramrevenuesandexpensesdetails" xlink:type="extended"/>
  <link:roleRef roleURI="http://www.utah.gov/role/CAFRbalancesheetgovernmentalfundsdetails" xlink:type="simple" xlink:href="ut-20190124.xsd#CAFRbalancesheetgovernmentalfundsdetails"/>
  <link:calculationLink xlink:role="http://www.utah.gov/role/CAFRbalancesheetgovernmentalfundsdetails" xlink:type="extended"/>
  <link:roleRef roleURI="http://www.utah.gov/role/CAFRstatementofrevenuesexpendituresandchangesinfundbalancegovernmentalfundsdetails" xlink:type="simple" xlink:href="ut-20190124.xsd#CAFRstatementofrevenuesexpendituresandchangesinfundbalancegovernmentalfundsdetails"/>
  <link:calculationLink xlink:role="http://www.utah.gov/role/CAFRstatementofrevenuesexpendituresandchangesinfundbalancegovernmentalfundsdetails" xlink:type="extended"/>
</link:linkbase>
