<?xml version="1.0" encoding="UTF-8"?>
<!-- Generated by Fujitsu Interstage XWand B0244 -->
<!--XBRL Document Created with Wdesk from Workiva-->
<!--Copyright 2017 Workiva-->
<!--r:b675d6f7-fa38-4a66-b829-9ba550f47a09,g:b168ebf0-4cf4-4bf4-adc8-f88b4b4996a9-->
<link:linkbase xmlns:xsi="http://www.w3.org/2001/XMLSchema-instance" xsi:schemaLocation="http://www.xbrl.org/2003/linkbase http://www.xbrl.org/2003/xbrl-linkbase-2003-12-31.xsd" xmlns:link="http://www.xbrl.org/2003/linkbase" xmlns:xlink="http://www.w3.org/1999/xlink" xmlns:xbrldt="http://xbrl.org/2005/xbrldt">
  <link:roleRef roleURI="http://www.utah.gov/role/Coverdetails" xlink:type="simple" xlink:href="ut-20190117.xsd#Coverdetails"/>
  <link:roleRef roleURI="http://www.utah.gov/role/CAFRletteroftransmittaldetails" xlink:type="simple" xlink:href="ut-20190117.xsd#CAFRletteroftransmittaldetails"/>
  <link:roleRef roleURI="http://www.utah.gov/role/CAFRauditletterdetails" xlink:type="simple" xlink:href="ut-20190117.xsd#CAFRauditletterdetails"/>
  <link:roleRef roleURI="http://www.utah.gov/role/CAFRstatementofnetpositiongovernmentwideassetsanddeferredoutflowsdetails" xlink:type="simple" xlink:href="ut-20190117.xsd#CAFRstatementofnetpositiongovernmentwideassetsanddeferredoutflowsdetails"/>
  <link:roleRef roleURI="http://www.utah.gov/role/CAFRstatementofnetpositiongovernmentwideliabilitiesanddeferredinflowsdetails" xlink:type="simple" xlink:href="ut-20190117.xsd#CAFRstatementofnetpositiongovernmentwideliabilitiesanddeferredinflowsdetails"/>
  <link:roleRef roleURI="http://www.utah.gov/role/CAFRstatementofnetpositiongovernmentwidenetpositiondetails" xlink:type="simple" xlink:href="ut-20190117.xsd#CAFRstatementofnetpositiongovernmentwidenetpositiondetails"/>
  <link:roleRef roleURI="http://www.utah.gov/role/CAFRstatementofactivitiesgovernmentwidegeneralrevenuesdetails" xlink:type="simple" xlink:href="ut-20190117.xsd#CAFRstatementofactivitiesgovernmentwidegeneralrevenuesdetails"/>
  <link:roleRef roleURI="http://www.utah.gov/role/CAFRstatementofactivitiesgovernmentwideprogramrevenuesandexpensesdetails" xlink:type="simple" xlink:href="ut-20190117.xsd#CAFRstatementofactivitiesgovernmentwideprogramrevenuesandexpensesdetails"/>
  <link:roleRef roleURI="http://www.utah.gov/role/CAFRbalancesheetgovernmentalfundsdetails" xlink:type="simple" xlink:href="ut-20190117.xsd#CAFRbalancesheetgovernmentalfundsdetails"/>
  <link:roleRef roleURI="http://www.utah.gov/role/CAFRstatementofrevenuesexpendituresandchangesinfundbalancegovernmentalfundsdetails" xlink:type="simple" xlink:href="ut-20190117.xsd#CAFRstatementofrevenuesexpendituresandchangesinfundbalancegovernmentalfundsdetails"/>
  <link:roleRef roleURI="http://xbrl.us/slg/cafr/balanceSheetGovernmentalFunds" xlink:type="simple" xlink:href="https://raw.githubusercontent.com/xbrlus/cafr/master/cafr_2019-01-16.xsd#roleType_balanceSheetGovernmentalFunds"/>
  <link:roleRef roleURI="http://xbrl.us/slg/cafr/statementOfActivitiesGovernmentWideGeneralRevenues" xlink:type="simple" xlink:href="https://raw.githubusercontent.com/xbrlus/cafr/master/cafr_2019-01-16.xsd#roleType_statementOfActivitiesGovernmentWideGeneralRevenues"/>
  <link:roleRef roleURI="http://xbrl.us/slg/cafr/statementOfActivitiesGovernmentWideProgramRevenuesAndExpenses" xlink:type="simple" xlink:href="https://raw.githubusercontent.com/xbrlus/cafr/master/cafr_2019-01-16.xsd#roleType_statementOfActivitiesGovernmentWideProgramRevenuesAndExpenses"/>
  <link:roleRef roleURI="http://xbrl.us/slg/cafr/statementOfNetPositionGovernmentWideAssetsAndDeferredOutOutflows" xlink:type="simple" xlink:href="https://raw.githubusercontent.com/xbrlus/cafr/master/cafr_2019-01-16.xsd#roleType_statementOfNetPositionGovernmentWideAssetsAndDeferredOutOutflows"/>
  <link:roleRef roleURI="http://xbrl.us/slg/cafr/statementOfNetPositionGovernmentWideLiabilitiesAndDeferredInflows" xlink:type="simple" xlink:href="https://raw.githubusercontent.com/xbrlus/cafr/master/cafr_2019-01-16.xsd#roleType_statementOfNetPositionGovernmentWideLiabilitiesAndDeferredInflows"/>
  <link:roleRef roleURI="http://xbrl.us/slg/cafr/statementOfNetPositionGovernmentWideNetPosition" xlink:type="simple" xlink:href="https://raw.githubusercontent.com/xbrlus/cafr/master/cafr_2019-01-16.xsd#roleType_statementOfNetPositionGovernmentWideNetPosition"/>
  <link:roleRef roleURI="http://xbrl.us/slg/cafr/statementOfRevenuesExpendituresAndChangesInFundBalanceGovernmentalFunds" xlink:type="simple" xlink:href="https://raw.githubusercontent.com/xbrlus/cafr/master/cafr_2019-01-16.xsd#roleType_statementOfRevenuesExpendituresAndChangesInFundBalanceGovernmentalFunds"/>
  <link:arcroleRef arcroleURI="http://xbrl.org/int/dim/arcrole/all" xlink:type="simple" xlink:href="http://www.xbrl.org/2005/xbrldt-2005.xsd#all"/>
  <link:arcroleRef arcroleURI="http://xbrl.org/int/dim/arcrole/hypercube-dimension" xlink:type="simple" xlink:href="http://www.xbrl.org/2005/xbrldt-2005.xsd#hypercube-dimension"/>
  <link:arcroleRef arcroleURI="http://xbrl.org/int/dim/arcrole/dimension-default" xlink:type="simple" xlink:href="http://www.xbrl.org/2005/xbrldt-2005.xsd#dimension-default"/>
  <link:arcroleRef arcroleURI="http://xbrl.org/int/dim/arcrole/dimension-domain" xlink:type="simple" xlink:href="http://www.xbrl.org/2005/xbrldt-2005.xsd#dimension-domain"/>
  <link:arcroleRef arcroleURI="http://xbrl.org/int/dim/arcrole/domain-member" xlink:type="simple" xlink:href="http://www.xbrl.org/2005/xbrldt-2005.xsd#domain-member"/>
  <link:definitionLink xlink:type="extended" xlink:role="http://www.utah.gov/role/Coverdetails" id="i981219a307304c50ad265f6386327d95_ebbbe0ec-ced5-4271-8cda-e37b611d6d58"/>
  <link:definitionLink xlink:type="extended" xlink:role="http://www.utah.gov/role/CAFRletteroftransmittaldetails" id="ib3cf020236784c8187e614734c660353_ca7bf55a-1814-4776-bb94-b27e569b40bb"/>
  <link:definitionLink xlink:type="extended" xlink:role="http://www.utah.gov/role/CAFRauditletterdetails" id="i14a5b573fe4e4918bcd9f0a6336a3fec_a6edc9ea-be85-4930-af35-a1d59c974ad9"/>
  <link:definitionLink xlink:type="extended" xlink:role="http://www.utah.gov/role/CAFRstatementofnetpositiongovernmentwideassetsanddeferredoutflowsdetails" id="i712b07273ac04d0a876e2f4a5c61fcba_45e7a0cb-2699-45e0-bd2c-95099bbb6df3"/>
  <link:definitionLink xlink:type="extended" xlink:role="http://www.utah.gov/role/CAFRstatementofnetpositiongovernmentwideliabilitiesanddeferredinflowsdetails" id="i2fc181a8ce8b4be692761dd9dcd1770e_022c52ae-b949-4341-8daf-1ef3743ba23a"/>
  <link:definitionLink xlink:type="extended" xlink:role="http://www.utah.gov/role/CAFRstatementofnetpositiongovernmentwidenetpositiondetails" id="if5b84bca75ee4aa6a65b1b1ec5dc4cc1_4ba2861d-a905-4934-85eb-4c4c04d4b994"/>
  <link:definitionLink xlink:type="extended" xlink:role="http://www.utah.gov/role/CAFRstatementofactivitiesgovernmentwidegeneralrevenuesdetails" id="i4b31115ddac54cfa8e5575db98040e9d_06a6b89a-1a1e-4b65-8d23-cf61422d788e"/>
  <link:definitionLink xlink:type="extended" xlink:role="http://www.utah.gov/role/CAFRstatementofactivitiesgovernmentwideprogramrevenuesandexpensesdetails" id="idb92bc76ada7480fb20f0b087fcd5968_3a7c1a2d-1775-4c9b-aeb8-53ab05df69d5"/>
  <link:definitionLink xlink:type="extended" xlink:role="http://www.utah.gov/role/CAFRbalancesheetgovernmentalfundsdetails" id="i35d1769d9a93439daf9defc910955fef_f2135bcf-0f06-44d6-9d8e-c35ab453bb9d"/>
  <link:definitionLink xlink:type="extended" xlink:role="http://www.utah.gov/role/CAFRstatementofrevenuesexpendituresandchangesinfundbalancegovernmentalfundsdetails" id="icc80318951c041f5b46f7467c6c583eb_b65147e7-a343-4d3f-b05a-de219708ceae"/>
  <link:definitionLink xlink:type="extended" xlink:role="http://xbrl.us/slg/cafr/statementOfNetPositionGovernmentWideAssetsAndDeferredOutOutflows">
    <link:loc xlink:type="locator" xlink:href="https://raw.githubusercontent.com/xbrlus/cafr/master/cafr_2019-01-16.xsd#cafr_StatementOfNetPositionTable" xlink:label="StatementOfNetPositionTable" xlink:title="StatementOfNetPositionTable"/>
    <link:loc xlink:type="locator" xlink:href="https://raw.githubusercontent.com/xbrlus/cafr/master/cafr_2019-01-16.xsd#cafr_NameOfProgramOrFunctionAxis" xlink:label="NameOfProgramOrFunctionAxis"/>
    <link:definitionArc xlink:type="arc" xlink:arcrole="http://xbrl.org/int/dim/arcrole/hypercube-dimension" xlink:from="StatementOfNetPositionTable" xlink:to="NameOfProgramOrFunctionAxis" xlink:title="definition: StatementOfNetPositionTable to NameOfProgramOrFunctionAxis" order="11.0"/>
    <link:loc xlink:type="locator" xlink:href="https://raw.githubusercontent.com/xbrlus/cafr/master/cafr_2019-01-16.xsd#cafr_NameOfProgramOrFunctionDomain" xlink:label="NameOfProgramOrFunctionDomain"/>
    <link:definitionArc xlink:type="arc" xlink:arcrole="http://xbrl.org/int/dim/arcrole/dimension-domain" xlink:from="NameOfProgramOrFunctionAxis" xlink:to="NameOfProgramOrFunctionDomain" xlink:title="definition: NameOfProgramOrFunctionAxis to NameOfProgramOrFunctionDomain" order="1.0"/>
    <link:loc xlink:type="locator" xlink:href="ut-20190117.xsd#ut_PledgedLoansMember" xlink:label="PledgedLoansMember"/>
    <link:definitionArc xlink:type="arc" xlink:arcrole="http://xbrl.org/int/dim/arcrole/domain-member" xlink:from="NameOfProgramOrFunctionDomain" xlink:to="PledgedLoansMember" xlink:title="definition: NameOfProgramOrFunctionDomain to PledgedLoansMember" order="1.0"/>
    <link:loc xlink:type="locator" xlink:href="ut-20190117.xsd#ut_NotesLoansMortgagesPledgesMember" xlink:label="NotesLoansMortgagesPledgesMember"/>
    <link:definitionArc xlink:type="arc" xlink:arcrole="http://xbrl.org/int/dim/arcrole/domain-member" xlink:from="NameOfProgramOrFunctionDomain" xlink:to="NotesLoansMortgagesPledgesMember" xlink:title="definition: NameOfProgramOrFunctionDomain to NotesLoansMortgagesPledgesMember" order="2.0"/>
    <link:loc xlink:type="locator" xlink:href="ut-20190117.xsd#ut_CapitalLeasePaymentsMember" xlink:label="CapitalLeasePaymentsMember"/>
    <link:definitionArc xlink:type="arc" xlink:arcrole="http://xbrl.org/int/dim/arcrole/domain-member" xlink:from="NameOfProgramOrFunctionDomain" xlink:to="CapitalLeasePaymentsMember" xlink:title="definition: NameOfProgramOrFunctionDomain to CapitalLeasePaymentsMember" order="3.0"/>
    <link:loc xlink:type="locator" xlink:href="ut-20190117.xsd#ut_TaxMember" xlink:label="TaxMember"/>
    <link:definitionArc xlink:type="arc" xlink:arcrole="http://xbrl.org/int/dim/arcrole/domain-member" xlink:from="NameOfProgramOrFunctionDomain" xlink:to="TaxMember" xlink:title="definition: NameOfProgramOrFunctionDomain to TaxMember" order="4.0"/>
    <link:loc xlink:type="locator" xlink:href="https://raw.githubusercontent.com/xbrlus/cafr/master/cafr_2019-01-16.xsd#cafr_AssetsAbstract" xlink:label="AssetsAbstract" xlink:title="AssetsAbstract"/>
    <link:loc xlink:type="locator" xlink:href="ut-20190117.xsd#ut_LandAndOtherDepreciableAssets" xlink:label="LandAndOtherDepreciableAssets"/>
    <link:definitionArc xlink:type="arc" xlink:arcrole="http://xbrl.org/int/dim/arcrole/domain-member" xlink:from="AssetsAbstract" xlink:to="LandAndOtherDepreciableAssets" xlink:title="definition: AssetsAbstract to LandAndOtherDepreciableAssets" order="14.0"/>
    <link:loc xlink:type="locator" xlink:href="ut-20190117.xsd#ut_Infrastructure" xlink:label="Infrastructure"/>
    <link:definitionArc xlink:type="arc" xlink:arcrole="http://xbrl.org/int/dim/arcrole/domain-member" xlink:from="AssetsAbstract" xlink:to="Infrastructure" xlink:title="definition: AssetsAbstract to Infrastructure" order="15.0"/>
    <link:loc xlink:type="locator" xlink:href="ut-20190117.xsd#ut_ConstructionInProgress" xlink:label="ConstructionInProgress"/>
    <link:definitionArc xlink:type="arc" xlink:arcrole="http://xbrl.org/int/dim/arcrole/domain-member" xlink:from="AssetsAbstract" xlink:to="ConstructionInProgress" xlink:title="definition: AssetsAbstract to ConstructionInProgress" order="16.0"/>
    <link:loc xlink:type="locator" xlink:href="ut-20190117.xsd#ut_BuildingsEquipmentAndOtherDepreciableAssets" xlink:label="BuildingsEquipmentAndOtherDepreciableAssets"/>
    <link:definitionArc xlink:type="arc" xlink:arcrole="http://xbrl.org/int/dim/arcrole/domain-member" xlink:from="AssetsAbstract" xlink:to="BuildingsEquipmentAndOtherDepreciableAssets" xlink:title="definition: AssetsAbstract to BuildingsEquipmentAndOtherDepreciableAssets" order="17.0"/>
  </link:definitionLink>
  <link:definitionLink xlink:type="extended" xlink:role="http://xbrl.us/slg/cafr/statementOfNetPositionGovernmentWideLiabilitiesAndDeferredInflows">
    <link:loc xlink:type="locator" xlink:href="https://raw.githubusercontent.com/xbrlus/cafr/master/cafr_2019-01-16.xsd#cafr_LiabilitiesAbstract" xlink:label="LiabilitiesAbstract" xlink:title="LiabilitiesAbstract"/>
    <link:loc xlink:type="locator" xlink:href="ut-20190117.xsd#ut_SecuritiesLending" xlink:label="SecuritiesLending"/>
    <link:definitionArc xlink:type="arc" xlink:arcrole="http://xbrl.org/int/dim/arcrole/domain-member" xlink:from="LiabilitiesAbstract" xlink:to="SecuritiesLending" xlink:title="definition: LiabilitiesAbstract to SecuritiesLending" order="8.0"/>
    <link:loc xlink:type="locator" xlink:href="ut-20190117.xsd#ut_Deposits" xlink:label="Deposits"/>
    <link:definitionArc xlink:type="arc" xlink:arcrole="http://xbrl.org/int/dim/arcrole/domain-member" xlink:from="LiabilitiesAbstract" xlink:to="Deposits" xlink:title="definition: LiabilitiesAbstract to Deposits" order="10.0"/>
  </link:definitionLink>
  <link:definitionLink xlink:type="extended" xlink:role="http://xbrl.us/slg/cafr/statementOfNetPositionGovernmentWideNetPosition">
    <link:loc xlink:type="locator" xlink:href="https://raw.githubusercontent.com/xbrlus/cafr/master/cafr_2019-01-16.xsd#cafr_ClassificationOfNetPositionRestrictedDomain" xlink:label="ClassificationOfNetPositionRestrictedDomain" xlink:title="ClassificationOfNetPositionRestrictedDomain"/>
    <link:loc xlink:type="locator" xlink:href="ut-20190117.xsd#ut_PublicEducationMember" xlink:label="PublicEducationMember"/>
    <link:definitionArc xlink:type="arc" xlink:arcrole="http://xbrl.org/int/dim/arcrole/domain-member" xlink:from="ClassificationOfNetPositionRestrictedDomain" xlink:to="PublicEducationMember" xlink:title="definition: ClassificationOfNetPositionRestrictedDomain to PublicEducationMember" order="7.0"/>
    <link:loc xlink:type="locator" xlink:href="ut-20190117.xsd#ut_HigherEducationMember" xlink:label="HigherEducationMember"/>
    <link:definitionArc xlink:type="arc" xlink:arcrole="http://xbrl.org/int/dim/arcrole/domain-member" xlink:from="ClassificationOfNetPositionRestrictedDomain" xlink:to="HigherEducationMember" xlink:title="definition: ClassificationOfNetPositionRestrictedDomain to HigherEducationMember" order="8.0"/>
    <link:loc xlink:type="locator" xlink:href="ut-20190117.xsd#ut_TransportationMember" xlink:label="TransportationMember"/>
    <link:definitionArc xlink:type="arc" xlink:arcrole="http://xbrl.org/int/dim/arcrole/domain-member" xlink:from="ClassificationOfNetPositionRestrictedDomain" xlink:to="TransportationMember" xlink:title="definition: ClassificationOfNetPositionRestrictedDomain to TransportationMember" order="9.0"/>
    <link:loc xlink:type="locator" xlink:href="ut-20190117.xsd#ut_LoanProgramsMember" xlink:label="LoanProgramsMember"/>
    <link:definitionArc xlink:type="arc" xlink:arcrole="http://xbrl.org/int/dim/arcrole/domain-member" xlink:from="ClassificationOfNetPositionRestrictedDomain" xlink:to="LoanProgramsMember" xlink:title="definition: ClassificationOfNetPositionRestrictedDomain to LoanProgramsMember" order="10.0"/>
  </link:definitionLink>
  <link:definitionLink xlink:type="extended" xlink:role="http://xbrl.us/slg/cafr/statementOfActivitiesGovernmentWideGeneralRevenues">
    <link:loc xlink:type="locator" xlink:href="https://raw.githubusercontent.com/xbrlus/cafr/master/cafr_2019-01-16.xsd#cafr_NameOfProgramOrFunctionAxis" xlink:label="NameOfProgramOrFunctionAxis"/>
    <link:loc xlink:type="locator" xlink:href="https://raw.githubusercontent.com/xbrlus/cafr/master/cafr_2019-01-16.xsd#cafr_NameOfProgramOrFunctionDomain" xlink:label="NameOfProgramOrFunctionDomain"/>
    <link:definitionArc xlink:type="arc" xlink:arcrole="http://xbrl.org/int/dim/arcrole/dimension-domain" xlink:from="NameOfProgramOrFunctionAxis" xlink:to="NameOfProgramOrFunctionDomain" xlink:title="definition: NameOfProgramOrFunctionAxis to NameOfProgramOrFunctionDomain" order="1.0"/>
    <link:loc xlink:type="locator" xlink:href="ut-20190117.xsd#ut_GainOnSaleOfCapitalAssetsMember" xlink:label="GainOnSaleOfCapitalAssetsMember"/>
    <link:definitionArc xlink:type="arc" xlink:arcrole="http://xbrl.org/int/dim/arcrole/domain-member" xlink:from="NameOfProgramOrFunctionDomain" xlink:to="GainOnSaleOfCapitalAssetsMember" xlink:title="definition: NameOfProgramOrFunctionDomain to GainOnSaleOfCapitalAssetsMember" order="1.0"/>
    <link:loc xlink:type="locator" xlink:href="ut-20190117.xsd#ut_StateFundingForComponentUnitsMember" xlink:label="StateFundingForComponentUnitsMember"/>
    <link:definitionArc xlink:type="arc" xlink:arcrole="http://xbrl.org/int/dim/arcrole/domain-member" xlink:from="NameOfProgramOrFunctionDomain" xlink:to="StateFundingForComponentUnitsMember" xlink:title="definition: NameOfProgramOrFunctionDomain to StateFundingForComponentUnitsMember" order="2.0"/>
    <link:loc xlink:type="locator" xlink:href="ut-20190117.xsd#ut_StateFundingForCollegesAndUniversitiesMember" xlink:label="StateFundingForCollegesAndUniversitiesMember"/>
    <link:definitionArc xlink:type="arc" xlink:arcrole="http://xbrl.org/int/dim/arcrole/domain-member" xlink:from="NameOfProgramOrFunctionDomain" xlink:to="StateFundingForCollegesAndUniversitiesMember" xlink:title="definition: NameOfProgramOrFunctionDomain to StateFundingForCollegesAndUniversitiesMember" order="3.0"/>
    <link:loc xlink:type="locator" xlink:href="ut-20190117.xsd#ut_OtherMember" xlink:label="OtherMember"/>
    <link:definitionArc xlink:type="arc" xlink:arcrole="http://xbrl.org/int/dim/arcrole/domain-member" xlink:from="NameOfProgramOrFunctionDomain" xlink:to="OtherMember" xlink:title="definition: NameOfProgramOrFunctionDomain to OtherMember" order="4.0"/>
    <link:loc xlink:type="locator" xlink:href="ut-20190117.xsd#ut_MiscellaneousMember" xlink:label="MiscellaneousMember"/>
    <link:definitionArc xlink:type="arc" xlink:arcrole="http://xbrl.org/int/dim/arcrole/domain-member" xlink:from="NameOfProgramOrFunctionDomain" xlink:to="MiscellaneousMember" xlink:title="definition: NameOfProgramOrFunctionDomain to MiscellaneousMember" order="5.0"/>
    <link:loc xlink:type="locator" xlink:href="ut-20190117.xsd#ut_TransportationMember" xlink:label="TransportationMember"/>
    <link:definitionArc xlink:type="arc" xlink:arcrole="http://xbrl.org/int/dim/arcrole/domain-member" xlink:from="NameOfProgramOrFunctionDomain" xlink:to="TransportationMember" xlink:title="definition: NameOfProgramOrFunctionDomain to TransportationMember" order="6.0"/>
    <link:loc xlink:type="locator" xlink:href="ut-20190117.xsd#ut_SalesAndUseTaxMember" xlink:label="SalesAndUseTaxMember"/>
    <link:definitionArc xlink:type="arc" xlink:arcrole="http://xbrl.org/int/dim/arcrole/domain-member" xlink:from="NameOfProgramOrFunctionDomain" xlink:to="SalesAndUseTaxMember" xlink:title="definition: NameOfProgramOrFunctionDomain to SalesAndUseTaxMember" order="7.0"/>
    <link:loc xlink:type="locator" xlink:href="ut-20190117.xsd#ut_IndIncTaxEducationMember" xlink:label="IndIncTaxEducationMember"/>
    <link:definitionArc xlink:type="arc" xlink:arcrole="http://xbrl.org/int/dim/arcrole/domain-member" xlink:from="NameOfProgramOrFunctionDomain" xlink:to="IndIncTaxEducationMember" xlink:title="definition: NameOfProgramOrFunctionDomain to IndIncTaxEducationMember" order="8.0"/>
    <link:loc xlink:type="locator" xlink:href="ut-20190117.xsd#ut_CorpIncTaxEducationMember" xlink:label="CorpIncTaxEducationMember"/>
    <link:definitionArc xlink:type="arc" xlink:arcrole="http://xbrl.org/int/dim/arcrole/domain-member" xlink:from="NameOfProgramOrFunctionDomain" xlink:to="CorpIncTaxEducationMember" xlink:title="definition: NameOfProgramOrFunctionDomain to CorpIncTaxEducationMember" order="9.0"/>
    <link:loc xlink:type="locator" xlink:href="https://raw.githubusercontent.com/xbrlus/cafr/master/cafr_2019-01-16.xsd#cafr_StatementOfActivitiesTable" xlink:label="StatementOfActivitiesTable" xlink:title="StatementOfActivitiesTable"/>
    <link:definitionArc xlink:type="arc" xlink:arcrole="http://xbrl.org/int/dim/arcrole/hypercube-dimension" xlink:from="StatementOfActivitiesTable" xlink:to="NameOfProgramOrFunctionAxis" xlink:title="definition: StatementOfActivitiesTable to NameOfProgramOrFunctionAxis" order="4.0"/>
    <link:loc xlink:type="locator" xlink:href="https://raw.githubusercontent.com/xbrlus/cafr/master/cafr_2019-01-16.xsd#cafr_GeneralRevenuesAbstract" xlink:label="GeneralRevenuesAbstract" xlink:title="GeneralRevenuesAbstract"/>
    <link:loc xlink:type="locator" xlink:href="ut-20190117.xsd#ut_CapitalContributions" xlink:label="CapitalContributions"/>
    <link:definitionArc xlink:type="arc" xlink:arcrole="http://xbrl.org/int/dim/arcrole/domain-member" xlink:from="GeneralRevenuesAbstract" xlink:to="CapitalContributions" xlink:title="definition: GeneralRevenuesAbstract to CapitalContributions" order="4.0"/>
    <link:loc xlink:type="locator" xlink:href="https://raw.githubusercontent.com/xbrlus/cafr/master/cafr_2019-01-16.xsd#cafr_InvestmentIncome" xlink:label="InvestmentIncome"/>
    <link:definitionArc xlink:type="arc" xlink:arcrole="http://xbrl.org/int/dim/arcrole/domain-member" xlink:from="GeneralRevenuesAbstract" xlink:to="InvestmentIncome" xlink:title="definition: GeneralRevenuesAbstract to InvestmentIncome" order="5.0"/>
    <link:loc xlink:type="locator" xlink:href="https://raw.githubusercontent.com/xbrlus/cafr/master/cafr_2019-01-16.xsd#cafr_NetPositionRollForward" xlink:label="NetPositionRollForward" xlink:title="NetPositionRollForward"/>
    <link:loc xlink:type="locator" xlink:href="ut-20190117.xsd#ut_NetPositionBeginningAsAdjusted" xlink:label="NetPositionBeginningAsAdjusted"/>
    <link:definitionArc xlink:type="arc" xlink:arcrole="http://xbrl.org/int/dim/arcrole/domain-member" xlink:from="NetPositionRollForward" xlink:to="NetPositionBeginningAsAdjusted" xlink:title="definition: NetPositionRollForward to NetPositionBeginningAsAdjusted" order="0.0"/>
  </link:definitionLink>
  <link:definitionLink xlink:type="extended" xlink:role="http://xbrl.us/slg/cafr/statementOfActivitiesGovernmentWideProgramRevenuesAndExpenses">
    <link:loc xlink:type="locator" xlink:href="https://raw.githubusercontent.com/xbrlus/cafr/master/cafr_2019-01-16.xsd#cafr_NameOfProgramOrFunctionDomain" xlink:label="NameOfProgramOrFunctionDomain" xlink:title="NameOfProgramOrFunctionDomain"/>
    <link:loc xlink:type="locator" xlink:href="ut-20190117.xsd#ut_OtherMember" xlink:label="OtherMember"/>
    <link:definitionArc xlink:type="arc" xlink:arcrole="http://xbrl.org/int/dim/arcrole/domain-member" xlink:from="NameOfProgramOrFunctionDomain" xlink:to="OtherMember" xlink:title="definition: NameOfProgramOrFunctionDomain to OtherMember" order="11.0"/>
    <link:loc xlink:type="locator" xlink:href="ut-20190117.xsd#ut_TransportationMember" xlink:label="TransportationMember"/>
    <link:definitionArc xlink:type="arc" xlink:arcrole="http://xbrl.org/int/dim/arcrole/domain-member" xlink:from="NameOfProgramOrFunctionDomain" xlink:to="TransportationMember" xlink:title="definition: NameOfProgramOrFunctionDomain to TransportationMember" order="16.0"/>
    <link:loc xlink:type="locator" xlink:href="ut-20190117.xsd#ut_HighwaysAndStreetsMember" xlink:label="HighwaysAndStreetsMember"/>
    <link:definitionArc xlink:type="arc" xlink:arcrole="http://xbrl.org/int/dim/arcrole/domain-member" xlink:from="NameOfProgramOrFunctionDomain" xlink:to="HighwaysAndStreetsMember" xlink:title="definition: NameOfProgramOrFunctionDomain to HighwaysAndStreetsMember" order="9.0"/>
    <link:loc xlink:type="locator" xlink:href="ut-20190117.xsd#ut_LiquorRetailSalesMember" xlink:label="LiquorRetailSalesMember"/>
    <link:definitionArc xlink:type="arc" xlink:arcrole="http://xbrl.org/int/dim/arcrole/domain-member" xlink:from="NameOfProgramOrFunctionDomain" xlink:to="LiquorRetailSalesMember" xlink:title="definition: NameOfProgramOrFunctionDomain to LiquorRetailSalesMember" order="10.0"/>
    <link:loc xlink:type="locator" xlink:href="ut-20190117.xsd#ut_WaterLoanProgramsMember" xlink:label="WaterLoanProgramsMember"/>
    <link:definitionArc xlink:type="arc" xlink:arcrole="http://xbrl.org/int/dim/arcrole/domain-member" xlink:from="NameOfProgramOrFunctionDomain" xlink:to="WaterLoanProgramsMember" xlink:title="definition: NameOfProgramOrFunctionDomain to WaterLoanProgramsMember" order="12.0"/>
    <link:loc xlink:type="locator" xlink:href="ut-20190117.xsd#ut_StudentAssistanceProgramsMember" xlink:label="StudentAssistanceProgramsMember"/>
    <link:definitionArc xlink:type="arc" xlink:arcrole="http://xbrl.org/int/dim/arcrole/domain-member" xlink:from="NameOfProgramOrFunctionDomain" xlink:to="StudentAssistanceProgramsMember" xlink:title="definition: NameOfProgramOrFunctionDomain to StudentAssistanceProgramsMember" order="13.0"/>
    <link:loc xlink:type="locator" xlink:href="ut-20190117.xsd#ut_BusinessLaborAndAgricultureMember" xlink:label="BusinessLaborAndAgricultureMember"/>
    <link:definitionArc xlink:type="arc" xlink:arcrole="http://xbrl.org/int/dim/arcrole/domain-member" xlink:from="NameOfProgramOrFunctionDomain" xlink:to="BusinessLaborAndAgricultureMember" xlink:title="definition: NameOfProgramOrFunctionDomain to BusinessLaborAndAgricultureMember" order="14.0"/>
    <link:loc xlink:type="locator" xlink:href="ut-20190117.xsd#ut_PublicEducationMember" xlink:label="PublicEducationMember"/>
    <link:definitionArc xlink:type="arc" xlink:arcrole="http://xbrl.org/int/dim/arcrole/domain-member" xlink:from="NameOfProgramOrFunctionDomain" xlink:to="PublicEducationMember" xlink:title="definition: NameOfProgramOrFunctionDomain to PublicEducationMember" order="15.0"/>
    <link:loc xlink:type="locator" xlink:href="ut-20190117.xsd#ut_GeneralGovernmentMember" xlink:label="GeneralGovernmentMember"/>
    <link:definitionArc xlink:type="arc" xlink:arcrole="http://xbrl.org/int/dim/arcrole/domain-member" xlink:from="NameOfProgramOrFunctionDomain" xlink:to="GeneralGovernmentMember" xlink:title="definition: NameOfProgramOrFunctionDomain to GeneralGovernmentMember" order="17.0"/>
    <link:loc xlink:type="locator" xlink:href="ut-20190117.xsd#ut_HumanServicesAndJuvenileJusticeServicesMember" xlink:label="HumanServicesAndJuvenileJusticeServicesMember"/>
    <link:definitionArc xlink:type="arc" xlink:arcrole="http://xbrl.org/int/dim/arcrole/domain-member" xlink:from="NameOfProgramOrFunctionDomain" xlink:to="HumanServicesAndJuvenileJusticeServicesMember" xlink:title="definition: NameOfProgramOrFunctionDomain to HumanServicesAndJuvenileJusticeServicesMember" order="18.0"/>
    <link:loc xlink:type="locator" xlink:href="ut-20190117.xsd#ut_CorrectionsMember" xlink:label="CorrectionsMember"/>
    <link:definitionArc xlink:type="arc" xlink:arcrole="http://xbrl.org/int/dim/arcrole/domain-member" xlink:from="NameOfProgramOrFunctionDomain" xlink:to="CorrectionsMember" xlink:title="definition: NameOfProgramOrFunctionDomain to CorrectionsMember" order="19.0"/>
    <link:loc xlink:type="locator" xlink:href="ut-20190117.xsd#ut_PublicSafetyMember" xlink:label="PublicSafetyMember"/>
    <link:definitionArc xlink:type="arc" xlink:arcrole="http://xbrl.org/int/dim/arcrole/domain-member" xlink:from="NameOfProgramOrFunctionDomain" xlink:to="PublicSafetyMember" xlink:title="definition: NameOfProgramOrFunctionDomain to PublicSafetyMember" order="20.0"/>
    <link:loc xlink:type="locator" xlink:href="ut-20190117.xsd#ut_Courts" xlink:label="Courts"/>
    <link:definitionArc xlink:type="arc" xlink:arcrole="http://xbrl.org/int/dim/arcrole/domain-member" xlink:from="NameOfProgramOrFunctionDomain" xlink:to="Courts" xlink:title="definition: NameOfProgramOrFunctionDomain to Courts" order="21.0"/>
    <link:loc xlink:type="locator" xlink:href="ut-20190117.xsd#ut_HealthAndEnvironmentalQualityMember" xlink:label="HealthAndEnvironmentalQualityMember"/>
    <link:definitionArc xlink:type="arc" xlink:arcrole="http://xbrl.org/int/dim/arcrole/domain-member" xlink:from="NameOfProgramOrFunctionDomain" xlink:to="HealthAndEnvironmentalQualityMember" xlink:title="definition: NameOfProgramOrFunctionDomain to HealthAndEnvironmentalQualityMember" order="22.0"/>
    <link:loc xlink:type="locator" xlink:href="ut-20190117.xsd#ut_HigherEducationMember" xlink:label="HigherEducationMember"/>
    <link:definitionArc xlink:type="arc" xlink:arcrole="http://xbrl.org/int/dim/arcrole/domain-member" xlink:from="NameOfProgramOrFunctionDomain" xlink:to="HigherEducationMember" xlink:title="definition: NameOfProgramOrFunctionDomain to HigherEducationMember" order="23.0"/>
    <link:loc xlink:type="locator" xlink:href="ut-20190117.xsd#ut_EmploymentAndFamilyServicesMember" xlink:label="EmploymentAndFamilyServicesMember"/>
    <link:definitionArc xlink:type="arc" xlink:arcrole="http://xbrl.org/int/dim/arcrole/domain-member" xlink:from="NameOfProgramOrFunctionDomain" xlink:to="EmploymentAndFamilyServicesMember" xlink:title="definition: NameOfProgramOrFunctionDomain to EmploymentAndFamilyServicesMember" order="24.0"/>
    <link:loc xlink:type="locator" xlink:href="https://raw.githubusercontent.com/xbrlus/cafr/master/cafr_2019-01-16.xsd#cafr_NaturalResourcesMember" xlink:label="NaturalResourcesMember" xlink:title="NaturalResourcesMember"/>
    <link:definitionArc xlink:type="arc" xlink:arcrole="http://xbrl.org/int/dim/arcrole/domain-member" xlink:from="NameOfProgramOrFunctionDomain" xlink:to="NaturalResourcesMember" xlink:title="definition: NameOfProgramOrFunctionDomain to NaturalResourcesMember" order="25.0"/>
  </link:definitionLink>
  <link:definitionLink xlink:type="extended" xlink:role="http://xbrl.us/slg/cafr/statementOfRevenuesExpendituresAndChangesInFundBalanceGovernmentalFunds">
    <link:loc xlink:type="locator" xlink:href="https://raw.githubusercontent.com/xbrlus/cafr/master/cafr_2019-01-16.xsd#cafr_FundBalanceRollForward" xlink:label="FundBalanceRollForward" xlink:title="FundBalanceRollForward"/>
    <link:loc xlink:type="locator" xlink:href="https://raw.githubusercontent.com/xbrlus/cafr/master/cafr_2019-01-16.xsd#cafr_PriorPeriodAdjustments" xlink:label="PriorPeriodAdjustments" xlink:title="PriorPeriodAdjustments"/>
    <link:definitionArc xlink:type="arc" xlink:arcrole="http://xbrl.org/int/dim/arcrole/domain-member" xlink:from="FundBalanceRollForward" xlink:to="PriorPeriodAdjustments" xlink:title="definition: FundBalanceRollForward to PriorPeriodAdjustments" order="3.0"/>
    <link:loc xlink:type="locator" xlink:href="ut-20190117.xsd#ut_FundBalancesBeginningAsAdjusted" xlink:label="FundBalancesBeginningAsAdjusted" xlink:title="FundBalancesBeginningAsAdjusted"/>
    <link:definitionArc xlink:type="arc" xlink:arcrole="http://xbrl.org/int/dim/arcrole/domain-member" xlink:from="FundBalanceRollForward" xlink:to="FundBalancesBeginningAsAdjusted" xlink:title="definition: FundBalanceRollForward to FundBalancesBeginningAsAdjusted" order="4.0"/>
  </link:definitionLink>
  <link:definitionLink xlink:type="extended" xlink:role="http://xbrl.us/slg/cafr/balanceSheetGovernmentalFunds">
    <link:loc xlink:type="locator" xlink:href="https://raw.githubusercontent.com/xbrlus/cafr/master/cafr_2019-01-16.xsd#cafr_NameOfProgramOrFunctionAxis" xlink:label="NameOfProgramOrFunctionAxis" xlink:title="NameOfProgramOrFunctionAxis"/>
    <link:loc xlink:type="locator" xlink:href="https://raw.githubusercontent.com/xbrlus/cafr/master/cafr_2019-01-16.xsd#cafr_NameOfProgramOrFunctionDomain" xlink:label="NameOfProgramOrFunctionDomain" xlink:title="NameOfProgramOrFunctionDomain"/>
    <link:definitionArc xlink:type="arc" xlink:arcrole="http://xbrl.org/int/dim/arcrole/dimension-domain" xlink:from="NameOfProgramOrFunctionAxis" xlink:to="NameOfProgramOrFunctionDomain" xlink:title="definition: NameOfProgramOrFunctionAxis to NameOfProgramOrFunctionDomain" order="1.0"/>
    <link:loc xlink:type="locator" xlink:href="ut-20190117.xsd#ut_LongtermPortionOfInterfundLoansReceivableMember" xlink:label="LongtermPortionOfInterfundLoansReceivableMember" xlink:title="LongtermPortionOfInterfundLoansReceivableMember"/>
    <link:definitionArc xlink:type="arc" xlink:arcrole="http://xbrl.org/int/dim/arcrole/domain-member" xlink:from="NameOfProgramOrFunctionDomain" xlink:to="LongtermPortionOfInterfundLoansReceivableMember" xlink:title="definition: NameOfProgramOrFunctionDomain to LongtermPortionOfInterfundLoansReceivableMember" order="1.0"/>
    <link:loc xlink:type="locator" xlink:href="ut-20190117.xsd#ut_PrepaidItemsMember" xlink:label="PrepaidItemsMember" xlink:title="PrepaidItemsMember"/>
    <link:definitionArc xlink:type="arc" xlink:arcrole="http://xbrl.org/int/dim/arcrole/domain-member" xlink:from="NameOfProgramOrFunctionDomain" xlink:to="PrepaidItemsMember" xlink:title="definition: NameOfProgramOrFunctionDomain to PrepaidItemsMember" order="2.0"/>
    <link:loc xlink:type="locator" xlink:href="ut-20190117.xsd#ut_InventoriesMember" xlink:label="InventoriesMember" xlink:title="InventoriesMember"/>
    <link:definitionArc xlink:type="arc" xlink:arcrole="http://xbrl.org/int/dim/arcrole/domain-member" xlink:from="NameOfProgramOrFunctionDomain" xlink:to="InventoriesMember" xlink:title="definition: NameOfProgramOrFunctionDomain to InventoriesMember" order="3.0"/>
    <link:loc xlink:type="locator" xlink:href="ut-20190117.xsd#ut_PermanentFundPrincipalMember" xlink:label="PermanentFundPrincipalMember" xlink:title="PermanentFundPrincipalMember"/>
    <link:definitionArc xlink:type="arc" xlink:arcrole="http://xbrl.org/int/dim/arcrole/domain-member" xlink:from="NameOfProgramOrFunctionDomain" xlink:to="PermanentFundPrincipalMember" xlink:title="definition: NameOfProgramOrFunctionDomain to PermanentFundPrincipalMember" order="4.0"/>
    <link:loc xlink:type="locator" xlink:href="https://raw.githubusercontent.com/xbrlus/cafr/master/cafr_2019-01-16.xsd#cafr_BalanceSheetGovernmentFundsTable" xlink:label="BalanceSheetGovernmentFundsTable" xlink:title="BalanceSheetGovernmentFundsTable"/>
    <link:definitionArc xlink:type="arc" xlink:arcrole="http://xbrl.org/int/dim/arcrole/hypercube-dimension" xlink:from="BalanceSheetGovernmentFundsTable" xlink:to="NameOfProgramOrFunctionAxis" xlink:title="definition: BalanceSheetGovernmentFundsTable to NameOfProgramOrFunctionAxis" order="8.0"/>
    <link:loc xlink:type="locator" xlink:href="https://raw.githubusercontent.com/xbrlus/cafr/master/cafr_2019-01-16.xsd#cafr_BalanceSheetLineItems" xlink:label="BalanceSheetLineItems" xlink:title="BalanceSheetLineItems"/>
    <link:loc xlink:type="locator" xlink:href="https://raw.githubusercontent.com/xbrlus/cafr/master/cafr_2019-01-16.xsd#cafr_Liabilities" xlink:label="Liabilities" xlink:title="Liabilities"/>
    <link:definitionArc xlink:type="arc" xlink:arcrole="http://xbrl.org/int/dim/arcrole/domain-member" xlink:from="BalanceSheetLineItems" xlink:to="Liabilities" xlink:title="definition: BalanceSheetLineItems to Liabilities" order="8.0"/>
    <link:loc xlink:type="locator" xlink:href="https://raw.githubusercontent.com/xbrlus/cafr/master/cafr_2019-01-16.xsd#cafr_Assets" xlink:label="Assets" xlink:title="Assets"/>
    <link:definitionArc xlink:type="arc" xlink:arcrole="http://xbrl.org/int/dim/arcrole/domain-member" xlink:from="BalanceSheetLineItems" xlink:to="Assets" xlink:title="definition: BalanceSheetLineItems to Assets" order="9.0"/>
    <link:loc xlink:type="locator" xlink:href="https://raw.githubusercontent.com/xbrlus/cafr/master/cafr_2019-01-16.xsd#cafr_DeferredInflowsOfResources" xlink:label="DeferredInflowsOfResources" xlink:title="DeferredInflowsOfResources"/>
    <link:definitionArc xlink:type="arc" xlink:arcrole="http://xbrl.org/int/dim/arcrole/domain-member" xlink:from="BalanceSheetLineItems" xlink:to="DeferredInflowsOfResources" xlink:title="definition: BalanceSheetLineItems to DeferredInflowsOfResources" order="10.0"/>
  </link:definitionLink>
</link:linkbase>
