<?xml version="1.0" encoding="UTF-8"?>
<!-- Generated by Integix-NG from Ez-XBRL Solutions -->
<linkbase xmlns:xsi="http://www.w3.org/2001/XMLSchema-instance" xsi:schemaLocation="http://www.xbrl.org/2003/linkbase http://www.xbrl.org/2003/xbrl-linkbase-2003-12-31.xsd" xmlns="http://www.xbrl.org/2003/linkbase" xmlns:xlink="http://www.w3.org/1999/xlink" xmlns:xbrli="http://www.xbrl.org/2003/instance" xmlns:xbrldt="http://xbrl.org/2005/xbrldt">
  <roleRef roleURI="http://www.town.ashland.va.us/role/StatementOfActivitiesGovernmentWideProgramGeneralRevenuesAndExpenses" xlink:type="simple" xlink:href="va-t-ashl-20170630.xsd#roleType_StatementOfActivitiesGovernmentWideProgramGeneralRevenuesAndExpenses"/>
  <roleRef roleURI="http://www.town.ashland.va.us/role/StatementOfNetPositionGovernmentWideAssetsLaibilitiesAndDeferredInflowsOutflows" xlink:type="simple" xlink:href="va-t-ashl-20170630.xsd#roleType_STATEMENTOFNETPOSITION"/>
  <roleRef roleURI="http://www.town.ashland.va.us/role/balanceSheetGovernmentalFunds" xlink:type="simple" xlink:href="va-t-ashl-20170630.xsd#roleType_balanceSheetGovernmentalFunds"/>
  <roleRef roleURI="http://www.town.ashland.va.us/role/statementOfRevenuesExpendituresAndChangesInFundBalanceGovernmentalFunds" xlink:type="simple" xlink:href="va-t-ashl-20170630.xsd#roleType_statementOfRevenuesExpendituresAndChangesInFundBalanceGovernmentalFunds"/>
  <arcroleRef arcroleURI="http://xbrl.org/int/dim/arcrole/dimension-default" xlink:type="simple" xlink:href="http://www.xbrl.org/2005/xbrldt-2005.xsd#dimension-default"/>
  <arcroleRef arcroleURI="http://xbrl.org/int/dim/arcrole/all" xlink:type="simple" xlink:href="http://www.xbrl.org/2005/xbrldt-2005.xsd#all"/>
  <arcroleRef arcroleURI="http://xbrl.org/int/dim/arcrole/domain-member" xlink:type="simple" xlink:href="http://www.xbrl.org/2005/xbrldt-2005.xsd#domain-member"/>
  <arcroleRef arcroleURI="http://xbrl.org/int/dim/arcrole/dimension-domain" xlink:type="simple" xlink:href="http://www.xbrl.org/2005/xbrldt-2005.xsd#dimension-domain"/>
  <arcroleRef arcroleURI="http://xbrl.org/int/dim/arcrole/hypercube-dimension" xlink:type="simple" xlink:href="http://www.xbrl.org/2005/xbrldt-2005.xsd#hypercube-dimension"/>
  <definitionLink xlink:type="extended" xlink:role="http://www.town.ashland.va.us/role/StatementOfNetPositionGovernmentWideAssetsLaibilitiesAndDeferredInflowsOutflows">
    <loc xlink:type="locator" xlink:href="https://raw.githubusercontent.com/xbrlus/cafr/dev/core/us-cafr_concept.xsd#us-cafr_StatementOfNetPositionAbstract" xlink:label="StatementOfNetPositionAbstract" xlink:title="StatementOfNetPositionAbstract"/>
    <loc xlink:type="locator" xlink:href="va-t-ashl-20170630.xsd#va-t-ashl_StatementOfNetPositionTable" xlink:label="StatementOfNetPositionTable" xlink:title="StatementOfNetPositionTable"/>
    <definitionArc xlink:type="arc" xlink:arcrole="http://xbrl.org/int/dim/arcrole/all" xlink:from="StatementOfNetPositionAbstract" xlink:to="StatementOfNetPositionTable" xlink:title="definition: StatementOfNetPositionAbstract to StatementOfNetPositionTable" order="1.0" xbrldt:contextElement="segment"/>
    <loc xlink:type="locator" xlink:href="https://raw.githubusercontent.com/xbrlus/cafr/dev/core/us-cafr_concept.xsd#us-cafr_TypeOfActivitiesAxis" xlink:label="TypeOfActivitiesAxis" xlink:title="TypeOfActivitiesAxis"/>
    <definitionArc xlink:type="arc" xlink:arcrole="http://xbrl.org/int/dim/arcrole/hypercube-dimension" xlink:from="StatementOfNetPositionTable" xlink:to="TypeOfActivitiesAxis" xlink:title="definition: StatementOfNetPositionTable to TypeOfActivitiesAxis" order="1.0"/>
    <loc xlink:type="locator" xlink:href="https://raw.githubusercontent.com/xbrlus/cafr/dev/core/us-cafr_concept.xsd#us-cafr_TypeOfActivitiesDomain" xlink:label="TypeOfActivitiesDomain" xlink:title="TypeOfActivitiesDomain"/>
    <definitionArc xlink:type="arc" xlink:arcrole="http://xbrl.org/int/dim/arcrole/dimension-domain" xlink:from="TypeOfActivitiesAxis" xlink:to="TypeOfActivitiesDomain" xlink:title="definition: TypeOfActivitiesAxis to TypeOfActivitiesDomain" order="1.0"/>
    <loc xlink:type="locator" xlink:href="https://raw.githubusercontent.com/xbrlus/cafr/dev/core/us-cafr_concept.xsd#us-cafr_TypeOfActivitiesDomain" xlink:label="TypeOfActivitiesDomain_2" xlink:title="TypeOfActivitiesDomain"/>
    <definitionArc xlink:type="arc" xlink:arcrole="http://xbrl.org/int/dim/arcrole/dimension-default" xlink:from="TypeOfActivitiesAxis" xlink:to="TypeOfActivitiesDomain_2" xlink:title="definition: TypeOfActivitiesAxis to TypeOfActivitiesDomain" priority="1" order="2.0"/>
    <loc xlink:type="locator" xlink:href="https://raw.githubusercontent.com/xbrlus/cafr/dev/core/us-cafr_concept.xsd#us-cafr_GovernmentalActivitiesMember" xlink:label="GovernmentalActivitiesMember" xlink:title="GovernmentalActivitiesMember"/>
    <definitionArc xlink:type="arc" xlink:arcrole="http://xbrl.org/int/dim/arcrole/domain-member" xlink:from="TypeOfActivitiesDomain" xlink:to="GovernmentalActivitiesMember" xlink:title="definition: TypeOfActivitiesDomain to GovernmentalActivitiesMember" order="1.0"/>
    <loc xlink:type="locator" xlink:href="https://raw.githubusercontent.com/xbrlus/cafr/dev/core/us-cafr_concept.xsd#us-cafr_ComponentUnitAxis" xlink:label="ComponentUnitAxis" xlink:title="ComponentUnitAxis"/>
    <definitionArc xlink:type="arc" xlink:arcrole="http://xbrl.org/int/dim/arcrole/hypercube-dimension" xlink:from="StatementOfNetPositionTable" xlink:to="ComponentUnitAxis" xlink:title="definition: StatementOfNetPositionTable to ComponentUnitAxis" order="2.0"/>
    <loc xlink:type="locator" xlink:href="https://raw.githubusercontent.com/xbrlus/cafr/dev/core/us-cafr_concept.xsd#us-cafr_ComponentUnitDomain" xlink:label="ComponentUnitDomain" xlink:title="ComponentUnitDomain"/>
    <definitionArc xlink:type="arc" xlink:arcrole="http://xbrl.org/int/dim/arcrole/dimension-domain" xlink:from="ComponentUnitAxis" xlink:to="ComponentUnitDomain" xlink:title="definition: ComponentUnitAxis to ComponentUnitDomain" order="1.0"/>
    <loc xlink:type="locator" xlink:href="https://raw.githubusercontent.com/xbrlus/cafr/dev/core/us-cafr_concept.xsd#us-cafr_ComponentUnitDomain" xlink:label="ComponentUnitDomain_2" xlink:title="ComponentUnitDomain"/>
    <definitionArc xlink:type="arc" xlink:arcrole="http://xbrl.org/int/dim/arcrole/dimension-default" xlink:from="ComponentUnitAxis" xlink:to="ComponentUnitDomain_2" xlink:title="definition: ComponentUnitAxis to ComponentUnitDomain" priority="1" order="2.0"/>
    <loc xlink:type="locator" xlink:href="https://raw.githubusercontent.com/xbrlus/cafr/dev/core/us-cafr_concept.xsd#us-cafr_ComponentUnitMember" xlink:label="ComponentUnitMember" xlink:title="ComponentUnitMember"/>
    <definitionArc xlink:type="arc" xlink:arcrole="http://xbrl.org/int/dim/arcrole/domain-member" xlink:from="ComponentUnitDomain" xlink:to="ComponentUnitMember" xlink:title="definition: ComponentUnitDomain to ComponentUnitMember" order="1.0"/>
    <loc xlink:type="locator" xlink:href="https://raw.githubusercontent.com/xbrlus/cafr/dev/core/us-cafr_concept.xsd#us-cafr_BalanceTypeAxis" xlink:label="BalanceTypeAxis" xlink:title="BalanceTypeAxis"/>
    <definitionArc xlink:type="arc" xlink:arcrole="http://xbrl.org/int/dim/arcrole/hypercube-dimension" xlink:from="StatementOfNetPositionTable" xlink:to="BalanceTypeAxis" xlink:title="definition: StatementOfNetPositionTable to BalanceTypeAxis" order="3.0"/>
    <loc xlink:type="locator" xlink:href="https://raw.githubusercontent.com/xbrlus/cafr/dev/core/us-cafr_concept.xsd#us-cafr_BalanceTypeDomain" xlink:label="BalanceTypeDomain" xlink:title="BalanceTypeDomain"/>
    <definitionArc xlink:type="arc" xlink:arcrole="http://xbrl.org/int/dim/arcrole/dimension-domain" xlink:from="BalanceTypeAxis" xlink:to="BalanceTypeDomain" xlink:title="definition: BalanceTypeAxis to BalanceTypeDomain" order="1.0"/>
    <loc xlink:type="locator" xlink:href="https://raw.githubusercontent.com/xbrlus/cafr/dev/core/us-cafr_concept.xsd#us-cafr_BalanceTypeDomain" xlink:label="BalanceTypeDomain_2" xlink:title="BalanceTypeDomain"/>
    <definitionArc xlink:type="arc" xlink:arcrole="http://xbrl.org/int/dim/arcrole/dimension-default" xlink:from="BalanceTypeAxis" xlink:to="BalanceTypeDomain_2" xlink:title="definition: BalanceTypeAxis to BalanceTypeDomain" priority="1" order="2.0"/>
    <loc xlink:type="locator" xlink:href="https://raw.githubusercontent.com/xbrlus/cafr/dev/core/us-cafr_concept.xsd#us-cafr_NetMember" xlink:label="NetMember" xlink:title="NetMember"/>
    <definitionArc xlink:type="arc" xlink:arcrole="http://xbrl.org/int/dim/arcrole/domain-member" xlink:from="BalanceTypeDomain" xlink:to="NetMember" xlink:title="definition: BalanceTypeDomain to NetMember" order="2.0"/>
    <loc xlink:type="locator" xlink:href="https://raw.githubusercontent.com/xbrlus/cafr/dev/core/us-cafr_concept.xsd#us-cafr_GrossMember" xlink:label="GrossMember" xlink:title="GrossMember"/>
    <definitionArc xlink:type="arc" xlink:arcrole="http://xbrl.org/int/dim/arcrole/domain-member" xlink:from="BalanceTypeDomain" xlink:to="GrossMember" xlink:title="definition: BalanceTypeDomain to GrossMember" order="1.0"/>
    <loc xlink:type="locator" xlink:href="https://raw.githubusercontent.com/xbrlus/cafr/dev/core/us-cafr_concept.xsd#us-cafr_ResidualTermToMaturityAxis" xlink:label="ResidualTermToMaturityAxis" xlink:title="ResidualTermToMaturityAxis"/>
    <definitionArc xlink:type="arc" xlink:arcrole="http://xbrl.org/int/dim/arcrole/hypercube-dimension" xlink:from="StatementOfNetPositionTable" xlink:to="ResidualTermToMaturityAxis" xlink:title="definition: StatementOfNetPositionTable to ResidualTermToMaturityAxis" order="4.0"/>
    <loc xlink:type="locator" xlink:href="https://raw.githubusercontent.com/xbrlus/cafr/dev/core/us-cafr_concept.xsd#us-cafr_ResidualTermToMaturityDomain" xlink:label="ResidualTermToMaturityDomain" xlink:title="ResidualTermToMaturityDomain"/>
    <definitionArc xlink:type="arc" xlink:arcrole="http://xbrl.org/int/dim/arcrole/dimension-domain" xlink:from="ResidualTermToMaturityAxis" xlink:to="ResidualTermToMaturityDomain" xlink:title="definition: ResidualTermToMaturityAxis to ResidualTermToMaturityDomain" order="1.0"/>
    <loc xlink:type="locator" xlink:href="https://raw.githubusercontent.com/xbrlus/cafr/dev/core/us-cafr_concept.xsd#us-cafr_ResidualTermToMaturityDomain" xlink:label="ResidualTermToMaturityDomain_2" xlink:title="ResidualTermToMaturityDomain"/>
    <definitionArc xlink:type="arc" xlink:arcrole="http://xbrl.org/int/dim/arcrole/dimension-default" xlink:from="ResidualTermToMaturityAxis" xlink:to="ResidualTermToMaturityDomain_2" xlink:title="definition: ResidualTermToMaturityAxis to ResidualTermToMaturityDomain" priority="1" order="2.0"/>
    <loc xlink:type="locator" xlink:href="https://raw.githubusercontent.com/xbrlus/cafr/dev/core/us-cafr_concept.xsd#us-cafr_DueWithinOneYearMember" xlink:label="DueWithinOneYearMember" xlink:title="DueWithinOneYearMember"/>
    <definitionArc xlink:type="arc" xlink:arcrole="http://xbrl.org/int/dim/arcrole/domain-member" xlink:from="ResidualTermToMaturityDomain" xlink:to="DueWithinOneYearMember" xlink:title="definition: ResidualTermToMaturityDomain to DueWithinOneYearMember" order="1.0"/>
    <loc xlink:type="locator" xlink:href="https://raw.githubusercontent.com/xbrlus/cafr/dev/core/us-cafr_concept.xsd#us-cafr_DueInMoreThanOneYearMember" xlink:label="DueInMoreThanOneYearMember" xlink:title="DueInMoreThanOneYearMember"/>
    <definitionArc xlink:type="arc" xlink:arcrole="http://xbrl.org/int/dim/arcrole/domain-member" xlink:from="ResidualTermToMaturityDomain" xlink:to="DueInMoreThanOneYearMember" xlink:title="definition: ResidualTermToMaturityDomain to DueInMoreThanOneYearMember" order="2.0"/>
    <loc xlink:type="locator" xlink:href="https://raw.githubusercontent.com/xbrlus/cafr/dev/core/us-cafr_concept.xsd#us-cafr_TypeOfRestrictionAxis" xlink:label="TypeOfRestrictionAxis" xlink:title="TypeOfRestrictionAxis"/>
    <definitionArc xlink:type="arc" xlink:arcrole="http://xbrl.org/int/dim/arcrole/hypercube-dimension" xlink:from="StatementOfNetPositionTable" xlink:to="TypeOfRestrictionAxis" xlink:title="definition: StatementOfNetPositionTable to TypeOfRestrictionAxis" order="5.0"/>
    <loc xlink:type="locator" xlink:href="https://raw.githubusercontent.com/xbrlus/cafr/dev/core/us-cafr_concept.xsd#us-cafr_TypeOfRestrictionDomain" xlink:label="TypeOfRestrictionDomain" xlink:title="TypeOfRestrictionDomain"/>
    <definitionArc xlink:type="arc" xlink:arcrole="http://xbrl.org/int/dim/arcrole/dimension-domain" xlink:from="TypeOfRestrictionAxis" xlink:to="TypeOfRestrictionDomain" xlink:title="definition: TypeOfRestrictionAxis to TypeOfRestrictionDomain" order="1.0"/>
    <loc xlink:type="locator" xlink:href="https://raw.githubusercontent.com/xbrlus/cafr/dev/core/us-cafr_concept.xsd#us-cafr_TypeOfRestrictionDomain" xlink:label="TypeOfRestrictionDomain_2" xlink:title="TypeOfRestrictionDomain"/>
    <definitionArc xlink:type="arc" xlink:arcrole="http://xbrl.org/int/dim/arcrole/dimension-default" xlink:from="TypeOfRestrictionAxis" xlink:to="TypeOfRestrictionDomain_2" xlink:title="definition: TypeOfRestrictionAxis to TypeOfRestrictionDomain" priority="1" order="2.0"/>
    <loc xlink:type="locator" xlink:href="https://raw.githubusercontent.com/xbrlus/cafr/dev/core/us-cafr_concept.xsd#us-cafr_UnrestrictedMember" xlink:label="UnrestrictedMember" xlink:title="UnrestrictedMember"/>
    <definitionArc xlink:type="arc" xlink:arcrole="http://xbrl.org/int/dim/arcrole/domain-member" xlink:from="TypeOfRestrictionDomain" xlink:to="UnrestrictedMember" xlink:title="definition: TypeOfRestrictionDomain to UnrestrictedMember" order="1.0"/>
    <loc xlink:type="locator" xlink:href="va-t-ashl-20170630.xsd#va-t-ashl_StatementOfNetPositionLineItem" xlink:label="StatementOfNetPositionLineItem" xlink:title="StatementOfNetPositionLineItem"/>
    <definitionArc xlink:type="arc" xlink:arcrole="http://xbrl.org/int/dim/arcrole/domain-member" xlink:from="StatementOfNetPositionAbstract" xlink:to="StatementOfNetPositionLineItem" xlink:title="definition: StatementOfNetPositionAbstract to StatementOfNetPositionLineItem" order="2.0"/>
    <loc xlink:type="locator" xlink:href="https://raw.githubusercontent.com/xbrlus/cafr/dev/core/us-cafr_concept.xsd#us-cafr_AssetsAndDeferredOutflowsOfResourcesAbstract" xlink:label="AssetsAndDeferredOutflowsOfResourcesAbstract" xlink:title="AssetsAndDeferredOutflowsOfResourcesAbstract"/>
    <definitionArc xlink:type="arc" xlink:arcrole="http://xbrl.org/int/dim/arcrole/domain-member" xlink:from="StatementOfNetPositionLineItem" xlink:to="AssetsAndDeferredOutflowsOfResourcesAbstract" xlink:title="definition: StatementOfNetPositionLineItem to AssetsAndDeferredOutflowsOfResourcesAbstract" order="1.0"/>
    <loc xlink:type="locator" xlink:href="https://raw.githubusercontent.com/xbrlus/cafr/dev/core/us-cafr_concept.xsd#us-cafr_AssetsAbstract" xlink:label="AssetsAbstract" xlink:title="AssetsAbstract"/>
    <definitionArc xlink:type="arc" xlink:arcrole="http://xbrl.org/int/dim/arcrole/domain-member" xlink:from="AssetsAndDeferredOutflowsOfResourcesAbstract" xlink:to="AssetsAbstract" xlink:title="definition: AssetsAndDeferredOutflowsOfResourcesAbstract to AssetsAbstract" order="1.0"/>
    <loc xlink:type="locator" xlink:href="https://raw.githubusercontent.com/xbrlus/cafr/dev/core/us-cafr_concept.xsd#us-cafr_CashAndCashEquivalents" xlink:label="CashAndCashEquivalents" xlink:title="CashAndCashEquivalents"/>
    <definitionArc xlink:type="arc" xlink:arcrole="http://xbrl.org/int/dim/arcrole/domain-member" xlink:from="AssetsAbstract" xlink:to="CashAndCashEquivalents" xlink:title="definition: AssetsAbstract to CashAndCashEquivalents" order="1.0"/>
    <loc xlink:type="locator" xlink:href="https://raw.githubusercontent.com/xbrlus/cafr/dev/core/us-cafr_concept.xsd#us-cafr_PropertyTaxesReceivable" xlink:label="PropertyTaxesReceivable" xlink:title="PropertyTaxesReceivable"/>
    <definitionArc xlink:type="arc" xlink:arcrole="http://xbrl.org/int/dim/arcrole/domain-member" xlink:from="AssetsAbstract" xlink:to="PropertyTaxesReceivable" xlink:title="definition: AssetsAbstract to PropertyTaxesReceivable" order="2.0"/>
    <loc xlink:type="locator" xlink:href="https://raw.githubusercontent.com/xbrlus/cafr/dev/core/us-cafr_concept.xsd#us-cafr_OtherReceivables" xlink:label="OtherReceivables" xlink:title="OtherReceivables"/>
    <definitionArc xlink:type="arc" xlink:arcrole="http://xbrl.org/int/dim/arcrole/domain-member" xlink:from="AssetsAbstract" xlink:to="OtherReceivables" xlink:title="definition: AssetsAbstract to OtherReceivables" order="3.0"/>
    <loc xlink:type="locator" xlink:href="https://raw.githubusercontent.com/xbrlus/cafr/dev/core/us-cafr_concept.xsd#us-cafr_DueFromOtherGovernmentEntities" xlink:label="DueFromOtherGovernmentEntities" xlink:title="DueFromOtherGovernmentEntities"/>
    <definitionArc xlink:type="arc" xlink:arcrole="http://xbrl.org/int/dim/arcrole/domain-member" xlink:from="AssetsAbstract" xlink:to="DueFromOtherGovernmentEntities" xlink:title="definition: AssetsAbstract to DueFromOtherGovernmentEntities" order="4.0"/>
    <loc xlink:type="locator" xlink:href="https://raw.githubusercontent.com/xbrlus/cafr/dev/core/us-cafr_concept.xsd#us-cafr_PrepaidOtherPostEmploymentBenefitsPlan" xlink:label="PrepaidOtherPostEmploymentBenefitsPlan" xlink:title="PrepaidOtherPostEmploymentBenefitsPlan"/>
    <definitionArc xlink:type="arc" xlink:arcrole="http://xbrl.org/int/dim/arcrole/domain-member" xlink:from="AssetsAbstract" xlink:to="PrepaidOtherPostEmploymentBenefitsPlan" xlink:title="definition: AssetsAbstract to PrepaidOtherPostEmploymentBenefitsPlan" order="5.0"/>
    <loc xlink:type="locator" xlink:href="https://raw.githubusercontent.com/xbrlus/cafr/dev/core/us-cafr_concept.xsd#us-cafr_Land" xlink:label="Land" xlink:title="Land"/>
    <definitionArc xlink:type="arc" xlink:arcrole="http://xbrl.org/int/dim/arcrole/domain-member" xlink:from="AssetsAbstract" xlink:to="Land" xlink:title="definition: AssetsAbstract to Land" order="6.0"/>
    <loc xlink:type="locator" xlink:href="va-t-ashl-20170630.xsd#va-t-ashl_BuildingsAndImprovements" xlink:label="BuildingsAndImprovements" xlink:title="BuildingsAndImprovements"/>
    <definitionArc xlink:type="arc" xlink:arcrole="http://xbrl.org/int/dim/arcrole/domain-member" xlink:from="AssetsAbstract" xlink:to="BuildingsAndImprovements" xlink:title="definition: AssetsAbstract to BuildingsAndImprovements" order="7.0"/>
    <loc xlink:type="locator" xlink:href="https://raw.githubusercontent.com/xbrlus/cafr/dev/core/us-cafr_concept.xsd#us-cafr_PlantAndEquipment" xlink:label="PlantAndEquipment" xlink:title="PlantAndEquipment"/>
    <definitionArc xlink:type="arc" xlink:arcrole="http://xbrl.org/int/dim/arcrole/domain-member" xlink:from="AssetsAbstract" xlink:to="PlantAndEquipment" xlink:title="definition: AssetsAbstract to PlantAndEquipment" order="8.0"/>
    <loc xlink:type="locator" xlink:href="va-t-ashl-20170630.xsd#va-t-ashl_Infrastructure" xlink:label="Infrastructure" xlink:title="Infrastructure"/>
    <definitionArc xlink:type="arc" xlink:arcrole="http://xbrl.org/int/dim/arcrole/domain-member" xlink:from="AssetsAbstract" xlink:to="Infrastructure" xlink:title="definition: AssetsAbstract to Infrastructure" order="9.0"/>
    <loc xlink:type="locator" xlink:href="va-t-ashl-20170630.xsd#va-t-ashl_Software" xlink:label="Software" xlink:title="Software"/>
    <definitionArc xlink:type="arc" xlink:arcrole="http://xbrl.org/int/dim/arcrole/domain-member" xlink:from="AssetsAbstract" xlink:to="Software" xlink:title="definition: AssetsAbstract to Software" order="10.0"/>
    <loc xlink:type="locator" xlink:href="https://raw.githubusercontent.com/xbrlus/cafr/dev/core/us-cafr_concept.xsd#us-cafr_ConstructionInProgressDepreciable" xlink:label="ConstructionInProgressDepreciable" xlink:title="ConstructionInProgressDepreciable"/>
    <definitionArc xlink:type="arc" xlink:arcrole="http://xbrl.org/int/dim/arcrole/domain-member" xlink:from="AssetsAbstract" xlink:to="ConstructionInProgressDepreciable" xlink:title="definition: AssetsAbstract to ConstructionInProgressDepreciable" order="11.0"/>
    <loc xlink:type="locator" xlink:href="https://raw.githubusercontent.com/xbrlus/cafr/dev/core/us-cafr_concept.xsd#us-cafr_AccumulatedDepreciationAndAmortization" xlink:label="AccumulatedDepreciationAndAmortization" xlink:title="AccumulatedDepreciationAndAmortization"/>
    <definitionArc xlink:type="arc" xlink:arcrole="http://xbrl.org/int/dim/arcrole/domain-member" xlink:from="AssetsAbstract" xlink:to="AccumulatedDepreciationAndAmortization" xlink:title="definition: AssetsAbstract to AccumulatedDepreciationAndAmortization" order="12.0"/>
    <loc xlink:type="locator" xlink:href="https://raw.githubusercontent.com/xbrlus/cafr/dev/core/us-cafr_concept.xsd#us-cafr_Assets" xlink:label="Assets" xlink:title="Assets"/>
    <definitionArc xlink:type="arc" xlink:arcrole="http://xbrl.org/int/dim/arcrole/domain-member" xlink:from="AssetsAbstract" xlink:to="Assets" xlink:title="definition: AssetsAbstract to Assets" order="13.0"/>
    <loc xlink:type="locator" xlink:href="https://raw.githubusercontent.com/xbrlus/cafr/dev/core/us-cafr_concept.xsd#us-cafr_DeferredOutflowsOfResourcesAbstract" xlink:label="DeferredOutflowsOfResourcesAbstract" xlink:title="DeferredOutflowsOfResourcesAbstract"/>
    <definitionArc xlink:type="arc" xlink:arcrole="http://xbrl.org/int/dim/arcrole/domain-member" xlink:from="AssetsAndDeferredOutflowsOfResourcesAbstract" xlink:to="DeferredOutflowsOfResourcesAbstract" xlink:title="definition: AssetsAndDeferredOutflowsOfResourcesAbstract to DeferredOutflowsOfResourcesAbstract" order="2.0"/>
    <loc xlink:type="locator" xlink:href="https://raw.githubusercontent.com/xbrlus/cafr/dev/core/us-cafr_concept.xsd#us-cafr_DeferredOutflowsForPensions" xlink:label="DeferredOutflowsForPensions" xlink:title="DeferredOutflowsForPensions"/>
    <definitionArc xlink:type="arc" xlink:arcrole="http://xbrl.org/int/dim/arcrole/domain-member" xlink:from="DeferredOutflowsOfResourcesAbstract" xlink:to="DeferredOutflowsForPensions" xlink:title="definition: DeferredOutflowsOfResourcesAbstract to DeferredOutflowsForPensions" order="1.0"/>
    <loc xlink:type="locator" xlink:href="https://raw.githubusercontent.com/xbrlus/cafr/dev/core/us-cafr_concept.xsd#us-cafr_LiabilitiesAndDeferredInflowsOfResourcesAndNetPositionAbstract" xlink:label="LiabilitiesAndDeferredInflowsOfResourcesAndNetPositionAbstract" xlink:title="LiabilitiesAndDeferredInflowsOfResourcesAndNetPositionAbstract"/>
    <definitionArc xlink:type="arc" xlink:arcrole="http://xbrl.org/int/dim/arcrole/domain-member" xlink:from="StatementOfNetPositionLineItem" xlink:to="LiabilitiesAndDeferredInflowsOfResourcesAndNetPositionAbstract" xlink:title="definition: StatementOfNetPositionLineItem to LiabilitiesAndDeferredInflowsOfResourcesAndNetPositionAbstract" order="2.0"/>
    <loc xlink:type="locator" xlink:href="va-t-ashl-20170630.xsd#va-t-ashl_AccountsAndDepositsPayable" xlink:label="AccountsAndDepositsPayable" xlink:title="AccountsAndDepositsPayable"/>
    <definitionArc xlink:type="arc" xlink:arcrole="http://xbrl.org/int/dim/arcrole/domain-member" xlink:from="LiabilitiesAndDeferredInflowsOfResourcesAndNetPositionAbstract" xlink:to="AccountsAndDepositsPayable" xlink:title="definition: LiabilitiesAndDeferredInflowsOfResourcesAndNetPositionAbstract to AccountsAndDepositsPayable" order="1.0"/>
    <loc xlink:type="locator" xlink:href="https://raw.githubusercontent.com/xbrlus/cafr/dev/core/us-cafr_concept.xsd#us-cafr_AccruedPayrollAndBenefitsAndRelatedLiabilities" xlink:label="AccruedPayrollAndBenefitsAndRelatedLiabilities" xlink:title="AccruedPayrollAndBenefitsAndRelatedLiabilities"/>
    <definitionArc xlink:type="arc" xlink:arcrole="http://xbrl.org/int/dim/arcrole/domain-member" xlink:from="LiabilitiesAndDeferredInflowsOfResourcesAndNetPositionAbstract" xlink:to="AccruedPayrollAndBenefitsAndRelatedLiabilities" xlink:title="definition: LiabilitiesAndDeferredInflowsOfResourcesAndNetPositionAbstract to AccruedPayrollAndBenefitsAndRelatedLiabilities" order="2.0"/>
    <loc xlink:type="locator" xlink:href="https://raw.githubusercontent.com/xbrlus/cafr/dev/core/us-cafr_concept.xsd#us-cafr_DueToOtherGovernmentEntities" xlink:label="DueToOtherGovernmentEntities" xlink:title="DueToOtherGovernmentEntities"/>
    <definitionArc xlink:type="arc" xlink:arcrole="http://xbrl.org/int/dim/arcrole/domain-member" xlink:from="LiabilitiesAndDeferredInflowsOfResourcesAndNetPositionAbstract" xlink:to="DueToOtherGovernmentEntities" xlink:title="definition: LiabilitiesAndDeferredInflowsOfResourcesAndNetPositionAbstract to DueToOtherGovernmentEntities" order="3.0"/>
    <loc xlink:type="locator" xlink:href="https://raw.githubusercontent.com/xbrlus/cafr/dev/core/us-cafr_concept.xsd#us-cafr_UnearnedRevenue" xlink:label="UnearnedRevenue" xlink:title="UnearnedRevenue"/>
    <definitionArc xlink:type="arc" xlink:arcrole="http://xbrl.org/int/dim/arcrole/domain-member" xlink:from="LiabilitiesAndDeferredInflowsOfResourcesAndNetPositionAbstract" xlink:to="UnearnedRevenue" xlink:title="definition: LiabilitiesAndDeferredInflowsOfResourcesAndNetPositionAbstract to UnearnedRevenue" order="4.0"/>
    <loc xlink:type="locator" xlink:href="va-t-ashl-20170630.xsd#va-t-ashl_PerformanceBondPayable" xlink:label="PerformanceBondPayable" xlink:title="PerformanceBondPayable"/>
    <definitionArc xlink:type="arc" xlink:arcrole="http://xbrl.org/int/dim/arcrole/domain-member" xlink:from="LiabilitiesAndDeferredInflowsOfResourcesAndNetPositionAbstract" xlink:to="PerformanceBondPayable" xlink:title="definition: LiabilitiesAndDeferredInflowsOfResourcesAndNetPositionAbstract to PerformanceBondPayable" order="5.0"/>
    <loc xlink:type="locator" xlink:href="https://raw.githubusercontent.com/xbrlus/cafr/dev/core/us-cafr_concept.xsd#us-cafr_CompensatedAbsences" xlink:label="CompensatedAbsences" xlink:title="CompensatedAbsences"/>
    <definitionArc xlink:type="arc" xlink:arcrole="http://xbrl.org/int/dim/arcrole/domain-member" xlink:from="LiabilitiesAndDeferredInflowsOfResourcesAndNetPositionAbstract" xlink:to="CompensatedAbsences" xlink:title="definition: LiabilitiesAndDeferredInflowsOfResourcesAndNetPositionAbstract to CompensatedAbsences" order="6.0"/>
    <loc xlink:type="locator" xlink:href="https://raw.githubusercontent.com/xbrlus/cafr/dev/core/us-cafr_concept.xsd#us-cafr_PensionLiability" xlink:label="PensionLiability" xlink:title="PensionLiability"/>
    <definitionArc xlink:type="arc" xlink:arcrole="http://xbrl.org/int/dim/arcrole/domain-member" xlink:from="LiabilitiesAndDeferredInflowsOfResourcesAndNetPositionAbstract" xlink:to="PensionLiability" xlink:title="definition: LiabilitiesAndDeferredInflowsOfResourcesAndNetPositionAbstract to PensionLiability" order="7.0"/>
    <loc xlink:type="locator" xlink:href="https://raw.githubusercontent.com/xbrlus/cafr/dev/core/us-cafr_concept.xsd#us-cafr_Liabilities" xlink:label="Liabilities" xlink:title="Liabilities"/>
    <definitionArc xlink:type="arc" xlink:arcrole="http://xbrl.org/int/dim/arcrole/domain-member" xlink:from="LiabilitiesAndDeferredInflowsOfResourcesAndNetPositionAbstract" xlink:to="Liabilities" xlink:title="definition: LiabilitiesAndDeferredInflowsOfResourcesAndNetPositionAbstract to Liabilities" order="8.0"/>
    <loc xlink:type="locator" xlink:href="https://raw.githubusercontent.com/xbrlus/cafr/dev/core/us-cafr_concept.xsd#us-cafr_DeferredInflowsOfResourcesAbstract" xlink:label="DeferredInflowsOfResourcesAbstract" xlink:title="DeferredInflowsOfResourcesAbstract"/>
    <definitionArc xlink:type="arc" xlink:arcrole="http://xbrl.org/int/dim/arcrole/domain-member" xlink:from="LiabilitiesAndDeferredInflowsOfResourcesAndNetPositionAbstract" xlink:to="DeferredInflowsOfResourcesAbstract" xlink:title="definition: LiabilitiesAndDeferredInflowsOfResourcesAndNetPositionAbstract to DeferredInflowsOfResourcesAbstract" order="9.0"/>
    <loc xlink:type="locator" xlink:href="https://raw.githubusercontent.com/xbrlus/cafr/dev/core/us-cafr_concept.xsd#us-cafr_DeferredInflowsFromPension" xlink:label="DeferredInflowsFromPension" xlink:title="DeferredInflowsFromPension"/>
    <definitionArc xlink:type="arc" xlink:arcrole="http://xbrl.org/int/dim/arcrole/domain-member" xlink:from="DeferredInflowsOfResourcesAbstract" xlink:to="DeferredInflowsFromPension" xlink:title="definition: DeferredInflowsOfResourcesAbstract to DeferredInflowsFromPension" order="1.0"/>
    <loc xlink:type="locator" xlink:href="https://raw.githubusercontent.com/xbrlus/cafr/dev/core/us-cafr_concept.xsd#us-cafr_InvestmentInCapitalAssets" xlink:label="InvestmentInCapitalAssets" xlink:title="InvestmentInCapitalAssets"/>
    <definitionArc xlink:type="arc" xlink:arcrole="http://xbrl.org/int/dim/arcrole/domain-member" xlink:from="LiabilitiesAndDeferredInflowsOfResourcesAndNetPositionAbstract" xlink:to="InvestmentInCapitalAssets" xlink:title="definition: LiabilitiesAndDeferredInflowsOfResourcesAndNetPositionAbstract to InvestmentInCapitalAssets" order="10.0"/>
    <loc xlink:type="locator" xlink:href="https://raw.githubusercontent.com/xbrlus/cafr/dev/core/us-cafr_concept.xsd#us-cafr_NetPosition" xlink:label="NetPosition" xlink:title="NetPosition"/>
    <definitionArc xlink:type="arc" xlink:arcrole="http://xbrl.org/int/dim/arcrole/domain-member" xlink:from="LiabilitiesAndDeferredInflowsOfResourcesAndNetPositionAbstract" xlink:to="NetPosition" xlink:title="definition: LiabilitiesAndDeferredInflowsOfResourcesAndNetPositionAbstract to NetPosition" order="11.0"/>
  </definitionLink>
  <definitionLink xlink:type="extended" xlink:role="http://www.town.ashland.va.us/role/StatementOfActivitiesGovernmentWideProgramGeneralRevenuesAndExpenses">
    <loc xlink:type="locator" xlink:href="https://raw.githubusercontent.com/xbrlus/cafr/dev/core/us-cafr_concept.xsd#us-cafr_TypeOfActivitiesAxis" xlink:label="TypeOfActivitiesAxis" xlink:title="TypeOfActivitiesAxis"/>
    <loc xlink:type="locator" xlink:href="https://raw.githubusercontent.com/xbrlus/cafr/dev/core/us-cafr_concept.xsd#us-cafr_TypeOfActivitiesDomain" xlink:label="TypeOfActivitiesDomain" xlink:title="TypeOfActivitiesDomain"/>
    <definitionArc xlink:type="arc" xlink:arcrole="http://xbrl.org/int/dim/arcrole/dimension-domain" xlink:from="TypeOfActivitiesAxis" xlink:to="TypeOfActivitiesDomain" xlink:title="definition: TypeOfActivitiesAxis to TypeOfActivitiesDomain" order="1.0"/>
    <loc xlink:type="locator" xlink:href="https://raw.githubusercontent.com/xbrlus/cafr/dev/core/us-cafr_concept.xsd#us-cafr_TypeOfActivitiesDomain" xlink:label="TypeOfActivitiesDomain_2" xlink:title="TypeOfActivitiesDomain"/>
    <definitionArc xlink:type="arc" xlink:arcrole="http://xbrl.org/int/dim/arcrole/dimension-default" xlink:from="TypeOfActivitiesAxis" xlink:to="TypeOfActivitiesDomain_2" xlink:title="definition: TypeOfActivitiesAxis to TypeOfActivitiesDomain" priority="1" order="2.0"/>
    <loc xlink:type="locator" xlink:href="https://raw.githubusercontent.com/xbrlus/cafr/dev/core/us-cafr_concept.xsd#us-cafr_GovernmentalActivitiesMember" xlink:label="GovernmentalActivitiesMember" xlink:title="GovernmentalActivitiesMember"/>
    <definitionArc xlink:type="arc" xlink:arcrole="http://xbrl.org/int/dim/arcrole/domain-member" xlink:from="TypeOfActivitiesDomain" xlink:to="GovernmentalActivitiesMember" xlink:title="definition: TypeOfActivitiesDomain to GovernmentalActivitiesMember" order="1.0"/>
    <loc xlink:type="locator" xlink:href="https://raw.githubusercontent.com/xbrlus/cafr/dev/core/us-cafr_concept.xsd#us-cafr_ComponentUnitAxis" xlink:label="ComponentUnitAxis" xlink:title="ComponentUnitAxis"/>
    <loc xlink:type="locator" xlink:href="https://raw.githubusercontent.com/xbrlus/cafr/dev/core/us-cafr_concept.xsd#us-cafr_ComponentUnitDomain" xlink:label="ComponentUnitDomain" xlink:title="ComponentUnitDomain"/>
    <definitionArc xlink:type="arc" xlink:arcrole="http://xbrl.org/int/dim/arcrole/dimension-domain" xlink:from="ComponentUnitAxis" xlink:to="ComponentUnitDomain" xlink:title="definition: ComponentUnitAxis to ComponentUnitDomain" order="1.0"/>
    <loc xlink:type="locator" xlink:href="https://raw.githubusercontent.com/xbrlus/cafr/dev/core/us-cafr_concept.xsd#us-cafr_ComponentUnitDomain" xlink:label="ComponentUnitDomain_2" xlink:title="ComponentUnitDomain"/>
    <definitionArc xlink:type="arc" xlink:arcrole="http://xbrl.org/int/dim/arcrole/dimension-default" xlink:from="ComponentUnitAxis" xlink:to="ComponentUnitDomain_2" xlink:title="definition: ComponentUnitAxis to ComponentUnitDomain" priority="1" order="2.0"/>
    <loc xlink:type="locator" xlink:href="https://raw.githubusercontent.com/xbrlus/cafr/dev/core/us-cafr_concept.xsd#us-cafr_ComponentUnitMember" xlink:label="ComponentUnitMember" xlink:title="ComponentUnitMember"/>
    <definitionArc xlink:type="arc" xlink:arcrole="http://xbrl.org/int/dim/arcrole/domain-member" xlink:from="ComponentUnitDomain" xlink:to="ComponentUnitMember" xlink:title="definition: ComponentUnitDomain to ComponentUnitMember" order="1.0"/>
    <loc xlink:type="locator" xlink:href="https://raw.githubusercontent.com/xbrlus/cafr/dev/core/us-cafr_concept.xsd#us-cafr_StatementOfActivitiesAbstract" xlink:label="StatementOfActivitiesAbstract" xlink:title="StatementOfActivitiesAbstract"/>
    <loc xlink:type="locator" xlink:href="va-t-ashl-20170630.xsd#va-t-ashl_StatementOfActivitiesTable" xlink:label="StatementOfActivitiesTable" xlink:title="StatementOfActivitiesTable"/>
    <definitionArc xlink:type="arc" xlink:arcrole="http://xbrl.org/int/dim/arcrole/all" xlink:from="StatementOfActivitiesAbstract" xlink:to="StatementOfActivitiesTable" xlink:title="definition: StatementOfActivitiesAbstract to StatementOfActivitiesTable" order="1.0" xbrldt:contextElement="segment"/>
    <definitionArc xlink:type="arc" xlink:arcrole="http://xbrl.org/int/dim/arcrole/hypercube-dimension" xlink:from="StatementOfActivitiesTable" xlink:to="TypeOfActivitiesAxis" xlink:title="definition: StatementOfActivitiesTable to TypeOfActivitiesAxis" order="1.0"/>
    <definitionArc xlink:type="arc" xlink:arcrole="http://xbrl.org/int/dim/arcrole/hypercube-dimension" xlink:from="StatementOfActivitiesTable" xlink:to="ComponentUnitAxis" xlink:title="definition: StatementOfActivitiesTable to ComponentUnitAxis" order="2.0"/>
    <loc xlink:type="locator" xlink:href="va-t-ashl-20170630.xsd#va-t-ashl_NameOfProgramOrFunctionAxis" xlink:label="NameOfProgramOrFunctionAxis" xlink:title="NameOfProgramOrFunctionAxis"/>
    <definitionArc xlink:type="arc" xlink:arcrole="http://xbrl.org/int/dim/arcrole/hypercube-dimension" xlink:from="StatementOfActivitiesTable" xlink:to="NameOfProgramOrFunctionAxis" xlink:title="definition: StatementOfActivitiesTable to NameOfProgramOrFunctionAxis" order="3.0"/>
    <loc xlink:type="locator" xlink:href="va-t-ashl-20170630.xsd#va-t-ashl_NameOfProgramOrFunctionDomain" xlink:label="NameOfProgramOrFunctionDomain" xlink:title="NameOfProgramOrFunctionDomain"/>
    <definitionArc xlink:type="arc" xlink:arcrole="http://xbrl.org/int/dim/arcrole/dimension-domain" xlink:from="NameOfProgramOrFunctionAxis" xlink:to="NameOfProgramOrFunctionDomain" xlink:title="definition: NameOfProgramOrFunctionAxis to NameOfProgramOrFunctionDomain" order="1.0"/>
    <loc xlink:type="locator" xlink:href="va-t-ashl-20170630.xsd#va-t-ashl_NameOfProgramOrFunctionDomain" xlink:label="NameOfProgramOrFunctionDomain_2" xlink:title="NameOfProgramOrFunctionDomain"/>
    <definitionArc xlink:type="arc" xlink:arcrole="http://xbrl.org/int/dim/arcrole/dimension-default" xlink:from="NameOfProgramOrFunctionAxis" xlink:to="NameOfProgramOrFunctionDomain_2" xlink:title="definition: NameOfProgramOrFunctionAxis to NameOfProgramOrFunctionDomain" priority="1" order="2.0"/>
    <loc xlink:type="locator" xlink:href="va-t-ashl-20170630.xsd#va-t-ashl_GeneralGovernmentAdministrationMember" xlink:label="GeneralGovernmentAdministrationMember" xlink:title="GeneralGovernmentAdministrationMember"/>
    <definitionArc xlink:type="arc" xlink:arcrole="http://xbrl.org/int/dim/arcrole/domain-member" xlink:from="NameOfProgramOrFunctionDomain" xlink:to="GeneralGovernmentAdministrationMember" xlink:title="definition: NameOfProgramOrFunctionDomain to GeneralGovernmentAdministrationMember" order="1.0"/>
    <loc xlink:type="locator" xlink:href="va-t-ashl-20170630.xsd#va-t-ashl_PublicSafetyMember" xlink:label="PublicSafetyMember" xlink:title="PublicSafetyMember"/>
    <definitionArc xlink:type="arc" xlink:arcrole="http://xbrl.org/int/dim/arcrole/domain-member" xlink:from="NameOfProgramOrFunctionDomain" xlink:to="PublicSafetyMember" xlink:title="definition: NameOfProgramOrFunctionDomain to PublicSafetyMember" order="2.0"/>
    <loc xlink:type="locator" xlink:href="va-t-ashl-20170630.xsd#va-t-ashl_PublicWorksMember" xlink:label="PublicWorksMember" xlink:title="PublicWorksMember"/>
    <definitionArc xlink:type="arc" xlink:arcrole="http://xbrl.org/int/dim/arcrole/domain-member" xlink:from="NameOfProgramOrFunctionDomain" xlink:to="PublicWorksMember" xlink:title="definition: NameOfProgramOrFunctionDomain to PublicWorksMember" order="3.0"/>
    <loc xlink:type="locator" xlink:href="va-t-ashl-20170630.xsd#va-t-ashl_ParksAndRecreationMember" xlink:label="ParksAndRecreationMember" xlink:title="ParksAndRecreationMember"/>
    <definitionArc xlink:type="arc" xlink:arcrole="http://xbrl.org/int/dim/arcrole/domain-member" xlink:from="NameOfProgramOrFunctionDomain" xlink:to="ParksAndRecreationMember" xlink:title="definition: NameOfProgramOrFunctionDomain to ParksAndRecreationMember" order="4.0"/>
    <loc xlink:type="locator" xlink:href="va-t-ashl-20170630.xsd#va-t-ashl_CommunityDevelopmentMember" xlink:label="CommunityDevelopmentMember" xlink:title="CommunityDevelopmentMember"/>
    <definitionArc xlink:type="arc" xlink:arcrole="http://xbrl.org/int/dim/arcrole/domain-member" xlink:from="NameOfProgramOrFunctionDomain" xlink:to="CommunityDevelopmentMember" xlink:title="definition: NameOfProgramOrFunctionDomain to CommunityDevelopmentMember" order="5.0"/>
    <loc xlink:type="locator" xlink:href="va-t-ashl-20170630.xsd#va-t-ashl_StatementOfActivitiesLineItem" xlink:label="StatementOfActivitiesLineItem" xlink:title="StatementOfActivitiesLineItem"/>
    <definitionArc xlink:type="arc" xlink:arcrole="http://xbrl.org/int/dim/arcrole/domain-member" xlink:from="StatementOfActivitiesAbstract" xlink:to="StatementOfActivitiesLineItem" xlink:title="definition: StatementOfActivitiesAbstract to StatementOfActivitiesLineItem" order="2.0"/>
    <loc xlink:type="locator" xlink:href="https://raw.githubusercontent.com/xbrlus/cafr/dev/core/us-cafr_concept.xsd#us-cafr_ExpensesAbstract" xlink:label="ExpensesAbstract" xlink:title="ExpensesAbstract"/>
    <definitionArc xlink:type="arc" xlink:arcrole="http://xbrl.org/int/dim/arcrole/domain-member" xlink:from="StatementOfActivitiesLineItem" xlink:to="ExpensesAbstract" xlink:title="definition: StatementOfActivitiesLineItem to ExpensesAbstract" order="1.0"/>
    <loc xlink:type="locator" xlink:href="https://raw.githubusercontent.com/xbrlus/cafr/dev/core/us-cafr_concept.xsd#us-cafr_ExpensesForGeneralGovernmentLegislativeAndExecutive" xlink:label="ExpensesForGeneralGovernmentLegislativeAndExecutive" xlink:title="ExpensesForGeneralGovernmentLegislativeAndExecutive"/>
    <definitionArc xlink:type="arc" xlink:arcrole="http://xbrl.org/int/dim/arcrole/domain-member" xlink:from="ExpensesAbstract" xlink:to="ExpensesForGeneralGovernmentLegislativeAndExecutive" xlink:title="definition: ExpensesAbstract to ExpensesForGeneralGovernmentLegislativeAndExecutive" order="1.0"/>
    <loc xlink:type="locator" xlink:href="https://raw.githubusercontent.com/xbrlus/cafr/dev/core/us-cafr_concept.xsd#us-cafr_ExpensesForPublicSafety" xlink:label="ExpensesForPublicSafety" xlink:title="ExpensesForPublicSafety"/>
    <definitionArc xlink:type="arc" xlink:arcrole="http://xbrl.org/int/dim/arcrole/domain-member" xlink:from="ExpensesAbstract" xlink:to="ExpensesForPublicSafety" xlink:title="definition: ExpensesAbstract to ExpensesForPublicSafety" order="2.0"/>
    <loc xlink:type="locator" xlink:href="https://raw.githubusercontent.com/xbrlus/cafr/dev/core/us-cafr_concept.xsd#us-cafr_ExpensesForPublicWorks" xlink:label="ExpensesForPublicWorks" xlink:title="ExpensesForPublicWorks"/>
    <definitionArc xlink:type="arc" xlink:arcrole="http://xbrl.org/int/dim/arcrole/domain-member" xlink:from="ExpensesAbstract" xlink:to="ExpensesForPublicWorks" xlink:title="definition: ExpensesAbstract to ExpensesForPublicWorks" order="3.0"/>
    <loc xlink:type="locator" xlink:href="va-t-ashl-20170630.xsd#va-t-ashl_ExpensesForParksRecreationAndCultural" xlink:label="ExpensesForParksRecreationAndCultural" xlink:title="ExpensesForParksRecreationAndCultural"/>
    <definitionArc xlink:type="arc" xlink:arcrole="http://xbrl.org/int/dim/arcrole/domain-member" xlink:from="ExpensesAbstract" xlink:to="ExpensesForParksRecreationAndCultural" xlink:title="definition: ExpensesAbstract to ExpensesForParksRecreationAndCultural" order="4.0"/>
    <loc xlink:type="locator" xlink:href="https://raw.githubusercontent.com/xbrlus/cafr/dev/core/us-cafr_concept.xsd#us-cafr_ExpensesForCommunityDevelopment" xlink:label="ExpensesForCommunityDevelopment" xlink:title="ExpensesForCommunityDevelopment"/>
    <definitionArc xlink:type="arc" xlink:arcrole="http://xbrl.org/int/dim/arcrole/domain-member" xlink:from="ExpensesAbstract" xlink:to="ExpensesForCommunityDevelopment" xlink:title="definition: ExpensesAbstract to ExpensesForCommunityDevelopment" order="5.0"/>
    <loc xlink:type="locator" xlink:href="https://raw.githubusercontent.com/xbrlus/cafr/dev/core/us-cafr_concept.xsd#us-cafr_Expenses" xlink:label="Expenses" xlink:title="Expenses"/>
    <definitionArc xlink:type="arc" xlink:arcrole="http://xbrl.org/int/dim/arcrole/domain-member" xlink:from="ExpensesAbstract" xlink:to="Expenses" xlink:title="definition: ExpensesAbstract to Expenses" order="6.0"/>
    <loc xlink:type="locator" xlink:href="https://raw.githubusercontent.com/xbrlus/cafr/dev/core/us-cafr_concept.xsd#us-cafr_RevenuesAbstract" xlink:label="RevenuesAbstract" xlink:title="RevenuesAbstract"/>
    <definitionArc xlink:type="arc" xlink:arcrole="http://xbrl.org/int/dim/arcrole/domain-member" xlink:from="StatementOfActivitiesLineItem" xlink:to="RevenuesAbstract" xlink:title="definition: StatementOfActivitiesLineItem to RevenuesAbstract" order="2.0"/>
    <loc xlink:type="locator" xlink:href="https://raw.githubusercontent.com/xbrlus/cafr/dev/core/us-cafr_concept.xsd#us-cafr_RevenueFromChargesForServicesAndSales" xlink:label="RevenueFromChargesForServicesAndSales" xlink:title="RevenueFromChargesForServicesAndSales"/>
    <definitionArc xlink:type="arc" xlink:arcrole="http://xbrl.org/int/dim/arcrole/domain-member" xlink:from="RevenuesAbstract" xlink:to="RevenueFromChargesForServicesAndSales" xlink:title="definition: RevenuesAbstract to RevenueFromChargesForServicesAndSales" order="1.0"/>
    <loc xlink:type="locator" xlink:href="https://raw.githubusercontent.com/xbrlus/cafr/dev/core/us-cafr_concept.xsd#us-cafr_RevenueFromOperatingGrantsAndContributionsAndInterest" xlink:label="RevenueFromOperatingGrantsAndContributionsAndInterest" xlink:title="RevenueFromOperatingGrantsAndContributionsAndInterest"/>
    <definitionArc xlink:type="arc" xlink:arcrole="http://xbrl.org/int/dim/arcrole/domain-member" xlink:from="RevenuesAbstract" xlink:to="RevenueFromOperatingGrantsAndContributionsAndInterest" xlink:title="definition: RevenuesAbstract to RevenueFromOperatingGrantsAndContributionsAndInterest" order="2.0"/>
    <loc xlink:type="locator" xlink:href="https://raw.githubusercontent.com/xbrlus/cafr/dev/core/us-cafr_concept.xsd#us-cafr_RevenueFromCapitalGrantsAndContributionsAndInterest" xlink:label="RevenueFromCapitalGrantsAndContributionsAndInterest" xlink:title="RevenueFromCapitalGrantsAndContributionsAndInterest"/>
    <definitionArc xlink:type="arc" xlink:arcrole="http://xbrl.org/int/dim/arcrole/domain-member" xlink:from="RevenuesAbstract" xlink:to="RevenueFromCapitalGrantsAndContributionsAndInterest" xlink:title="definition: RevenuesAbstract to RevenueFromCapitalGrantsAndContributionsAndInterest" order="3.0"/>
    <loc xlink:type="locator" xlink:href="va-t-ashl-20170630.xsd#va-t-ashl_NetExpenseRevenue" xlink:label="NetExpenseRevenue" xlink:title="NetExpenseRevenue"/>
    <definitionArc xlink:type="arc" xlink:arcrole="http://xbrl.org/int/dim/arcrole/domain-member" xlink:from="StatementOfActivitiesLineItem" xlink:to="NetExpenseRevenue" xlink:title="definition: StatementOfActivitiesLineItem to NetExpenseRevenue" order="3.0"/>
    <loc xlink:type="locator" xlink:href="https://raw.githubusercontent.com/xbrlus/cafr/dev/core/us-cafr_concept.xsd#us-cafr_GeneralRevenuesAbstract" xlink:label="GeneralRevenuesAbstract" xlink:title="GeneralRevenuesAbstract"/>
    <definitionArc xlink:type="arc" xlink:arcrole="http://xbrl.org/int/dim/arcrole/domain-member" xlink:from="StatementOfActivitiesLineItem" xlink:to="GeneralRevenuesAbstract" xlink:title="definition: StatementOfActivitiesLineItem to GeneralRevenuesAbstract" order="4.0"/>
    <loc xlink:type="locator" xlink:href="https://raw.githubusercontent.com/xbrlus/cafr/dev/core/us-cafr_concept.xsd#us-cafr_RevenueFromPropertyTaxes" xlink:label="RevenueFromPropertyTaxes" xlink:title="RevenueFromPropertyTaxes"/>
    <definitionArc xlink:type="arc" xlink:arcrole="http://xbrl.org/int/dim/arcrole/domain-member" xlink:from="GeneralRevenuesAbstract" xlink:to="RevenueFromPropertyTaxes" xlink:title="definition: GeneralRevenuesAbstract to RevenueFromPropertyTaxes" order="1.0"/>
    <loc xlink:type="locator" xlink:href="https://raw.githubusercontent.com/xbrlus/cafr/dev/core/us-cafr_concept.xsd#us-cafr_RevenueFromContributions" xlink:label="RevenueFromContributions" xlink:title="RevenueFromContributions"/>
    <definitionArc xlink:type="arc" xlink:arcrole="http://xbrl.org/int/dim/arcrole/domain-member" xlink:from="GeneralRevenuesAbstract" xlink:to="RevenueFromContributions" xlink:title="definition: GeneralRevenuesAbstract to RevenueFromContributions" order="2.0"/>
    <loc xlink:type="locator" xlink:href="va-t-ashl-20170630.xsd#va-t-ashl_RevenueFromMealsTax" xlink:label="RevenueFromMealsTax" xlink:title="RevenueFromMealsTax"/>
    <definitionArc xlink:type="arc" xlink:arcrole="http://xbrl.org/int/dim/arcrole/domain-member" xlink:from="GeneralRevenuesAbstract" xlink:to="RevenueFromMealsTax" xlink:title="definition: GeneralRevenuesAbstract to RevenueFromMealsTax" order="3.0"/>
    <loc xlink:type="locator" xlink:href="va-t-ashl-20170630.xsd#va-t-ashl_RevenueFromTransientOccupancy" xlink:label="RevenueFromTransientOccupancy" xlink:title="RevenueFromTransientOccupancy"/>
    <definitionArc xlink:type="arc" xlink:arcrole="http://xbrl.org/int/dim/arcrole/domain-member" xlink:from="GeneralRevenuesAbstract" xlink:to="RevenueFromTransientOccupancy" xlink:title="definition: GeneralRevenuesAbstract to RevenueFromTransientOccupancy" order="4.0"/>
    <loc xlink:type="locator" xlink:href="va-t-ashl-20170630.xsd#va-t-ashl_RevenueFromBusinessLicensesTax" xlink:label="RevenueFromBusinessLicensesTax" xlink:title="RevenueFromBusinessLicensesTax"/>
    <definitionArc xlink:type="arc" xlink:arcrole="http://xbrl.org/int/dim/arcrole/domain-member" xlink:from="GeneralRevenuesAbstract" xlink:to="RevenueFromBusinessLicensesTax" xlink:title="definition: GeneralRevenuesAbstract to RevenueFromBusinessLicensesTax" order="5.0"/>
    <loc xlink:type="locator" xlink:href="va-t-ashl-20170630.xsd#va-t-ashl_RevenueFromLocalSalesAndUse" xlink:label="RevenueFromLocalSalesAndUse" xlink:title="RevenueFromLocalSalesAndUse"/>
    <definitionArc xlink:type="arc" xlink:arcrole="http://xbrl.org/int/dim/arcrole/domain-member" xlink:from="GeneralRevenuesAbstract" xlink:to="RevenueFromLocalSalesAndUse" xlink:title="definition: GeneralRevenuesAbstract to RevenueFromLocalSalesAndUse" order="6.0"/>
    <loc xlink:type="locator" xlink:href="https://raw.githubusercontent.com/xbrlus/cafr/dev/core/us-cafr_concept.xsd#us-cafr_RevenueFromOtherTaxes" xlink:label="RevenueFromOtherTaxes" xlink:title="RevenueFromOtherTaxes"/>
    <definitionArc xlink:type="arc" xlink:arcrole="http://xbrl.org/int/dim/arcrole/domain-member" xlink:from="GeneralRevenuesAbstract" xlink:to="RevenueFromOtherTaxes" xlink:title="definition: GeneralRevenuesAbstract to RevenueFromOtherTaxes" order="7.0"/>
    <loc xlink:type="locator" xlink:href="https://raw.githubusercontent.com/xbrlus/cafr/dev/core/us-cafr_concept.xsd#us-cafr_RevenueFromInterGovernmentalTransactions" xlink:label="RevenueFromInterGovernmentalTransactions" xlink:title="RevenueFromInterGovernmentalTransactions"/>
    <definitionArc xlink:type="arc" xlink:arcrole="http://xbrl.org/int/dim/arcrole/domain-member" xlink:from="GeneralRevenuesAbstract" xlink:to="RevenueFromInterGovernmentalTransactions" xlink:title="definition: GeneralRevenuesAbstract to RevenueFromInterGovernmentalTransactions" order="8.0"/>
    <loc xlink:type="locator" xlink:href="va-t-ashl-20170630.xsd#va-t-ashl_RevenueFromUseOfMoneyAndProperty" xlink:label="RevenueFromUseOfMoneyAndProperty" xlink:title="RevenueFromUseOfMoneyAndProperty"/>
    <definitionArc xlink:type="arc" xlink:arcrole="http://xbrl.org/int/dim/arcrole/domain-member" xlink:from="GeneralRevenuesAbstract" xlink:to="RevenueFromUseOfMoneyAndProperty" xlink:title="definition: GeneralRevenuesAbstract to RevenueFromUseOfMoneyAndProperty" order="9.0"/>
    <loc xlink:type="locator" xlink:href="https://raw.githubusercontent.com/xbrlus/cafr/dev/core/us-cafr_concept.xsd#us-cafr_OtherGeneralRevenues" xlink:label="OtherGeneralRevenues" xlink:title="OtherGeneralRevenues"/>
    <definitionArc xlink:type="arc" xlink:arcrole="http://xbrl.org/int/dim/arcrole/domain-member" xlink:from="GeneralRevenuesAbstract" xlink:to="OtherGeneralRevenues" xlink:title="definition: GeneralRevenuesAbstract to OtherGeneralRevenues" order="10.0"/>
    <loc xlink:type="locator" xlink:href="https://raw.githubusercontent.com/xbrlus/cafr/dev/core/us-cafr_concept.xsd#us-cafr_GeneralRevenues" xlink:label="GeneralRevenues" xlink:title="GeneralRevenues"/>
    <definitionArc xlink:type="arc" xlink:arcrole="http://xbrl.org/int/dim/arcrole/domain-member" xlink:from="GeneralRevenuesAbstract" xlink:to="GeneralRevenues" xlink:title="definition: GeneralRevenuesAbstract to GeneralRevenues" order="11.0"/>
    <loc xlink:type="locator" xlink:href="https://raw.githubusercontent.com/xbrlus/cafr/dev/core/us-cafr_concept.xsd#us-cafr_ChangesInNetPosition" xlink:label="ChangesInNetPosition" xlink:title="ChangesInNetPosition"/>
    <definitionArc xlink:type="arc" xlink:arcrole="http://xbrl.org/int/dim/arcrole/domain-member" xlink:from="StatementOfActivitiesLineItem" xlink:to="ChangesInNetPosition" xlink:title="definition: StatementOfActivitiesLineItem to ChangesInNetPosition" order="5.0"/>
    <loc xlink:type="locator" xlink:href="https://raw.githubusercontent.com/xbrlus/cafr/dev/core/us-cafr_concept.xsd#us-cafr_NetPosition" xlink:label="NetPosition" xlink:title="NetPosition"/>
    <definitionArc xlink:type="arc" xlink:arcrole="http://xbrl.org/int/dim/arcrole/domain-member" xlink:from="StatementOfActivitiesLineItem" xlink:to="NetPosition" xlink:title="definition: StatementOfActivitiesLineItem to NetPosition" order="6.0"/>
  </definitionLink>
  <definitionLink xlink:type="extended" xlink:role="http://www.town.ashland.va.us/role/balanceSheetGovernmentalFunds">
    <loc xlink:type="locator" xlink:href="https://raw.githubusercontent.com/xbrlus/cafr/dev/core/us-cafr_concept.xsd#us-cafr_TypeOfRestrictionAxis" xlink:label="TypeOfRestrictionAxis" xlink:title="TypeOfRestrictionAxis"/>
    <loc xlink:type="locator" xlink:href="https://raw.githubusercontent.com/xbrlus/cafr/dev/core/us-cafr_concept.xsd#us-cafr_TypeOfRestrictionDomain" xlink:label="TypeOfRestrictionDomain" xlink:title="TypeOfRestrictionDomain"/>
    <definitionArc xlink:type="arc" xlink:arcrole="http://xbrl.org/int/dim/arcrole/dimension-domain" xlink:from="TypeOfRestrictionAxis" xlink:to="TypeOfRestrictionDomain" xlink:title="definition: TypeOfRestrictionAxis to TypeOfRestrictionDomain" order="1.0"/>
    <loc xlink:type="locator" xlink:href="https://raw.githubusercontent.com/xbrlus/cafr/dev/core/us-cafr_concept.xsd#us-cafr_TypeOfRestrictionDomain" xlink:label="TypeOfRestrictionDomain_2" xlink:title="TypeOfRestrictionDomain"/>
    <definitionArc xlink:type="arc" xlink:arcrole="http://xbrl.org/int/dim/arcrole/dimension-default" xlink:from="TypeOfRestrictionAxis" xlink:to="TypeOfRestrictionDomain_2" xlink:title="definition: TypeOfRestrictionAxis to TypeOfRestrictionDomain" priority="1" order="2.0"/>
    <loc xlink:type="locator" xlink:href="https://raw.githubusercontent.com/xbrlus/cafr/dev/core/us-cafr_concept.xsd#us-cafr_CommittedMember" xlink:label="CommittedMember" xlink:title="CommittedMember"/>
    <definitionArc xlink:type="arc" xlink:arcrole="http://xbrl.org/int/dim/arcrole/domain-member" xlink:from="TypeOfRestrictionDomain" xlink:to="CommittedMember" xlink:title="definition: TypeOfRestrictionDomain to CommittedMember" order="2.0"/>
    <loc xlink:type="locator" xlink:href="https://raw.githubusercontent.com/xbrlus/cafr/dev/core/us-cafr_concept.xsd#us-cafr_UnassignedMember" xlink:label="UnassignedMember" xlink:title="UnassignedMember"/>
    <definitionArc xlink:type="arc" xlink:arcrole="http://xbrl.org/int/dim/arcrole/domain-member" xlink:from="TypeOfRestrictionDomain" xlink:to="UnassignedMember" xlink:title="definition: TypeOfRestrictionDomain to UnassignedMember" order="3.0"/>
    <loc xlink:type="locator" xlink:href="https://raw.githubusercontent.com/xbrlus/cafr/dev/core/us-cafr_concept.xsd#us-cafr_AssetsAndDeferredOutflowsOfResourcesAbstract" xlink:label="AssetsAndDeferredOutflowsOfResourcesAbstract" xlink:title="AssetsAndDeferredOutflowsOfResourcesAbstract"/>
    <loc xlink:type="locator" xlink:href="https://raw.githubusercontent.com/xbrlus/cafr/dev/core/us-cafr_concept.xsd#us-cafr_AssetsAbstract" xlink:label="AssetsAbstract" xlink:title="AssetsAbstract"/>
    <definitionArc xlink:type="arc" xlink:arcrole="http://xbrl.org/int/dim/arcrole/domain-member" xlink:from="AssetsAndDeferredOutflowsOfResourcesAbstract" xlink:to="AssetsAbstract" xlink:title="definition: AssetsAndDeferredOutflowsOfResourcesAbstract to AssetsAbstract" order="1.0"/>
    <loc xlink:type="locator" xlink:href="https://raw.githubusercontent.com/xbrlus/cafr/dev/core/us-cafr_concept.xsd#us-cafr_CashAndCashEquivalents" xlink:label="CashAndCashEquivalents" xlink:title="CashAndCashEquivalents"/>
    <definitionArc xlink:type="arc" xlink:arcrole="http://xbrl.org/int/dim/arcrole/domain-member" xlink:from="AssetsAbstract" xlink:to="CashAndCashEquivalents" xlink:title="definition: AssetsAbstract to CashAndCashEquivalents" order="1.0"/>
    <loc xlink:type="locator" xlink:href="https://raw.githubusercontent.com/xbrlus/cafr/dev/core/us-cafr_concept.xsd#us-cafr_PropertyTaxesReceivable" xlink:label="PropertyTaxesReceivable" xlink:title="PropertyTaxesReceivable"/>
    <definitionArc xlink:type="arc" xlink:arcrole="http://xbrl.org/int/dim/arcrole/domain-member" xlink:from="AssetsAbstract" xlink:to="PropertyTaxesReceivable" xlink:title="definition: AssetsAbstract to PropertyTaxesReceivable" order="2.0"/>
    <loc xlink:type="locator" xlink:href="https://raw.githubusercontent.com/xbrlus/cafr/dev/core/us-cafr_concept.xsd#us-cafr_OtherReceivables" xlink:label="OtherReceivables" xlink:title="OtherReceivables"/>
    <definitionArc xlink:type="arc" xlink:arcrole="http://xbrl.org/int/dim/arcrole/domain-member" xlink:from="AssetsAbstract" xlink:to="OtherReceivables" xlink:title="definition: AssetsAbstract to OtherReceivables" order="3.0"/>
    <loc xlink:type="locator" xlink:href="https://raw.githubusercontent.com/xbrlus/cafr/dev/core/us-cafr_concept.xsd#us-cafr_DueFromOtherGovernmentEntities" xlink:label="DueFromOtherGovernmentEntities" xlink:title="DueFromOtherGovernmentEntities"/>
    <definitionArc xlink:type="arc" xlink:arcrole="http://xbrl.org/int/dim/arcrole/domain-member" xlink:from="AssetsAbstract" xlink:to="DueFromOtherGovernmentEntities" xlink:title="definition: AssetsAbstract to DueFromOtherGovernmentEntities" order="4.0"/>
    <loc xlink:type="locator" xlink:href="https://raw.githubusercontent.com/xbrlus/cafr/dev/core/us-cafr_concept.xsd#us-cafr_Assets" xlink:label="Assets" xlink:title="Assets"/>
    <definitionArc xlink:type="arc" xlink:arcrole="http://xbrl.org/int/dim/arcrole/domain-member" xlink:from="AssetsAbstract" xlink:to="Assets" xlink:title="definition: AssetsAbstract to Assets" order="5.0"/>
    <loc xlink:type="locator" xlink:href="https://raw.githubusercontent.com/xbrlus/cafr/dev/core/us-cafr_concept.xsd#us-cafr_GovernmentalFundsBalanceSheetAbstract" xlink:label="GovernmentalFundsBalanceSheetAbstract" xlink:title="GovernmentalFundsBalanceSheetAbstract"/>
    <loc xlink:type="locator" xlink:href="va-t-ashl-20170630.xsd#va-t-ashl_BalanceSheetGovernmentalFundTable" xlink:label="BalanceSheetGovernmentalFundTable" xlink:title="BalanceSheetGovernmentalFundTable"/>
    <definitionArc xlink:type="arc" xlink:arcrole="http://xbrl.org/int/dim/arcrole/all" xlink:from="GovernmentalFundsBalanceSheetAbstract" xlink:to="BalanceSheetGovernmentalFundTable" xlink:title="definition: GovernmentalFundsBalanceSheetAbstract to BalanceSheetGovernmentalFundTable" order="1.0" xbrldt:contextElement="segment"/>
    <loc xlink:type="locator" xlink:href="https://raw.githubusercontent.com/xbrlus/cafr/dev/core/us-cafr_concept.xsd#us-cafr_TypeOfGovernmentalFundsAxis" xlink:label="TypeOfGovernmentalFundsAxis" xlink:title="TypeOfGovernmentalFundsAxis"/>
    <definitionArc xlink:type="arc" xlink:arcrole="http://xbrl.org/int/dim/arcrole/hypercube-dimension" xlink:from="BalanceSheetGovernmentalFundTable" xlink:to="TypeOfGovernmentalFundsAxis" xlink:title="definition: BalanceSheetGovernmentalFundTable to TypeOfGovernmentalFundsAxis" order="1.0"/>
    <loc xlink:type="locator" xlink:href="https://raw.githubusercontent.com/xbrlus/cafr/dev/core/us-cafr_concept.xsd#us-cafr_TypeOfGovernmentalFundsDomain" xlink:label="TypeOfGovernmentalFundsDomain" xlink:title="TypeOfGovernmentalFundsDomain"/>
    <definitionArc xlink:type="arc" xlink:arcrole="http://xbrl.org/int/dim/arcrole/dimension-domain" xlink:from="TypeOfGovernmentalFundsAxis" xlink:to="TypeOfGovernmentalFundsDomain" xlink:title="definition: TypeOfGovernmentalFundsAxis to TypeOfGovernmentalFundsDomain" order="1.0"/>
    <loc xlink:type="locator" xlink:href="https://raw.githubusercontent.com/xbrlus/cafr/dev/core/us-cafr_concept.xsd#us-cafr_TypeOfGovernmentalFundsDomain" xlink:label="TypeOfGovernmentalFundsDomain_2" xlink:title="TypeOfGovernmentalFundsDomain"/>
    <definitionArc xlink:type="arc" xlink:arcrole="http://xbrl.org/int/dim/arcrole/dimension-default" xlink:from="TypeOfGovernmentalFundsAxis" xlink:to="TypeOfGovernmentalFundsDomain_2" xlink:title="definition: TypeOfGovernmentalFundsAxis to TypeOfGovernmentalFundsDomain" priority="1" order="2.0"/>
    <loc xlink:type="locator" xlink:href="https://raw.githubusercontent.com/xbrlus/cafr/dev/core/us-cafr_concept.xsd#us-cafr_GeneralFundMember" xlink:label="GeneralFundMember" xlink:title="GeneralFundMember"/>
    <definitionArc xlink:type="arc" xlink:arcrole="http://xbrl.org/int/dim/arcrole/domain-member" xlink:from="TypeOfGovernmentalFundsDomain" xlink:to="GeneralFundMember" xlink:title="definition: TypeOfGovernmentalFundsDomain to GeneralFundMember" order="1.0"/>
    <loc xlink:type="locator" xlink:href="https://raw.githubusercontent.com/xbrlus/cafr/dev/core/us-cafr_concept.xsd#us-cafr_CapitalProjectsFund01Member" xlink:label="CapitalProjectsFund01Member" xlink:title="CapitalProjectsFund01Member"/>
    <definitionArc xlink:type="arc" xlink:arcrole="http://xbrl.org/int/dim/arcrole/domain-member" xlink:from="TypeOfGovernmentalFundsDomain" xlink:to="CapitalProjectsFund01Member" xlink:title="definition: TypeOfGovernmentalFundsDomain to CapitalProjectsFund01Member" order="2.0"/>
    <loc xlink:type="locator" xlink:href="https://raw.githubusercontent.com/xbrlus/cafr/dev/core/us-cafr_concept.xsd#us-cafr_TotalGovernmentFundsMember" xlink:label="TotalGovernmentFundsMember" xlink:title="TotalGovernmentFundsMember"/>
    <definitionArc xlink:type="arc" xlink:arcrole="http://xbrl.org/int/dim/arcrole/domain-member" xlink:from="TypeOfGovernmentalFundsDomain" xlink:to="TotalGovernmentFundsMember" xlink:title="definition: TypeOfGovernmentalFundsDomain to TotalGovernmentFundsMember" order="3.0"/>
    <definitionArc xlink:type="arc" xlink:arcrole="http://xbrl.org/int/dim/arcrole/hypercube-dimension" xlink:from="BalanceSheetGovernmentalFundTable" xlink:to="TypeOfRestrictionAxis" xlink:title="definition: BalanceSheetGovernmentalFundTable to TypeOfRestrictionAxis" order="2.0"/>
    <loc xlink:type="locator" xlink:href="https://raw.githubusercontent.com/xbrlus/cafr/dev/core/us-cafr_concept.xsd#us-cafr_NameOfFundBalancesCommittedAxis" xlink:label="NameOfFundBalancesCommittedAxis" xlink:title="NameOfFundBalancesCommittedAxis"/>
    <definitionArc xlink:type="arc" xlink:arcrole="http://xbrl.org/int/dim/arcrole/hypercube-dimension" xlink:from="BalanceSheetGovernmentalFundTable" xlink:to="NameOfFundBalancesCommittedAxis" xlink:title="definition: BalanceSheetGovernmentalFundTable to NameOfFundBalancesCommittedAxis" order="3.0"/>
    <loc xlink:type="locator" xlink:href="va-t-ashl-20170630.xsd#va-t-ashl_BalanceSheetGovernmentalFundLineItem" xlink:label="BalanceSheetGovernmentalFundLineItem" xlink:title="BalanceSheetGovernmentalFundLineItem"/>
    <definitionArc xlink:type="arc" xlink:arcrole="http://xbrl.org/int/dim/arcrole/domain-member" xlink:from="GovernmentalFundsBalanceSheetAbstract" xlink:to="BalanceSheetGovernmentalFundLineItem" xlink:title="definition: GovernmentalFundsBalanceSheetAbstract to BalanceSheetGovernmentalFundLineItem" order="2.0"/>
    <loc xlink:type="locator" xlink:href="https://raw.githubusercontent.com/xbrlus/cafr/dev/core/us-cafr_concept.xsd#us-cafr_NameOfFund" xlink:label="NameOfFund" xlink:title="NameOfFund"/>
    <definitionArc xlink:type="arc" xlink:arcrole="http://xbrl.org/int/dim/arcrole/domain-member" xlink:from="BalanceSheetGovernmentalFundLineItem" xlink:to="NameOfFund" xlink:title="definition: BalanceSheetGovernmentalFundLineItem to NameOfFund" order="1.0"/>
    <definitionArc xlink:type="arc" xlink:arcrole="http://xbrl.org/int/dim/arcrole/domain-member" xlink:from="BalanceSheetGovernmentalFundLineItem" xlink:to="AssetsAndDeferredOutflowsOfResourcesAbstract" xlink:title="definition: BalanceSheetGovernmentalFundLineItem to AssetsAndDeferredOutflowsOfResourcesAbstract" order="2.0"/>
    <loc xlink:type="locator" xlink:href="https://raw.githubusercontent.com/xbrlus/cafr/dev/core/us-cafr_concept.xsd#us-cafr_LiabilitiesAndDeferredInflowsOfResourcesAndFundBalancesAbstract" xlink:label="LiabilitiesAndDeferredInflowsOfResourcesAndFundBalancesAbstract" xlink:title="LiabilitiesAndDeferredInflowsOfResourcesAndFundBalancesAbstract"/>
    <definitionArc xlink:type="arc" xlink:arcrole="http://xbrl.org/int/dim/arcrole/domain-member" xlink:from="BalanceSheetGovernmentalFundLineItem" xlink:to="LiabilitiesAndDeferredInflowsOfResourcesAndFundBalancesAbstract" xlink:title="definition: BalanceSheetGovernmentalFundLineItem to LiabilitiesAndDeferredInflowsOfResourcesAndFundBalancesAbstract" order="3.0"/>
    <loc xlink:type="locator" xlink:href="va-t-ashl-20170630.xsd#va-t-ashl_AccountsAndDepositsPayable" xlink:label="AccountsAndDepositsPayable" xlink:title="AccountsAndDepositsPayable"/>
    <definitionArc xlink:type="arc" xlink:arcrole="http://xbrl.org/int/dim/arcrole/domain-member" xlink:from="LiabilitiesAndDeferredInflowsOfResourcesAndFundBalancesAbstract" xlink:to="AccountsAndDepositsPayable" xlink:title="definition: LiabilitiesAndDeferredInflowsOfResourcesAndFundBalancesAbstract to AccountsAndDepositsPayable" order="1.0"/>
    <loc xlink:type="locator" xlink:href="https://raw.githubusercontent.com/xbrlus/cafr/dev/core/us-cafr_concept.xsd#us-cafr_AccruedPayrollAndBenefitsAndRelatedLiabilities" xlink:label="AccruedPayrollAndBenefitsAndRelatedLiabilities" xlink:title="AccruedPayrollAndBenefitsAndRelatedLiabilities"/>
    <definitionArc xlink:type="arc" xlink:arcrole="http://xbrl.org/int/dim/arcrole/domain-member" xlink:from="LiabilitiesAndDeferredInflowsOfResourcesAndFundBalancesAbstract" xlink:to="AccruedPayrollAndBenefitsAndRelatedLiabilities" xlink:title="definition: LiabilitiesAndDeferredInflowsOfResourcesAndFundBalancesAbstract to AccruedPayrollAndBenefitsAndRelatedLiabilities" order="2.0"/>
    <loc xlink:type="locator" xlink:href="https://raw.githubusercontent.com/xbrlus/cafr/dev/core/us-cafr_concept.xsd#us-cafr_DueToOtherGovernmentEntities" xlink:label="DueToOtherGovernmentEntities" xlink:title="DueToOtherGovernmentEntities"/>
    <definitionArc xlink:type="arc" xlink:arcrole="http://xbrl.org/int/dim/arcrole/domain-member" xlink:from="LiabilitiesAndDeferredInflowsOfResourcesAndFundBalancesAbstract" xlink:to="DueToOtherGovernmentEntities" xlink:title="definition: LiabilitiesAndDeferredInflowsOfResourcesAndFundBalancesAbstract to DueToOtherGovernmentEntities" order="3.0"/>
    <loc xlink:type="locator" xlink:href="va-t-ashl-20170630.xsd#va-t-ashl_PerformanceBondPayable" xlink:label="PerformanceBondPayable" xlink:title="PerformanceBondPayable"/>
    <definitionArc xlink:type="arc" xlink:arcrole="http://xbrl.org/int/dim/arcrole/domain-member" xlink:from="LiabilitiesAndDeferredInflowsOfResourcesAndFundBalancesAbstract" xlink:to="PerformanceBondPayable" xlink:title="definition: LiabilitiesAndDeferredInflowsOfResourcesAndFundBalancesAbstract to PerformanceBondPayable" order="4.0"/>
    <loc xlink:type="locator" xlink:href="https://raw.githubusercontent.com/xbrlus/cafr/dev/core/us-cafr_concept.xsd#us-cafr_UnearnedRevenue" xlink:label="UnearnedRevenue" xlink:title="UnearnedRevenue"/>
    <definitionArc xlink:type="arc" xlink:arcrole="http://xbrl.org/int/dim/arcrole/domain-member" xlink:from="LiabilitiesAndDeferredInflowsOfResourcesAndFundBalancesAbstract" xlink:to="UnearnedRevenue" xlink:title="definition: LiabilitiesAndDeferredInflowsOfResourcesAndFundBalancesAbstract to UnearnedRevenue" order="5.0"/>
    <loc xlink:type="locator" xlink:href="https://raw.githubusercontent.com/xbrlus/cafr/dev/core/us-cafr_concept.xsd#us-cafr_Liabilities" xlink:label="Liabilities" xlink:title="Liabilities"/>
    <definitionArc xlink:type="arc" xlink:arcrole="http://xbrl.org/int/dim/arcrole/domain-member" xlink:from="LiabilitiesAndDeferredInflowsOfResourcesAndFundBalancesAbstract" xlink:to="Liabilities" xlink:title="definition: LiabilitiesAndDeferredInflowsOfResourcesAndFundBalancesAbstract to Liabilities" order="6.0"/>
    <loc xlink:type="locator" xlink:href="https://raw.githubusercontent.com/xbrlus/cafr/dev/core/us-cafr_concept.xsd#us-cafr_FundBalances" xlink:label="FundBalances" xlink:title="FundBalances"/>
    <definitionArc xlink:type="arc" xlink:arcrole="http://xbrl.org/int/dim/arcrole/domain-member" xlink:from="LiabilitiesAndDeferredInflowsOfResourcesAndFundBalancesAbstract" xlink:to="FundBalances" xlink:title="definition: LiabilitiesAndDeferredInflowsOfResourcesAndFundBalancesAbstract to FundBalances" order="8.0"/>
  </definitionLink>
  <definitionLink xlink:type="extended" xlink:role="http://www.town.ashland.va.us/role/statementOfRevenuesExpendituresAndChangesInFundBalanceGovernmentalFunds">
    <loc xlink:type="locator" xlink:href="https://raw.githubusercontent.com/xbrlus/cafr/dev/core/us-cafr_concept.xsd#us-cafr_RevenuesAbstract" xlink:label="RevenuesAbstract" xlink:title="RevenuesAbstract"/>
    <loc xlink:type="locator" xlink:href="https://raw.githubusercontent.com/xbrlus/cafr/dev/core/us-cafr_concept.xsd#us-cafr_RevenueFromChargesForServicesAndSales" xlink:label="RevenueFromChargesForServicesAndSales" xlink:title="RevenueFromChargesForServicesAndSales"/>
    <definitionArc xlink:type="arc" xlink:arcrole="http://xbrl.org/int/dim/arcrole/domain-member" xlink:from="RevenuesAbstract" xlink:to="RevenueFromChargesForServicesAndSales" xlink:title="definition: RevenuesAbstract to RevenueFromChargesForServicesAndSales" order="6.0"/>
    <loc xlink:type="locator" xlink:href="https://raw.githubusercontent.com/xbrlus/cafr/dev/core/us-cafr_concept.xsd#us-cafr_RevenueFromPropertyTaxes" xlink:label="RevenueFromPropertyTaxes" xlink:title="RevenueFromPropertyTaxes"/>
    <definitionArc xlink:type="arc" xlink:arcrole="http://xbrl.org/int/dim/arcrole/domain-member" xlink:from="RevenuesAbstract" xlink:to="RevenueFromPropertyTaxes" xlink:title="definition: RevenuesAbstract to RevenueFromPropertyTaxes" order="1.0"/>
    <loc xlink:type="locator" xlink:href="https://raw.githubusercontent.com/xbrlus/cafr/dev/core/us-cafr_concept.xsd#us-cafr_RevenueFromOtherTaxes" xlink:label="RevenueFromOtherTaxes" xlink:title="RevenueFromOtherTaxes"/>
    <definitionArc xlink:type="arc" xlink:arcrole="http://xbrl.org/int/dim/arcrole/domain-member" xlink:from="RevenuesAbstract" xlink:to="RevenueFromOtherTaxes" xlink:title="definition: RevenuesAbstract to RevenueFromOtherTaxes" order="2.0"/>
    <loc xlink:type="locator" xlink:href="https://raw.githubusercontent.com/xbrlus/cafr/dev/core/us-cafr_concept.xsd#us-cafr_RevenueFromLicensesAndPermits" xlink:label="RevenueFromLicensesAndPermits" xlink:title="RevenueFromLicensesAndPermits"/>
    <definitionArc xlink:type="arc" xlink:arcrole="http://xbrl.org/int/dim/arcrole/domain-member" xlink:from="RevenuesAbstract" xlink:to="RevenueFromLicensesAndPermits" xlink:title="definition: RevenuesAbstract to RevenueFromLicensesAndPermits" order="3.0"/>
    <loc xlink:type="locator" xlink:href="https://raw.githubusercontent.com/xbrlus/cafr/dev/core/us-cafr_concept.xsd#us-cafr_RevenueFromFinesAndForfeitures" xlink:label="RevenueFromFinesAndForfeitures" xlink:title="RevenueFromFinesAndForfeitures"/>
    <definitionArc xlink:type="arc" xlink:arcrole="http://xbrl.org/int/dim/arcrole/domain-member" xlink:from="RevenuesAbstract" xlink:to="RevenueFromFinesAndForfeitures" xlink:title="definition: RevenuesAbstract to RevenueFromFinesAndForfeitures" order="4.0"/>
    <loc xlink:type="locator" xlink:href="va-t-ashl-20170630.xsd#va-t-ashl_RevenueFromUseOfMoneyAndProperty" xlink:label="RevenueFromUseOfMoneyAndProperty" xlink:title="RevenueFromUseOfMoneyAndProperty"/>
    <definitionArc xlink:type="arc" xlink:arcrole="http://xbrl.org/int/dim/arcrole/domain-member" xlink:from="RevenuesAbstract" xlink:to="RevenueFromUseOfMoneyAndProperty" xlink:title="definition: RevenuesAbstract to RevenueFromUseOfMoneyAndProperty" order="5.0"/>
    <loc xlink:type="locator" xlink:href="https://raw.githubusercontent.com/xbrlus/cafr/dev/core/us-cafr_concept.xsd#us-cafr_OtherRevenues" xlink:label="OtherRevenues" xlink:title="OtherRevenues"/>
    <definitionArc xlink:type="arc" xlink:arcrole="http://xbrl.org/int/dim/arcrole/domain-member" xlink:from="RevenuesAbstract" xlink:to="OtherRevenues" xlink:title="definition: RevenuesAbstract to OtherRevenues" order="7.0"/>
    <loc xlink:type="locator" xlink:href="va-t-ashl-20170630.xsd#va-t-ashl_RevenueFromRecoveredCosts" xlink:label="RevenueFromRecoveredCosts" xlink:title="RevenueFromRecoveredCosts"/>
    <definitionArc xlink:type="arc" xlink:arcrole="http://xbrl.org/int/dim/arcrole/domain-member" xlink:from="RevenuesAbstract" xlink:to="RevenueFromRecoveredCosts" xlink:title="definition: RevenuesAbstract to RevenueFromRecoveredCosts" order="8.0"/>
    <loc xlink:type="locator" xlink:href="https://raw.githubusercontent.com/xbrlus/cafr/dev/core/us-cafr_concept.xsd#us-cafr_RevenueFromInterGovernmentalTransactions" xlink:label="RevenueFromInterGovernmentalTransactions" xlink:title="RevenueFromInterGovernmentalTransactions"/>
    <definitionArc xlink:type="arc" xlink:arcrole="http://xbrl.org/int/dim/arcrole/domain-member" xlink:from="RevenuesAbstract" xlink:to="RevenueFromInterGovernmentalTransactions" xlink:title="definition: RevenuesAbstract to RevenueFromInterGovernmentalTransactions" order="9.0"/>
    <loc xlink:type="locator" xlink:href="https://raw.githubusercontent.com/xbrlus/cafr/dev/core/us-cafr_concept.xsd#us-cafr_Revenues" xlink:label="Revenues" xlink:title="Revenues"/>
    <definitionArc xlink:type="arc" xlink:arcrole="http://xbrl.org/int/dim/arcrole/domain-member" xlink:from="RevenuesAbstract" xlink:to="Revenues" xlink:title="definition: RevenuesAbstract to Revenues" order="10.0"/>
    <loc xlink:type="locator" xlink:href="https://raw.githubusercontent.com/xbrlus/cafr/dev/core/us-cafr_concept.xsd#us-cafr_TypeOfGovernmentalFundsAxis" xlink:label="TypeOfGovernmentalFundsAxis" xlink:title="TypeOfGovernmentalFundsAxis"/>
    <loc xlink:type="locator" xlink:href="https://raw.githubusercontent.com/xbrlus/cafr/dev/core/us-cafr_concept.xsd#us-cafr_TypeOfGovernmentalFundsDomain" xlink:label="TypeOfGovernmentalFundsDomain" xlink:title="TypeOfGovernmentalFundsDomain"/>
    <definitionArc xlink:type="arc" xlink:arcrole="http://xbrl.org/int/dim/arcrole/dimension-domain" xlink:from="TypeOfGovernmentalFundsAxis" xlink:to="TypeOfGovernmentalFundsDomain" xlink:title="definition: TypeOfGovernmentalFundsAxis to TypeOfGovernmentalFundsDomain" order="1.0"/>
    <loc xlink:type="locator" xlink:href="https://raw.githubusercontent.com/xbrlus/cafr/dev/core/us-cafr_concept.xsd#us-cafr_TypeOfGovernmentalFundsDomain" xlink:label="TypeOfGovernmentalFundsDomain_2" xlink:title="TypeOfGovernmentalFundsDomain"/>
    <definitionArc xlink:type="arc" xlink:arcrole="http://xbrl.org/int/dim/arcrole/dimension-default" xlink:from="TypeOfGovernmentalFundsAxis" xlink:to="TypeOfGovernmentalFundsDomain_2" xlink:title="definition: TypeOfGovernmentalFundsAxis to TypeOfGovernmentalFundsDomain" priority="1" order="2.0"/>
    <loc xlink:type="locator" xlink:href="https://raw.githubusercontent.com/xbrlus/cafr/dev/core/us-cafr_concept.xsd#us-cafr_GeneralFundMember" xlink:label="GeneralFundMember" xlink:title="GeneralFundMember"/>
    <definitionArc xlink:type="arc" xlink:arcrole="http://xbrl.org/int/dim/arcrole/domain-member" xlink:from="TypeOfGovernmentalFundsDomain" xlink:to="GeneralFundMember" xlink:title="definition: TypeOfGovernmentalFundsDomain to GeneralFundMember" order="1.0"/>
    <loc xlink:type="locator" xlink:href="https://raw.githubusercontent.com/xbrlus/cafr/dev/core/us-cafr_concept.xsd#us-cafr_CapitalProjectsFund01Member" xlink:label="CapitalProjectsFund01Member" xlink:title="CapitalProjectsFund01Member"/>
    <definitionArc xlink:type="arc" xlink:arcrole="http://xbrl.org/int/dim/arcrole/domain-member" xlink:from="TypeOfGovernmentalFundsDomain" xlink:to="CapitalProjectsFund01Member" xlink:title="definition: TypeOfGovernmentalFundsDomain to CapitalProjectsFund01Member" order="2.0"/>
    <loc xlink:type="locator" xlink:href="https://raw.githubusercontent.com/xbrlus/cafr/dev/core/us-cafr_concept.xsd#us-cafr_TotalGovernmentFundsMember" xlink:label="TotalGovernmentFundsMember" xlink:title="TotalGovernmentFundsMember"/>
    <definitionArc xlink:type="arc" xlink:arcrole="http://xbrl.org/int/dim/arcrole/domain-member" xlink:from="TypeOfGovernmentalFundsDomain" xlink:to="TotalGovernmentFundsMember" xlink:title="definition: TypeOfGovernmentalFundsDomain to TotalGovernmentFundsMember" order="3.0"/>
    <loc xlink:type="locator" xlink:href="https://raw.githubusercontent.com/xbrlus/cafr/dev/core/us-cafr_concept.xsd#us-cafr_GovernmentalFundsStatementOfRevenuesAndExpendituresAndChangesInFundBalanceAbstract" xlink:label="GovernmentalFundsStatementOfRevenuesAndExpendituresAndChangesInFundBalanceAbstract" xlink:title="GovernmentalFundsStatementOfRevenuesAndExpendituresAndChangesInFundBalanceAbstract"/>
    <loc xlink:type="locator" xlink:href="va-t-ashl-20170630.xsd#va-t-ashl_StatementOfRevenuesExpenditureAndFundBalancesTable" xlink:label="StatementOfRevenuesExpenditureAndFundBalancesTable" xlink:title="StatementOfRevenuesExpenditureAndFundBalancesTable"/>
    <definitionArc xlink:type="arc" xlink:arcrole="http://xbrl.org/int/dim/arcrole/all" xlink:from="GovernmentalFundsStatementOfRevenuesAndExpendituresAndChangesInFundBalanceAbstract" xlink:to="StatementOfRevenuesExpenditureAndFundBalancesTable" xlink:title="definition: GovernmentalFundsStatementOfRevenuesAndExpendituresAndChangesInFundBalanceAbstract to StatementOfRevenuesExpenditureAndFundBalancesTable" order="1.0" xbrldt:contextElement="segment"/>
    <definitionArc xlink:type="arc" xlink:arcrole="http://xbrl.org/int/dim/arcrole/hypercube-dimension" xlink:from="StatementOfRevenuesExpenditureAndFundBalancesTable" xlink:to="TypeOfGovernmentalFundsAxis" xlink:title="definition: StatementOfRevenuesExpenditureAndFundBalancesTable to TypeOfGovernmentalFundsAxis" order="1.0"/>
    <loc xlink:type="locator" xlink:href="va-t-ashl-20170630.xsd#va-t-ashl_StatementOfRevenuesExpenditureAndFundBalancesLineItem" xlink:label="StatementOfRevenuesExpenditureAndFundBalancesLineItem" xlink:title="StatementOfRevenuesExpenditureAndFundBalancesLineItem"/>
    <definitionArc xlink:type="arc" xlink:arcrole="http://xbrl.org/int/dim/arcrole/domain-member" xlink:from="GovernmentalFundsStatementOfRevenuesAndExpendituresAndChangesInFundBalanceAbstract" xlink:to="StatementOfRevenuesExpenditureAndFundBalancesLineItem" xlink:title="definition: GovernmentalFundsStatementOfRevenuesAndExpendituresAndChangesInFundBalanceAbstract to StatementOfRevenuesExpenditureAndFundBalancesLineItem" order="2.0"/>
    <loc xlink:type="locator" xlink:href="https://raw.githubusercontent.com/xbrlus/cafr/dev/core/us-cafr_concept.xsd#us-cafr_NameOfFund" xlink:label="NameOfFund" xlink:title="NameOfFund"/>
    <definitionArc xlink:type="arc" xlink:arcrole="http://xbrl.org/int/dim/arcrole/domain-member" xlink:from="StatementOfRevenuesExpenditureAndFundBalancesLineItem" xlink:to="NameOfFund" xlink:title="definition: StatementOfRevenuesExpenditureAndFundBalancesLineItem to NameOfFund" order="1.0"/>
    <definitionArc xlink:type="arc" xlink:arcrole="http://xbrl.org/int/dim/arcrole/domain-member" xlink:from="StatementOfRevenuesExpenditureAndFundBalancesLineItem" xlink:to="RevenuesAbstract" xlink:title="definition: StatementOfRevenuesExpenditureAndFundBalancesLineItem to RevenuesAbstract" order="2.0"/>
    <loc xlink:type="locator" xlink:href="https://raw.githubusercontent.com/xbrlus/cafr/dev/core/us-cafr_concept.xsd#us-cafr_ExpendituresAbstract" xlink:label="ExpendituresAbstract" xlink:title="ExpendituresAbstract"/>
    <definitionArc xlink:type="arc" xlink:arcrole="http://xbrl.org/int/dim/arcrole/domain-member" xlink:from="StatementOfRevenuesExpenditureAndFundBalancesLineItem" xlink:to="ExpendituresAbstract" xlink:title="definition: StatementOfRevenuesExpenditureAndFundBalancesLineItem to ExpendituresAbstract" order="3.0"/>
    <loc xlink:type="locator" xlink:href="https://raw.githubusercontent.com/xbrlus/cafr/dev/core/us-cafr_concept.xsd#us-cafr_ExpendituresForGeneralGovernmentLegislativeAndExecutive" xlink:label="ExpendituresForGeneralGovernmentLegislativeAndExecutive" xlink:title="ExpendituresForGeneralGovernmentLegislativeAndExecutive"/>
    <definitionArc xlink:type="arc" xlink:arcrole="http://xbrl.org/int/dim/arcrole/domain-member" xlink:from="ExpendituresAbstract" xlink:to="ExpendituresForGeneralGovernmentLegislativeAndExecutive" xlink:title="definition: ExpendituresAbstract to ExpendituresForGeneralGovernmentLegislativeAndExecutive" order="1.0"/>
    <loc xlink:type="locator" xlink:href="https://raw.githubusercontent.com/xbrlus/cafr/dev/core/us-cafr_concept.xsd#us-cafr_ExpendituresForPublicSafety" xlink:label="ExpendituresForPublicSafety" xlink:title="ExpendituresForPublicSafety"/>
    <definitionArc xlink:type="arc" xlink:arcrole="http://xbrl.org/int/dim/arcrole/domain-member" xlink:from="ExpendituresAbstract" xlink:to="ExpendituresForPublicSafety" xlink:title="definition: ExpendituresAbstract to ExpendituresForPublicSafety" order="2.0"/>
    <loc xlink:type="locator" xlink:href="https://raw.githubusercontent.com/xbrlus/cafr/dev/core/us-cafr_concept.xsd#us-cafr_ExpendituresForPublicWorks" xlink:label="ExpendituresForPublicWorks" xlink:title="ExpendituresForPublicWorks"/>
    <definitionArc xlink:type="arc" xlink:arcrole="http://xbrl.org/int/dim/arcrole/domain-member" xlink:from="ExpendituresAbstract" xlink:to="ExpendituresForPublicWorks" xlink:title="definition: ExpendituresAbstract to ExpendituresForPublicWorks" order="3.0"/>
    <loc xlink:type="locator" xlink:href="va-t-ashl-20170630.xsd#va-t-ashl_ExpenditureForParksRecreationAndCultural" xlink:label="ExpenditureForParksRecreationAndCultural" xlink:title="ExpenditureForParksRecreationAndCultural"/>
    <definitionArc xlink:type="arc" xlink:arcrole="http://xbrl.org/int/dim/arcrole/domain-member" xlink:from="ExpendituresAbstract" xlink:to="ExpenditureForParksRecreationAndCultural" xlink:title="definition: ExpendituresAbstract to ExpenditureForParksRecreationAndCultural" order="4.0"/>
    <loc xlink:type="locator" xlink:href="https://raw.githubusercontent.com/xbrlus/cafr/dev/core/us-cafr_concept.xsd#us-cafr_ExpendituresForCommunityDevelopment" xlink:label="ExpendituresForCommunityDevelopment" xlink:title="ExpendituresForCommunityDevelopment"/>
    <definitionArc xlink:type="arc" xlink:arcrole="http://xbrl.org/int/dim/arcrole/domain-member" xlink:from="ExpendituresAbstract" xlink:to="ExpendituresForCommunityDevelopment" xlink:title="definition: ExpendituresAbstract to ExpendituresForCommunityDevelopment" order="5.0"/>
    <loc xlink:type="locator" xlink:href="https://raw.githubusercontent.com/xbrlus/cafr/dev/core/us-cafr_concept.xsd#us-cafr_ExpendituresForCapitalOutlay" xlink:label="ExpendituresForCapitalOutlay" xlink:title="ExpendituresForCapitalOutlay"/>
    <definitionArc xlink:type="arc" xlink:arcrole="http://xbrl.org/int/dim/arcrole/domain-member" xlink:from="ExpendituresAbstract" xlink:to="ExpendituresForCapitalOutlay" xlink:title="definition: ExpendituresAbstract to ExpendituresForCapitalOutlay" order="6.0"/>
    <loc xlink:type="locator" xlink:href="https://raw.githubusercontent.com/xbrlus/cafr/dev/core/us-cafr_concept.xsd#us-cafr_Expenditures" xlink:label="Expenditures" xlink:title="Expenditures"/>
    <definitionArc xlink:type="arc" xlink:arcrole="http://xbrl.org/int/dim/arcrole/domain-member" xlink:from="ExpendituresAbstract" xlink:to="Expenditures" xlink:title="definition: ExpendituresAbstract to Expenditures" order="7.0"/>
    <loc xlink:type="locator" xlink:href="https://raw.githubusercontent.com/xbrlus/cafr/dev/core/us-cafr_concept.xsd#us-cafr_OtherFinancingSourcesUsesAbstract" xlink:label="OtherFinancingSourcesUsesAbstract" xlink:title="OtherFinancingSourcesUsesAbstract"/>
    <definitionArc xlink:type="arc" xlink:arcrole="http://xbrl.org/int/dim/arcrole/domain-member" xlink:from="StatementOfRevenuesExpenditureAndFundBalancesLineItem" xlink:to="OtherFinancingSourcesUsesAbstract" xlink:title="definition: StatementOfRevenuesExpenditureAndFundBalancesLineItem to OtherFinancingSourcesUsesAbstract" order="4.0"/>
    <loc xlink:type="locator" xlink:href="https://raw.githubusercontent.com/xbrlus/cafr/dev/core/us-cafr_concept.xsd#us-cafr_AdjustmentsForTransfersInForOtherFinancing" xlink:label="AdjustmentsForTransfersInForOtherFinancing" xlink:title="AdjustmentsForTransfersInForOtherFinancing"/>
    <definitionArc xlink:type="arc" xlink:arcrole="http://xbrl.org/int/dim/arcrole/domain-member" xlink:from="OtherFinancingSourcesUsesAbstract" xlink:to="AdjustmentsForTransfersInForOtherFinancing" xlink:title="definition: OtherFinancingSourcesUsesAbstract to AdjustmentsForTransfersInForOtherFinancing" order="1.0"/>
    <loc xlink:type="locator" xlink:href="https://raw.githubusercontent.com/xbrlus/cafr/dev/core/us-cafr_concept.xsd#us-cafr_AdjustmentsForTransfersOutForOtherFinancing" xlink:label="AdjustmentsForTransfersOutForOtherFinancing" xlink:title="AdjustmentsForTransfersOutForOtherFinancing"/>
    <definitionArc xlink:type="arc" xlink:arcrole="http://xbrl.org/int/dim/arcrole/domain-member" xlink:from="OtherFinancingSourcesUsesAbstract" xlink:to="AdjustmentsForTransfersOutForOtherFinancing" xlink:title="definition: OtherFinancingSourcesUsesAbstract to AdjustmentsForTransfersOutForOtherFinancing" order="2.0"/>
    <loc xlink:type="locator" xlink:href="https://raw.githubusercontent.com/xbrlus/cafr/dev/core/us-cafr_concept.xsd#us-cafr_ExcessDeficitOfRevenuesOverExpenditures" xlink:label="ExcessDeficitOfRevenuesOverExpenditures" xlink:title="ExcessDeficitOfRevenuesOverExpenditures"/>
    <definitionArc xlink:type="arc" xlink:arcrole="http://xbrl.org/int/dim/arcrole/domain-member" xlink:from="StatementOfRevenuesExpenditureAndFundBalancesLineItem" xlink:to="ExcessDeficitOfRevenuesOverExpenditures" xlink:title="definition: StatementOfRevenuesExpenditureAndFundBalancesLineItem to ExcessDeficitOfRevenuesOverExpenditures" order="5.0"/>
    <loc xlink:type="locator" xlink:href="https://raw.githubusercontent.com/xbrlus/cafr/dev/core/us-cafr_concept.xsd#us-cafr_ChangesInFundBalances" xlink:label="ChangesInFundBalances" xlink:title="ChangesInFundBalances"/>
    <definitionArc xlink:type="arc" xlink:arcrole="http://xbrl.org/int/dim/arcrole/domain-member" xlink:from="StatementOfRevenuesExpenditureAndFundBalancesLineItem" xlink:to="ChangesInFundBalances" xlink:title="definition: StatementOfRevenuesExpenditureAndFundBalancesLineItem to ChangesInFundBalances" order="6.0"/>
    <loc xlink:type="locator" xlink:href="https://raw.githubusercontent.com/xbrlus/cafr/dev/core/us-cafr_concept.xsd#us-cafr_FundBalances" xlink:label="FundBalances" xlink:title="FundBalances"/>
    <definitionArc xlink:type="arc" xlink:arcrole="http://xbrl.org/int/dim/arcrole/domain-member" xlink:from="StatementOfRevenuesExpenditureAndFundBalancesLineItem" xlink:to="FundBalances" xlink:title="definition: StatementOfRevenuesExpenditureAndFundBalancesLineItem to FundBalances" order="7.0"/>
  </definitionLink>
</linkbase>
