<?xml version="1.0" encoding="UTF-8"?>
<!-- Generated by Integix-NG from Ez-XBRL Solutions -->
<linkbase xmlns:xsi="http://www.w3.org/2001/XMLSchema-instance" xsi:schemaLocation="http://www.xbrl.org/2003/linkbase http://www.xbrl.org/2003/xbrl-linkbase-2003-12-31.xsd" xmlns="http://www.xbrl.org/2003/linkbase" xmlns:xlink="http://www.w3.org/1999/xlink" xmlns:xbrli="http://www.xbrl.org/2003/instance">
  <roleRef roleURI="http://www.xbrl.org/2009/role/netLabel" xlink:type="simple" xlink:href="http://www.xbrl.org/lrr/role/net-2009-12-16.xsd#netLabel"/>
  <roleRef roleURI="http://www.town.ashland.va.us/role/StatementOfActivitiesGovernmentWideProgramGeneralRevenuesAndExpenses" xlink:type="simple" xlink:href="va-t-ashl-20170630.xsd#roleType_StatementOfActivitiesGovernmentWideProgramGeneralRevenuesAndExpenses"/>
  <roleRef roleURI="http://www.town.ashland.va.us/role/StatementOfNetPositionGovernmentWideAssetsLaibilitiesAndDeferredInflowsOutflows" xlink:type="simple" xlink:href="va-t-ashl-20170630.xsd#roleType_STATEMENTOFNETPOSITION"/>
  <roleRef roleURI="http://www.town.ashland.va.us/role/balanceSheetGovernmentalFunds" xlink:type="simple" xlink:href="va-t-ashl-20170630.xsd#roleType_balanceSheetGovernmentalFunds"/>
  <roleRef roleURI="http://www.town.ashland.va.us/role/statementOfRevenuesExpendituresAndChangesInFundBalanceGovernmentalFunds" xlink:type="simple" xlink:href="va-t-ashl-20170630.xsd#roleType_statementOfRevenuesExpendituresAndChangesInFundBalanceGovernmentalFunds"/>
  <presentationLink xlink:type="extended" xlink:role="http://www.town.ashland.va.us/role/statementOfRevenuesExpendituresAndChangesInFundBalanceGovernmentalFunds">
    <loc xlink:type="locator" xlink:href="https://raw.githubusercontent.com/xbrlus/cafr/dev/core/us-cafr_concept.xsd#us-cafr_GovernmentalFundsStatementOfRevenuesAndExpendituresAndChangesInFundBalanceAbstract" xlink:label="GovernmentalFundsStatementOfRevenuesAndExpendituresAndChangesInFundBalanceAbstract" xlink:title="GovernmentalFundsStatementOfRevenuesAndExpendituresAndChangesInFundBalanceAbstract"/>
    <loc xlink:type="locator" xlink:href="https://raw.githubusercontent.com/xbrlus/cafr/dev/core/us-cafr_concept.xsd#us-cafr_DisclosureOfStatementOfRevenuesExpendituresAndChangesInFundBalanceForGovernmentalFundsTextBlock" xlink:label="DisclosureOfStatementOfRevenuesExpendituresAndChangesInFundBalanceForGovernmentalFundsTextBlock" xlink:title="DisclosureOfStatementOfRevenuesExpendituresAndChangesInFundBalanceForGovernmentalFundsTextBlock"/>
    <presentationArc xlink:type="arc" xlink:arcrole="http://www.xbrl.org/2003/arcrole/parent-child" xlink:from="GovernmentalFundsStatementOfRevenuesAndExpendituresAndChangesInFundBalanceAbstract" xlink:to="DisclosureOfStatementOfRevenuesExpendituresAndChangesInFundBalanceForGovernmentalFundsTextBlock" xlink:title="presentation: GovernmentalFundsStatementOfRevenuesAndExpendituresAndChangesInFundBalanceAbstract to DisclosureOfStatementOfRevenuesExpendituresAndChangesInFundBalanceForGovernmentalFundsTextBlock" order="1.0"/>
    <loc xlink:type="locator" xlink:href="https://raw.githubusercontent.com/xbrlus/cafr/dev/core/us-cafr_concept.xsd#us-cafr_NameOfFund" xlink:label="NameOfFund" xlink:title="NameOfFund"/>
    <presentationArc xlink:type="arc" xlink:arcrole="http://www.xbrl.org/2003/arcrole/parent-child" xlink:from="DisclosureOfStatementOfRevenuesExpendituresAndChangesInFundBalanceForGovernmentalFundsTextBlock" xlink:to="NameOfFund" xlink:title="presentation: DisclosureOfStatementOfRevenuesExpendituresAndChangesInFundBalanceForGovernmentalFundsTextBlock to NameOfFund" order="1.0"/>
    <loc xlink:type="locator" xlink:href="https://raw.githubusercontent.com/xbrlus/cafr/dev/core/us-cafr_concept.xsd#us-cafr_RevenuesAbstract" xlink:label="RevenuesAbstract" xlink:title="RevenuesAbstract"/>
    <presentationArc xlink:type="arc" xlink:arcrole="http://www.xbrl.org/2003/arcrole/parent-child" xlink:from="DisclosureOfStatementOfRevenuesExpendituresAndChangesInFundBalanceForGovernmentalFundsTextBlock" xlink:to="RevenuesAbstract" xlink:title="presentation: DisclosureOfStatementOfRevenuesExpendituresAndChangesInFundBalanceForGovernmentalFundsTextBlock to RevenuesAbstract" order="2.0"/>
    <loc xlink:type="locator" xlink:href="https://raw.githubusercontent.com/xbrlus/cafr/dev/core/us-cafr_concept.xsd#us-cafr_Revenues" xlink:label="Revenues" xlink:title="Revenues"/>
    <presentationArc xlink:type="arc" xlink:arcrole="http://www.xbrl.org/2003/arcrole/parent-child" xlink:from="RevenuesAbstract" xlink:to="Revenues" xlink:title="presentation: RevenuesAbstract to Revenues" order="10.0"/>
    <loc xlink:type="locator" xlink:href="https://raw.githubusercontent.com/xbrlus/cafr/dev/core/us-cafr_concept.xsd#us-cafr_RevenueFromPropertyTaxes" xlink:label="RevenueFromPropertyTaxes" xlink:title="RevenueFromPropertyTaxes"/>
    <presentationArc xlink:type="arc" xlink:arcrole="http://www.xbrl.org/2003/arcrole/parent-child" xlink:from="RevenuesAbstract" xlink:to="RevenueFromPropertyTaxes" xlink:title="presentation: RevenuesAbstract to RevenueFromPropertyTaxes" order="1.0"/>
    <loc xlink:type="locator" xlink:href="https://raw.githubusercontent.com/xbrlus/cafr/dev/core/us-cafr_concept.xsd#us-cafr_RevenueFromOtherTaxes" xlink:label="RevenueFromOtherTaxes" xlink:title="RevenueFromOtherTaxes"/>
    <presentationArc xlink:type="arc" xlink:arcrole="http://www.xbrl.org/2003/arcrole/parent-child" xlink:from="RevenuesAbstract" xlink:to="RevenueFromOtherTaxes" xlink:title="presentation: RevenuesAbstract to RevenueFromOtherTaxes" order="2.0"/>
    <loc xlink:type="locator" xlink:href="https://raw.githubusercontent.com/xbrlus/cafr/dev/core/us-cafr_concept.xsd#us-cafr_RevenueFromInterGovernmentalTransactions" xlink:label="RevenueFromInterGovernmentalTransactions" xlink:title="RevenueFromInterGovernmentalTransactions"/>
    <presentationArc xlink:type="arc" xlink:arcrole="http://www.xbrl.org/2003/arcrole/parent-child" xlink:from="RevenuesAbstract" xlink:to="RevenueFromInterGovernmentalTransactions" xlink:title="presentation: RevenuesAbstract to RevenueFromInterGovernmentalTransactions" order="9.0"/>
    <loc xlink:type="locator" xlink:href="https://raw.githubusercontent.com/xbrlus/cafr/dev/core/us-cafr_concept.xsd#us-cafr_RevenueFromLicensesAndPermits" xlink:label="RevenueFromLicensesAndPermits" xlink:title="RevenueFromLicensesAndPermits"/>
    <presentationArc xlink:type="arc" xlink:arcrole="http://www.xbrl.org/2003/arcrole/parent-child" xlink:from="RevenuesAbstract" xlink:to="RevenueFromLicensesAndPermits" xlink:title="presentation: RevenuesAbstract to RevenueFromLicensesAndPermits" order="3.0"/>
    <loc xlink:type="locator" xlink:href="https://raw.githubusercontent.com/xbrlus/cafr/dev/core/us-cafr_concept.xsd#us-cafr_RevenueFromFinesAndForfeitures" xlink:label="RevenueFromFinesAndForfeitures" xlink:title="RevenueFromFinesAndForfeitures"/>
    <presentationArc xlink:type="arc" xlink:arcrole="http://www.xbrl.org/2003/arcrole/parent-child" xlink:from="RevenuesAbstract" xlink:to="RevenueFromFinesAndForfeitures" xlink:title="presentation: RevenuesAbstract to RevenueFromFinesAndForfeitures" order="4.0"/>
    <loc xlink:type="locator" xlink:href="https://raw.githubusercontent.com/xbrlus/cafr/dev/core/us-cafr_concept.xsd#us-cafr_RevenueFromChargesForServicesAndSales" xlink:label="RevenueFromChargesForServicesAndSales" xlink:title="RevenueFromChargesForServicesAndSales"/>
    <presentationArc xlink:type="arc" xlink:arcrole="http://www.xbrl.org/2003/arcrole/parent-child" xlink:from="RevenuesAbstract" xlink:to="RevenueFromChargesForServicesAndSales" xlink:title="presentation: RevenuesAbstract to RevenueFromChargesForServicesAndSales" order="6.0"/>
    <loc xlink:type="locator" xlink:href="https://raw.githubusercontent.com/xbrlus/cafr/dev/core/us-cafr_concept.xsd#us-cafr_OtherRevenues" xlink:label="OtherRevenues" xlink:title="OtherRevenues"/>
    <presentationArc xlink:type="arc" xlink:arcrole="http://www.xbrl.org/2003/arcrole/parent-child" xlink:from="RevenuesAbstract" xlink:to="OtherRevenues" xlink:title="presentation: RevenuesAbstract to OtherRevenues" order="7.0"/>
    <loc xlink:type="locator" xlink:href="va-t-ashl-20170630.xsd#va-t-ashl_RevenueFromUseOfMoneyAndProperty" xlink:label="RevenueFromUseOfMoneyAndProperty" xlink:title="RevenueFromUseOfMoneyAndProperty"/>
    <presentationArc xlink:type="arc" xlink:arcrole="http://www.xbrl.org/2003/arcrole/parent-child" xlink:from="RevenuesAbstract" xlink:to="RevenueFromUseOfMoneyAndProperty" xlink:title="presentation: RevenuesAbstract to RevenueFromUseOfMoneyAndProperty" order="5.0"/>
    <loc xlink:type="locator" xlink:href="va-t-ashl-20170630.xsd#va-t-ashl_RevenueFromRecoveredCosts" xlink:label="RevenueFromRecoveredCosts" xlink:title="RevenueFromRecoveredCosts"/>
    <presentationArc xlink:type="arc" xlink:arcrole="http://www.xbrl.org/2003/arcrole/parent-child" xlink:from="RevenuesAbstract" xlink:to="RevenueFromRecoveredCosts" xlink:title="presentation: RevenuesAbstract to RevenueFromRecoveredCosts" order="8.0"/>
    <loc xlink:type="locator" xlink:href="https://raw.githubusercontent.com/xbrlus/cafr/dev/core/us-cafr_concept.xsd#us-cafr_ExpendituresAbstract" xlink:label="ExpendituresAbstract" xlink:title="ExpendituresAbstract"/>
    <presentationArc xlink:type="arc" xlink:arcrole="http://www.xbrl.org/2003/arcrole/parent-child" xlink:from="DisclosureOfStatementOfRevenuesExpendituresAndChangesInFundBalanceForGovernmentalFundsTextBlock" xlink:to="ExpendituresAbstract" xlink:title="presentation: DisclosureOfStatementOfRevenuesExpendituresAndChangesInFundBalanceForGovernmentalFundsTextBlock to ExpendituresAbstract" order="3.0"/>
    <loc xlink:type="locator" xlink:href="https://raw.githubusercontent.com/xbrlus/cafr/dev/core/us-cafr_concept.xsd#us-cafr_ExpendituresForPublicSafety" xlink:label="ExpendituresForPublicSafety" xlink:title="ExpendituresForPublicSafety"/>
    <presentationArc xlink:type="arc" xlink:arcrole="http://www.xbrl.org/2003/arcrole/parent-child" xlink:from="ExpendituresAbstract" xlink:to="ExpendituresForPublicSafety" xlink:title="presentation: ExpendituresAbstract to ExpendituresForPublicSafety" order="2.0"/>
    <loc xlink:type="locator" xlink:href="https://raw.githubusercontent.com/xbrlus/cafr/dev/core/us-cafr_concept.xsd#us-cafr_ExpendituresForCommunityDevelopment" xlink:label="ExpendituresForCommunityDevelopment" xlink:title="ExpendituresForCommunityDevelopment"/>
    <presentationArc xlink:type="arc" xlink:arcrole="http://www.xbrl.org/2003/arcrole/parent-child" xlink:from="ExpendituresAbstract" xlink:to="ExpendituresForCommunityDevelopment" xlink:title="presentation: ExpendituresAbstract to ExpendituresForCommunityDevelopment" order="5.0"/>
    <loc xlink:type="locator" xlink:href="https://raw.githubusercontent.com/xbrlus/cafr/dev/core/us-cafr_concept.xsd#us-cafr_ExpendituresForPublicWorks" xlink:label="ExpendituresForPublicWorks" xlink:title="ExpendituresForPublicWorks"/>
    <presentationArc xlink:type="arc" xlink:arcrole="http://www.xbrl.org/2003/arcrole/parent-child" xlink:from="ExpendituresAbstract" xlink:to="ExpendituresForPublicWorks" xlink:title="presentation: ExpendituresAbstract to ExpendituresForPublicWorks" order="3.0"/>
    <loc xlink:type="locator" xlink:href="https://raw.githubusercontent.com/xbrlus/cafr/dev/core/us-cafr_concept.xsd#us-cafr_ExpendituresForGeneralGovernmentLegislativeAndExecutive" xlink:label="ExpendituresForGeneralGovernmentLegislativeAndExecutive" xlink:title="ExpendituresForGeneralGovernmentLegislativeAndExecutive"/>
    <presentationArc xlink:type="arc" xlink:arcrole="http://www.xbrl.org/2003/arcrole/parent-child" xlink:from="ExpendituresAbstract" xlink:to="ExpendituresForGeneralGovernmentLegislativeAndExecutive" xlink:title="presentation: ExpendituresAbstract to ExpendituresForGeneralGovernmentLegislativeAndExecutive" order="1.0"/>
    <loc xlink:type="locator" xlink:href="https://raw.githubusercontent.com/xbrlus/cafr/dev/core/us-cafr_concept.xsd#us-cafr_ExpendituresForCapitalOutlay" xlink:label="ExpendituresForCapitalOutlay" xlink:title="ExpendituresForCapitalOutlay"/>
    <presentationArc xlink:type="arc" xlink:arcrole="http://www.xbrl.org/2003/arcrole/parent-child" xlink:from="ExpendituresAbstract" xlink:to="ExpendituresForCapitalOutlay" xlink:title="presentation: ExpendituresAbstract to ExpendituresForCapitalOutlay" order="6.0"/>
    <loc xlink:type="locator" xlink:href="https://raw.githubusercontent.com/xbrlus/cafr/dev/core/us-cafr_concept.xsd#us-cafr_Expenditures" xlink:label="Expenditures" xlink:title="Expenditures"/>
    <presentationArc xlink:type="arc" xlink:arcrole="http://www.xbrl.org/2003/arcrole/parent-child" xlink:from="ExpendituresAbstract" xlink:to="Expenditures" xlink:title="presentation: ExpendituresAbstract to Expenditures" order="7.0"/>
    <loc xlink:type="locator" xlink:href="va-t-ashl-20170630.xsd#va-t-ashl_ExpenditureForParksRecreationAndCultural" xlink:label="ExpenditureForParksRecreationAndCultural" xlink:title="ExpenditureForParksRecreationAndCultural"/>
    <presentationArc xlink:type="arc" xlink:arcrole="http://www.xbrl.org/2003/arcrole/parent-child" xlink:from="ExpendituresAbstract" xlink:to="ExpenditureForParksRecreationAndCultural" xlink:title="presentation: ExpendituresAbstract to ExpenditureForParksRecreationAndCultural" order="4.0"/>
    <loc xlink:type="locator" xlink:href="https://raw.githubusercontent.com/xbrlus/cafr/dev/core/us-cafr_concept.xsd#us-cafr_ExcessDeficitOfRevenuesOverExpenditures" xlink:label="ExcessDeficitOfRevenuesOverExpenditures" xlink:title="ExcessDeficitOfRevenuesOverExpenditures"/>
    <presentationArc xlink:type="arc" xlink:arcrole="http://www.xbrl.org/2003/arcrole/parent-child" xlink:from="DisclosureOfStatementOfRevenuesExpendituresAndChangesInFundBalanceForGovernmentalFundsTextBlock" xlink:to="ExcessDeficitOfRevenuesOverExpenditures" xlink:title="presentation: DisclosureOfStatementOfRevenuesExpendituresAndChangesInFundBalanceForGovernmentalFundsTextBlock to ExcessDeficitOfRevenuesOverExpenditures" order="4.5"/>
    <loc xlink:type="locator" xlink:href="https://raw.githubusercontent.com/xbrlus/cafr/dev/core/us-cafr_concept.xsd#us-cafr_OtherFinancingSourcesUsesAbstract" xlink:label="OtherFinancingSourcesUsesAbstract" xlink:title="OtherFinancingSourcesUsesAbstract"/>
    <presentationArc xlink:type="arc" xlink:arcrole="http://www.xbrl.org/2003/arcrole/parent-child" xlink:from="DisclosureOfStatementOfRevenuesExpendituresAndChangesInFundBalanceForGovernmentalFundsTextBlock" xlink:to="OtherFinancingSourcesUsesAbstract" xlink:title="presentation: DisclosureOfStatementOfRevenuesExpendituresAndChangesInFundBalanceForGovernmentalFundsTextBlock to OtherFinancingSourcesUsesAbstract" order="4.0"/>
    <loc xlink:type="locator" xlink:href="https://raw.githubusercontent.com/xbrlus/cafr/dev/core/us-cafr_concept.xsd#us-cafr_AdjustmentsForTransfersInForOtherFinancing" xlink:label="AdjustmentsForTransfersInForOtherFinancing" xlink:title="AdjustmentsForTransfersInForOtherFinancing"/>
    <presentationArc xlink:type="arc" xlink:arcrole="http://www.xbrl.org/2003/arcrole/parent-child" xlink:from="OtherFinancingSourcesUsesAbstract" xlink:to="AdjustmentsForTransfersInForOtherFinancing" xlink:title="presentation: OtherFinancingSourcesUsesAbstract to AdjustmentsForTransfersInForOtherFinancing" order="1.0"/>
    <loc xlink:type="locator" xlink:href="https://raw.githubusercontent.com/xbrlus/cafr/dev/core/us-cafr_concept.xsd#us-cafr_AdjustmentsForTransfersOutForOtherFinancing" xlink:label="AdjustmentsForTransfersOutForOtherFinancing" xlink:title="AdjustmentsForTransfersOutForOtherFinancing"/>
    <presentationArc xlink:type="arc" xlink:arcrole="http://www.xbrl.org/2003/arcrole/parent-child" xlink:from="OtherFinancingSourcesUsesAbstract" xlink:to="AdjustmentsForTransfersOutForOtherFinancing" xlink:title="presentation: OtherFinancingSourcesUsesAbstract to AdjustmentsForTransfersOutForOtherFinancing" order="2.0"/>
    <loc xlink:type="locator" xlink:href="https://raw.githubusercontent.com/xbrlus/cafr/dev/core/us-cafr_concept.xsd#us-cafr_ChangesInFundBalances" xlink:label="ChangesInFundBalances" xlink:title="ChangesInFundBalances"/>
    <presentationArc xlink:type="arc" xlink:arcrole="http://www.xbrl.org/2003/arcrole/parent-child" xlink:from="DisclosureOfStatementOfRevenuesExpendituresAndChangesInFundBalanceForGovernmentalFundsTextBlock" xlink:to="ChangesInFundBalances" xlink:title="presentation: DisclosureOfStatementOfRevenuesExpendituresAndChangesInFundBalanceForGovernmentalFundsTextBlock to ChangesInFundBalances" order="5.0"/>
    <loc xlink:type="locator" xlink:href="https://raw.githubusercontent.com/xbrlus/cafr/dev/core/us-cafr_concept.xsd#us-cafr_FundBalances" xlink:label="FundBalances" xlink:title="FundBalances"/>
    <presentationArc xlink:type="arc" xlink:arcrole="http://www.xbrl.org/2003/arcrole/parent-child" xlink:from="DisclosureOfStatementOfRevenuesExpendituresAndChangesInFundBalanceForGovernmentalFundsTextBlock" xlink:to="FundBalances" xlink:title="presentation: DisclosureOfStatementOfRevenuesExpendituresAndChangesInFundBalanceForGovernmentalFundsTextBlock to FundBalances" order="6.0"/>
  </presentationLink>
  <presentationLink xlink:type="extended" xlink:role="http://www.town.ashland.va.us/role/StatementOfNetPositionGovernmentWideAssetsLaibilitiesAndDeferredInflowsOutflows">
    <loc xlink:type="locator" xlink:href="https://raw.githubusercontent.com/xbrlus/cafr/dev/core/us-cafr_concept.xsd#us-cafr_StatementOfNetPositionAbstract" xlink:label="StatementOfNetPositionAbstract" xlink:title="StatementOfNetPositionAbstract"/>
    <loc xlink:type="locator" xlink:href="https://raw.githubusercontent.com/xbrlus/cafr/dev/core/us-cafr_concept.xsd#us-cafr_DisclosureOfStatementOfNetPositionTextBlock" xlink:label="DisclosureOfStatementOfNetPositionTextBlock" xlink:title="DisclosureOfStatementOfNetPositionTextBlock"/>
    <presentationArc xlink:type="arc" xlink:arcrole="http://www.xbrl.org/2003/arcrole/parent-child" xlink:from="StatementOfNetPositionAbstract" xlink:to="DisclosureOfStatementOfNetPositionTextBlock" xlink:title="presentation: StatementOfNetPositionAbstract to DisclosureOfStatementOfNetPositionTextBlock" order="1.0"/>
    <loc xlink:type="locator" xlink:href="https://raw.githubusercontent.com/xbrlus/cafr/dev/core/us-cafr_concept.xsd#us-cafr_AssetsAndDeferredOutflowsOfResourcesAbstract" xlink:label="AssetsAndDeferredOutflowsOfResourcesAbstract" xlink:title="AssetsAndDeferredOutflowsOfResourcesAbstract"/>
    <presentationArc xlink:type="arc" xlink:arcrole="http://www.xbrl.org/2003/arcrole/parent-child" xlink:from="DisclosureOfStatementOfNetPositionTextBlock" xlink:to="AssetsAndDeferredOutflowsOfResourcesAbstract" xlink:title="presentation: DisclosureOfStatementOfNetPositionTextBlock to AssetsAndDeferredOutflowsOfResourcesAbstract" order="1.0"/>
    <loc xlink:type="locator" xlink:href="https://raw.githubusercontent.com/xbrlus/cafr/dev/core/us-cafr_concept.xsd#us-cafr_AssetsAbstract" xlink:label="AssetsAbstract" xlink:title="AssetsAbstract"/>
    <presentationArc xlink:type="arc" xlink:arcrole="http://www.xbrl.org/2003/arcrole/parent-child" xlink:from="AssetsAndDeferredOutflowsOfResourcesAbstract" xlink:to="AssetsAbstract" xlink:title="presentation: AssetsAndDeferredOutflowsOfResourcesAbstract to AssetsAbstract" order="1.0"/>
    <loc xlink:type="locator" xlink:href="https://raw.githubusercontent.com/xbrlus/cafr/dev/core/us-cafr_concept.xsd#us-cafr_Assets" xlink:label="Assets" xlink:title="Assets"/>
    <presentationArc xlink:type="arc" xlink:arcrole="http://www.xbrl.org/2003/arcrole/parent-child" xlink:from="AssetsAbstract" xlink:to="Assets" xlink:title="presentation: AssetsAbstract to Assets" order="13.0"/>
    <loc xlink:type="locator" xlink:href="https://raw.githubusercontent.com/xbrlus/cafr/dev/core/us-cafr_concept.xsd#us-cafr_CashAndCashEquivalents" xlink:label="CashAndCashEquivalents" xlink:title="CashAndCashEquivalents"/>
    <presentationArc xlink:type="arc" xlink:arcrole="http://www.xbrl.org/2003/arcrole/parent-child" xlink:from="AssetsAbstract" xlink:to="CashAndCashEquivalents" xlink:title="presentation: AssetsAbstract to CashAndCashEquivalents" order="1.0"/>
    <loc xlink:type="locator" xlink:href="https://raw.githubusercontent.com/xbrlus/cafr/dev/core/us-cafr_concept.xsd#us-cafr_PropertyTaxesReceivable" xlink:label="PropertyTaxesReceivable" xlink:title="PropertyTaxesReceivable"/>
    <presentationArc xlink:type="arc" xlink:arcrole="http://www.xbrl.org/2003/arcrole/parent-child" xlink:from="AssetsAbstract" xlink:to="PropertyTaxesReceivable" xlink:title="presentation: AssetsAbstract to PropertyTaxesReceivable" order="2.0"/>
    <loc xlink:type="locator" xlink:href="https://raw.githubusercontent.com/xbrlus/cafr/dev/core/us-cafr_concept.xsd#us-cafr_OtherReceivables" xlink:label="OtherReceivables" xlink:title="OtherReceivables"/>
    <presentationArc xlink:type="arc" xlink:arcrole="http://www.xbrl.org/2003/arcrole/parent-child" xlink:from="AssetsAbstract" xlink:to="OtherReceivables" xlink:title="presentation: AssetsAbstract to OtherReceivables" order="3.0"/>
    <loc xlink:type="locator" xlink:href="https://raw.githubusercontent.com/xbrlus/cafr/dev/core/us-cafr_concept.xsd#us-cafr_DueFromOtherGovernmentEntities" xlink:label="DueFromOtherGovernmentEntities" xlink:title="DueFromOtherGovernmentEntities"/>
    <presentationArc xlink:type="arc" xlink:arcrole="http://www.xbrl.org/2003/arcrole/parent-child" xlink:from="AssetsAbstract" xlink:to="DueFromOtherGovernmentEntities" xlink:title="presentation: AssetsAbstract to DueFromOtherGovernmentEntities" order="4.0"/>
    <loc xlink:type="locator" xlink:href="https://raw.githubusercontent.com/xbrlus/cafr/dev/core/us-cafr_concept.xsd#us-cafr_PrepaidOtherPostEmploymentBenefitsPlan" xlink:label="PrepaidOtherPostEmploymentBenefitsPlan" xlink:title="PrepaidOtherPostEmploymentBenefitsPlan"/>
    <presentationArc xlink:type="arc" xlink:arcrole="http://www.xbrl.org/2003/arcrole/parent-child" xlink:from="AssetsAbstract" xlink:to="PrepaidOtherPostEmploymentBenefitsPlan" xlink:title="presentation: AssetsAbstract to PrepaidOtherPostEmploymentBenefitsPlan" order="5.0"/>
    <loc xlink:type="locator" xlink:href="https://raw.githubusercontent.com/xbrlus/cafr/dev/core/us-cafr_concept.xsd#us-cafr_Land" xlink:label="Land" xlink:title="Land"/>
    <presentationArc xlink:type="arc" xlink:arcrole="http://www.xbrl.org/2003/arcrole/parent-child" xlink:from="AssetsAbstract" xlink:to="Land" xlink:title="presentation: AssetsAbstract to Land" order="6.0"/>
    <loc xlink:type="locator" xlink:href="va-t-ashl-20170630.xsd#va-t-ashl_BuildingsAndImprovements" xlink:label="BuildingsAndImprovements" xlink:title="BuildingsAndImprovements"/>
    <presentationArc xlink:type="arc" xlink:arcrole="http://www.xbrl.org/2003/arcrole/parent-child" xlink:from="AssetsAbstract" xlink:to="BuildingsAndImprovements" xlink:title="presentation: AssetsAbstract to BuildingsAndImprovements" order="7.0"/>
    <loc xlink:type="locator" xlink:href="https://raw.githubusercontent.com/xbrlus/cafr/dev/core/us-cafr_concept.xsd#us-cafr_PlantAndEquipment" xlink:label="PlantAndEquipment" xlink:title="PlantAndEquipment"/>
    <presentationArc xlink:type="arc" xlink:arcrole="http://www.xbrl.org/2003/arcrole/parent-child" xlink:from="AssetsAbstract" xlink:to="PlantAndEquipment" xlink:title="presentation: AssetsAbstract to PlantAndEquipment" order="8.0"/>
    <loc xlink:type="locator" xlink:href="va-t-ashl-20170630.xsd#va-t-ashl_Infrastructure" xlink:label="Infrastructure" xlink:title="Infrastructure"/>
    <presentationArc xlink:type="arc" xlink:arcrole="http://www.xbrl.org/2003/arcrole/parent-child" xlink:from="AssetsAbstract" xlink:to="Infrastructure" xlink:title="presentation: AssetsAbstract to Infrastructure" order="9.0"/>
    <loc xlink:type="locator" xlink:href="va-t-ashl-20170630.xsd#va-t-ashl_Software" xlink:label="Software" xlink:title="Software"/>
    <presentationArc xlink:type="arc" xlink:arcrole="http://www.xbrl.org/2003/arcrole/parent-child" xlink:from="AssetsAbstract" xlink:to="Software" xlink:title="presentation: AssetsAbstract to Software" order="10.0"/>
    <loc xlink:type="locator" xlink:href="https://raw.githubusercontent.com/xbrlus/cafr/dev/core/us-cafr_concept.xsd#us-cafr_ConstructionInProgressDepreciable" xlink:label="ConstructionInProgressDepreciable" xlink:title="ConstructionInProgressDepreciable"/>
    <presentationArc xlink:type="arc" xlink:arcrole="http://www.xbrl.org/2003/arcrole/parent-child" xlink:from="AssetsAbstract" xlink:to="ConstructionInProgressDepreciable" xlink:title="presentation: AssetsAbstract to ConstructionInProgressDepreciable" order="11.0"/>
    <loc xlink:type="locator" xlink:href="https://raw.githubusercontent.com/xbrlus/cafr/dev/core/us-cafr_concept.xsd#us-cafr_AccumulatedDepreciationAndAmortization" xlink:label="AccumulatedDepreciationAndAmortization" xlink:title="AccumulatedDepreciationAndAmortization"/>
    <presentationArc xlink:type="arc" xlink:arcrole="http://www.xbrl.org/2003/arcrole/parent-child" xlink:from="AssetsAbstract" xlink:to="AccumulatedDepreciationAndAmortization" xlink:title="presentation: AssetsAbstract to AccumulatedDepreciationAndAmortization" order="12.0"/>
    <loc xlink:type="locator" xlink:href="https://raw.githubusercontent.com/xbrlus/cafr/dev/core/us-cafr_concept.xsd#us-cafr_DeferredOutflowsOfResourcesAbstract" xlink:label="DeferredOutflowsOfResourcesAbstract" xlink:title="DeferredOutflowsOfResourcesAbstract"/>
    <presentationArc xlink:type="arc" xlink:arcrole="http://www.xbrl.org/2003/arcrole/parent-child" xlink:from="AssetsAndDeferredOutflowsOfResourcesAbstract" xlink:to="DeferredOutflowsOfResourcesAbstract" xlink:title="presentation: AssetsAndDeferredOutflowsOfResourcesAbstract to DeferredOutflowsOfResourcesAbstract" order="2.0"/>
    <loc xlink:type="locator" xlink:href="https://raw.githubusercontent.com/xbrlus/cafr/dev/core/us-cafr_concept.xsd#us-cafr_DeferredOutflowsForPensions" xlink:label="DeferredOutflowsForPensions" xlink:title="DeferredOutflowsForPensions"/>
    <presentationArc xlink:type="arc" xlink:arcrole="http://www.xbrl.org/2003/arcrole/parent-child" xlink:from="DeferredOutflowsOfResourcesAbstract" xlink:to="DeferredOutflowsForPensions" xlink:title="presentation: DeferredOutflowsOfResourcesAbstract to DeferredOutflowsForPensions" order="1.0"/>
    <loc xlink:type="locator" xlink:href="https://raw.githubusercontent.com/xbrlus/cafr/dev/core/us-cafr_concept.xsd#us-cafr_LiabilitiesAndDeferredInflowsOfResourcesAndNetPositionAbstract" xlink:label="LiabilitiesAndDeferredInflowsOfResourcesAndNetPositionAbstract" xlink:title="LiabilitiesAndDeferredInflowsOfResourcesAndNetPositionAbstract"/>
    <presentationArc xlink:type="arc" xlink:arcrole="http://www.xbrl.org/2003/arcrole/parent-child" xlink:from="DisclosureOfStatementOfNetPositionTextBlock" xlink:to="LiabilitiesAndDeferredInflowsOfResourcesAndNetPositionAbstract" xlink:title="presentation: DisclosureOfStatementOfNetPositionTextBlock to LiabilitiesAndDeferredInflowsOfResourcesAndNetPositionAbstract" order="2.0"/>
    <loc xlink:type="locator" xlink:href="va-t-ashl-20170630.xsd#va-t-ashl_AccountsAndDepositsPayable" xlink:label="AccountsAndDepositsPayable" xlink:title="AccountsAndDepositsPayable"/>
    <presentationArc xlink:type="arc" xlink:arcrole="http://www.xbrl.org/2003/arcrole/parent-child" xlink:from="LiabilitiesAndDeferredInflowsOfResourcesAndNetPositionAbstract" xlink:to="AccountsAndDepositsPayable" xlink:title="presentation: LiabilitiesAndDeferredInflowsOfResourcesAndNetPositionAbstract to AccountsAndDepositsPayable" order="1.0"/>
    <loc xlink:type="locator" xlink:href="https://raw.githubusercontent.com/xbrlus/cafr/dev/core/us-cafr_concept.xsd#us-cafr_AccruedPayrollAndBenefitsAndRelatedLiabilities" xlink:label="AccruedPayrollAndBenefitsAndRelatedLiabilities" xlink:title="AccruedPayrollAndBenefitsAndRelatedLiabilities"/>
    <presentationArc xlink:type="arc" xlink:arcrole="http://www.xbrl.org/2003/arcrole/parent-child" xlink:from="LiabilitiesAndDeferredInflowsOfResourcesAndNetPositionAbstract" xlink:to="AccruedPayrollAndBenefitsAndRelatedLiabilities" xlink:title="presentation: LiabilitiesAndDeferredInflowsOfResourcesAndNetPositionAbstract to AccruedPayrollAndBenefitsAndRelatedLiabilities" order="2.0"/>
    <loc xlink:type="locator" xlink:href="https://raw.githubusercontent.com/xbrlus/cafr/dev/core/us-cafr_concept.xsd#us-cafr_DueToOtherGovernmentEntities" xlink:label="DueToOtherGovernmentEntities" xlink:title="DueToOtherGovernmentEntities"/>
    <presentationArc xlink:type="arc" xlink:arcrole="http://www.xbrl.org/2003/arcrole/parent-child" xlink:from="LiabilitiesAndDeferredInflowsOfResourcesAndNetPositionAbstract" xlink:to="DueToOtherGovernmentEntities" xlink:title="presentation: LiabilitiesAndDeferredInflowsOfResourcesAndNetPositionAbstract to DueToOtherGovernmentEntities" order="3.0"/>
    <loc xlink:type="locator" xlink:href="https://raw.githubusercontent.com/xbrlus/cafr/dev/core/us-cafr_concept.xsd#us-cafr_UnearnedRevenue" xlink:label="UnearnedRevenue" xlink:title="UnearnedRevenue"/>
    <presentationArc xlink:type="arc" xlink:arcrole="http://www.xbrl.org/2003/arcrole/parent-child" xlink:from="LiabilitiesAndDeferredInflowsOfResourcesAndNetPositionAbstract" xlink:to="UnearnedRevenue" xlink:title="presentation: LiabilitiesAndDeferredInflowsOfResourcesAndNetPositionAbstract to UnearnedRevenue" order="4.0"/>
    <loc xlink:type="locator" xlink:href="va-t-ashl-20170630.xsd#va-t-ashl_PerformanceBondPayable" xlink:label="PerformanceBondPayable" xlink:title="PerformanceBondPayable"/>
    <presentationArc xlink:type="arc" xlink:arcrole="http://www.xbrl.org/2003/arcrole/parent-child" xlink:from="LiabilitiesAndDeferredInflowsOfResourcesAndNetPositionAbstract" xlink:to="PerformanceBondPayable" xlink:title="presentation: LiabilitiesAndDeferredInflowsOfResourcesAndNetPositionAbstract to PerformanceBondPayable" order="5.0"/>
    <loc xlink:type="locator" xlink:href="https://raw.githubusercontent.com/xbrlus/cafr/dev/core/us-cafr_concept.xsd#us-cafr_CompensatedAbsences" xlink:label="CompensatedAbsences" xlink:title="CompensatedAbsences"/>
    <presentationArc xlink:type="arc" xlink:arcrole="http://www.xbrl.org/2003/arcrole/parent-child" xlink:from="LiabilitiesAndDeferredInflowsOfResourcesAndNetPositionAbstract" xlink:to="CompensatedAbsences" xlink:title="presentation: LiabilitiesAndDeferredInflowsOfResourcesAndNetPositionAbstract to CompensatedAbsences" order="6.0"/>
    <loc xlink:type="locator" xlink:href="https://raw.githubusercontent.com/xbrlus/cafr/dev/core/us-cafr_concept.xsd#us-cafr_PensionLiability" xlink:label="PensionLiability" xlink:title="PensionLiability"/>
    <presentationArc xlink:type="arc" xlink:arcrole="http://www.xbrl.org/2003/arcrole/parent-child" xlink:from="LiabilitiesAndDeferredInflowsOfResourcesAndNetPositionAbstract" xlink:to="PensionLiability" xlink:title="presentation: LiabilitiesAndDeferredInflowsOfResourcesAndNetPositionAbstract to PensionLiability" order="7.0"/>
    <loc xlink:type="locator" xlink:href="https://raw.githubusercontent.com/xbrlus/cafr/dev/core/us-cafr_concept.xsd#us-cafr_Liabilities" xlink:label="Liabilities" xlink:title="Liabilities"/>
    <presentationArc xlink:type="arc" xlink:arcrole="http://www.xbrl.org/2003/arcrole/parent-child" xlink:from="LiabilitiesAndDeferredInflowsOfResourcesAndNetPositionAbstract" xlink:to="Liabilities" xlink:title="presentation: LiabilitiesAndDeferredInflowsOfResourcesAndNetPositionAbstract to Liabilities" order="8.0"/>
    <loc xlink:type="locator" xlink:href="https://raw.githubusercontent.com/xbrlus/cafr/dev/core/us-cafr_concept.xsd#us-cafr_DeferredInflowsOfResourcesAbstract" xlink:label="DeferredInflowsOfResourcesAbstract" xlink:title="DeferredInflowsOfResourcesAbstract"/>
    <presentationArc xlink:type="arc" xlink:arcrole="http://www.xbrl.org/2003/arcrole/parent-child" xlink:from="LiabilitiesAndDeferredInflowsOfResourcesAndNetPositionAbstract" xlink:to="DeferredInflowsOfResourcesAbstract" xlink:title="presentation: LiabilitiesAndDeferredInflowsOfResourcesAndNetPositionAbstract to DeferredInflowsOfResourcesAbstract" order="9.0"/>
    <loc xlink:type="locator" xlink:href="https://raw.githubusercontent.com/xbrlus/cafr/dev/core/us-cafr_concept.xsd#us-cafr_DeferredInflowsFromPension" xlink:label="DeferredInflowsFromPension" xlink:title="DeferredInflowsFromPension"/>
    <presentationArc xlink:type="arc" xlink:arcrole="http://www.xbrl.org/2003/arcrole/parent-child" xlink:from="DeferredInflowsOfResourcesAbstract" xlink:to="DeferredInflowsFromPension" xlink:title="presentation: DeferredInflowsOfResourcesAbstract to DeferredInflowsFromPension" order="1.0"/>
    <loc xlink:type="locator" xlink:href="https://raw.githubusercontent.com/xbrlus/cafr/dev/core/us-cafr_concept.xsd#us-cafr_InvestmentInCapitalAssets" xlink:label="InvestmentInCapitalAssets" xlink:title="InvestmentInCapitalAssets"/>
    <presentationArc xlink:type="arc" xlink:arcrole="http://www.xbrl.org/2003/arcrole/parent-child" xlink:from="LiabilitiesAndDeferredInflowsOfResourcesAndNetPositionAbstract" xlink:to="InvestmentInCapitalAssets" xlink:title="presentation: LiabilitiesAndDeferredInflowsOfResourcesAndNetPositionAbstract to InvestmentInCapitalAssets" order="10.0"/>
    <loc xlink:type="locator" xlink:href="https://raw.githubusercontent.com/xbrlus/cafr/dev/core/us-cafr_concept.xsd#us-cafr_NetPosition" xlink:label="NetPosition" xlink:title="NetPosition"/>
    <presentationArc xlink:type="arc" xlink:arcrole="http://www.xbrl.org/2003/arcrole/parent-child" xlink:from="LiabilitiesAndDeferredInflowsOfResourcesAndNetPositionAbstract" xlink:to="NetPosition" xlink:title="presentation: LiabilitiesAndDeferredInflowsOfResourcesAndNetPositionAbstract to NetPosition" order="11.0"/>
  </presentationLink>
  <presentationLink xlink:type="extended" xlink:role="http://www.town.ashland.va.us/role/StatementOfActivitiesGovernmentWideProgramGeneralRevenuesAndExpenses">
    <loc xlink:type="locator" xlink:href="https://raw.githubusercontent.com/xbrlus/cafr/dev/core/us-cafr_concept.xsd#us-cafr_RevenuesAbstract" xlink:label="RevenuesAbstract" xlink:title="RevenuesAbstract"/>
    <loc xlink:type="locator" xlink:href="https://raw.githubusercontent.com/xbrlus/cafr/dev/core/us-cafr_concept.xsd#us-cafr_RevenueFromChargesForServicesAndSales" xlink:label="RevenueFromChargesForServicesAndSales" xlink:title="RevenueFromChargesForServicesAndSales"/>
    <presentationArc xlink:type="arc" xlink:arcrole="http://www.xbrl.org/2003/arcrole/parent-child" xlink:from="RevenuesAbstract" xlink:to="RevenueFromChargesForServicesAndSales" xlink:title="presentation: RevenuesAbstract to RevenueFromChargesForServicesAndSales" order="1.0"/>
    <loc xlink:type="locator" xlink:href="https://raw.githubusercontent.com/xbrlus/cafr/dev/core/us-cafr_concept.xsd#us-cafr_RevenueFromOperatingGrantsAndContributionsAndInterest" xlink:label="RevenueFromOperatingGrantsAndContributionsAndInterest" xlink:title="RevenueFromOperatingGrantsAndContributionsAndInterest"/>
    <presentationArc xlink:type="arc" xlink:arcrole="http://www.xbrl.org/2003/arcrole/parent-child" xlink:from="RevenuesAbstract" xlink:to="RevenueFromOperatingGrantsAndContributionsAndInterest" xlink:title="presentation: RevenuesAbstract to RevenueFromOperatingGrantsAndContributionsAndInterest" order="2.0"/>
    <loc xlink:type="locator" xlink:href="https://raw.githubusercontent.com/xbrlus/cafr/dev/core/us-cafr_concept.xsd#us-cafr_RevenueFromCapitalGrantsAndContributionsAndInterest" xlink:label="RevenueFromCapitalGrantsAndContributionsAndInterest" xlink:title="RevenueFromCapitalGrantsAndContributionsAndInterest"/>
    <presentationArc xlink:type="arc" xlink:arcrole="http://www.xbrl.org/2003/arcrole/parent-child" xlink:from="RevenuesAbstract" xlink:to="RevenueFromCapitalGrantsAndContributionsAndInterest" xlink:title="presentation: RevenuesAbstract to RevenueFromCapitalGrantsAndContributionsAndInterest" order="3.0"/>
    <loc xlink:type="locator" xlink:href="https://raw.githubusercontent.com/xbrlus/cafr/dev/core/us-cafr_concept.xsd#us-cafr_StatementOfActivitiesAbstract" xlink:label="StatementOfActivitiesAbstract" xlink:title="StatementOfActivitiesAbstract"/>
    <loc xlink:type="locator" xlink:href="https://raw.githubusercontent.com/xbrlus/cafr/dev/core/us-cafr_concept.xsd#us-cafr_DisclosureOfStatementOfActivitiesTextBlock" xlink:label="DisclosureOfStatementOfActivitiesTextBlock" xlink:title="DisclosureOfStatementOfActivitiesTextBlock"/>
    <presentationArc xlink:type="arc" xlink:arcrole="http://www.xbrl.org/2003/arcrole/parent-child" xlink:from="StatementOfActivitiesAbstract" xlink:to="DisclosureOfStatementOfActivitiesTextBlock" xlink:title="presentation: StatementOfActivitiesAbstract to DisclosureOfStatementOfActivitiesTextBlock" order="1.0"/>
    <presentationArc xlink:type="arc" xlink:arcrole="http://www.xbrl.org/2003/arcrole/parent-child" xlink:from="DisclosureOfStatementOfActivitiesTextBlock" xlink:to="RevenuesAbstract" xlink:title="presentation: DisclosureOfStatementOfActivitiesTextBlock to RevenuesAbstract" order="2.0"/>
    <loc xlink:type="locator" xlink:href="https://raw.githubusercontent.com/xbrlus/cafr/dev/core/us-cafr_concept.xsd#us-cafr_ExpensesAbstract" xlink:label="ExpensesAbstract" xlink:title="ExpensesAbstract"/>
    <presentationArc xlink:type="arc" xlink:arcrole="http://www.xbrl.org/2003/arcrole/parent-child" xlink:from="DisclosureOfStatementOfActivitiesTextBlock" xlink:to="ExpensesAbstract" xlink:title="presentation: DisclosureOfStatementOfActivitiesTextBlock to ExpensesAbstract" order="1.0"/>
    <loc xlink:type="locator" xlink:href="https://raw.githubusercontent.com/xbrlus/cafr/dev/core/us-cafr_concept.xsd#us-cafr_ExpensesForPublicSafety" xlink:label="ExpensesForPublicSafety" xlink:title="ExpensesForPublicSafety"/>
    <presentationArc xlink:type="arc" xlink:arcrole="http://www.xbrl.org/2003/arcrole/parent-child" xlink:from="ExpensesAbstract" xlink:to="ExpensesForPublicSafety" xlink:title="presentation: ExpensesAbstract to ExpensesForPublicSafety" order="2.0"/>
    <loc xlink:type="locator" xlink:href="https://raw.githubusercontent.com/xbrlus/cafr/dev/core/us-cafr_concept.xsd#us-cafr_ExpensesForCommunityDevelopment" xlink:label="ExpensesForCommunityDevelopment" xlink:title="ExpensesForCommunityDevelopment"/>
    <presentationArc xlink:type="arc" xlink:arcrole="http://www.xbrl.org/2003/arcrole/parent-child" xlink:from="ExpensesAbstract" xlink:to="ExpensesForCommunityDevelopment" xlink:title="presentation: ExpensesAbstract to ExpensesForCommunityDevelopment" order="5.0"/>
    <loc xlink:type="locator" xlink:href="https://raw.githubusercontent.com/xbrlus/cafr/dev/core/us-cafr_concept.xsd#us-cafr_ExpensesForPublicWorks" xlink:label="ExpensesForPublicWorks" xlink:title="ExpensesForPublicWorks"/>
    <presentationArc xlink:type="arc" xlink:arcrole="http://www.xbrl.org/2003/arcrole/parent-child" xlink:from="ExpensesAbstract" xlink:to="ExpensesForPublicWorks" xlink:title="presentation: ExpensesAbstract to ExpensesForPublicWorks" order="3.0"/>
    <loc xlink:type="locator" xlink:href="https://raw.githubusercontent.com/xbrlus/cafr/dev/core/us-cafr_concept.xsd#us-cafr_ExpensesForGeneralGovernmentLegislativeAndExecutive" xlink:label="ExpensesForGeneralGovernmentLegislativeAndExecutive" xlink:title="ExpensesForGeneralGovernmentLegislativeAndExecutive"/>
    <presentationArc xlink:type="arc" xlink:arcrole="http://www.xbrl.org/2003/arcrole/parent-child" xlink:from="ExpensesAbstract" xlink:to="ExpensesForGeneralGovernmentLegislativeAndExecutive" xlink:title="presentation: ExpensesAbstract to ExpensesForGeneralGovernmentLegislativeAndExecutive" order="1.0"/>
    <loc xlink:type="locator" xlink:href="https://raw.githubusercontent.com/xbrlus/cafr/dev/core/us-cafr_concept.xsd#us-cafr_Expenses" xlink:label="Expenses" xlink:title="Expenses"/>
    <presentationArc xlink:type="arc" xlink:arcrole="http://www.xbrl.org/2003/arcrole/parent-child" xlink:from="ExpensesAbstract" xlink:to="Expenses" xlink:title="presentation: ExpensesAbstract to Expenses" order="6.0"/>
    <loc xlink:type="locator" xlink:href="va-t-ashl-20170630.xsd#va-t-ashl_ExpensesForParksRecreationAndCultural" xlink:label="ExpensesForParksRecreationAndCultural" xlink:title="ExpensesForParksRecreationAndCultural"/>
    <presentationArc xlink:type="arc" xlink:arcrole="http://www.xbrl.org/2003/arcrole/parent-child" xlink:from="ExpensesAbstract" xlink:to="ExpensesForParksRecreationAndCultural" xlink:title="presentation: ExpensesAbstract to ExpensesForParksRecreationAndCultural" order="4.0"/>
    <loc xlink:type="locator" xlink:href="va-t-ashl-20170630.xsd#va-t-ashl_NetExpenseRevenue" xlink:label="NetExpenseRevenue" xlink:title="NetExpenseRevenue"/>
    <presentationArc xlink:type="arc" xlink:arcrole="http://www.xbrl.org/2003/arcrole/parent-child" xlink:from="DisclosureOfStatementOfActivitiesTextBlock" xlink:to="NetExpenseRevenue" xlink:title="presentation: DisclosureOfStatementOfActivitiesTextBlock to NetExpenseRevenue" order="3.0"/>
    <loc xlink:type="locator" xlink:href="https://raw.githubusercontent.com/xbrlus/cafr/dev/core/us-cafr_concept.xsd#us-cafr_GeneralRevenuesAbstract" xlink:label="GeneralRevenuesAbstract" xlink:title="GeneralRevenuesAbstract"/>
    <presentationArc xlink:type="arc" xlink:arcrole="http://www.xbrl.org/2003/arcrole/parent-child" xlink:from="DisclosureOfStatementOfActivitiesTextBlock" xlink:to="GeneralRevenuesAbstract" xlink:title="presentation: DisclosureOfStatementOfActivitiesTextBlock to GeneralRevenuesAbstract" order="4.0"/>
    <loc xlink:type="locator" xlink:href="https://raw.githubusercontent.com/xbrlus/cafr/dev/core/us-cafr_concept.xsd#us-cafr_OtherGeneralRevenues" xlink:label="OtherGeneralRevenues" xlink:title="OtherGeneralRevenues"/>
    <presentationArc xlink:type="arc" xlink:arcrole="http://www.xbrl.org/2003/arcrole/parent-child" xlink:from="GeneralRevenuesAbstract" xlink:to="OtherGeneralRevenues" xlink:title="presentation: GeneralRevenuesAbstract to OtherGeneralRevenues" order="10.0"/>
    <loc xlink:type="locator" xlink:href="https://raw.githubusercontent.com/xbrlus/cafr/dev/core/us-cafr_concept.xsd#us-cafr_GeneralRevenues" xlink:label="GeneralRevenues" xlink:title="GeneralRevenues"/>
    <presentationArc xlink:type="arc" xlink:arcrole="http://www.xbrl.org/2003/arcrole/parent-child" xlink:from="GeneralRevenuesAbstract" xlink:to="GeneralRevenues" xlink:title="presentation: GeneralRevenuesAbstract to GeneralRevenues" order="11.0"/>
    <loc xlink:type="locator" xlink:href="https://raw.githubusercontent.com/xbrlus/cafr/dev/core/us-cafr_concept.xsd#us-cafr_RevenueFromContributions" xlink:label="RevenueFromContributions" xlink:title="RevenueFromContributions"/>
    <presentationArc xlink:type="arc" xlink:arcrole="http://www.xbrl.org/2003/arcrole/parent-child" xlink:from="GeneralRevenuesAbstract" xlink:to="RevenueFromContributions" xlink:title="presentation: GeneralRevenuesAbstract to RevenueFromContributions" order="2.0"/>
    <loc xlink:type="locator" xlink:href="https://raw.githubusercontent.com/xbrlus/cafr/dev/core/us-cafr_concept.xsd#us-cafr_RevenueFromPropertyTaxes" xlink:label="RevenueFromPropertyTaxes" xlink:title="RevenueFromPropertyTaxes"/>
    <presentationArc xlink:type="arc" xlink:arcrole="http://www.xbrl.org/2003/arcrole/parent-child" xlink:from="GeneralRevenuesAbstract" xlink:to="RevenueFromPropertyTaxes" xlink:title="presentation: GeneralRevenuesAbstract to RevenueFromPropertyTaxes" order="1.0"/>
    <loc xlink:type="locator" xlink:href="va-t-ashl-20170630.xsd#va-t-ashl_RevenueFromMealsTax" xlink:label="RevenueFromMealsTax" xlink:title="RevenueFromMealsTax"/>
    <presentationArc xlink:type="arc" xlink:arcrole="http://www.xbrl.org/2003/arcrole/parent-child" xlink:from="GeneralRevenuesAbstract" xlink:to="RevenueFromMealsTax" xlink:title="presentation: GeneralRevenuesAbstract to RevenueFromMealsTax" order="3.0"/>
    <loc xlink:type="locator" xlink:href="va-t-ashl-20170630.xsd#va-t-ashl_RevenueFromTransientOccupancy" xlink:label="RevenueFromTransientOccupancy" xlink:title="RevenueFromTransientOccupancy"/>
    <presentationArc xlink:type="arc" xlink:arcrole="http://www.xbrl.org/2003/arcrole/parent-child" xlink:from="GeneralRevenuesAbstract" xlink:to="RevenueFromTransientOccupancy" xlink:title="presentation: GeneralRevenuesAbstract to RevenueFromTransientOccupancy" order="4.0"/>
    <loc xlink:type="locator" xlink:href="va-t-ashl-20170630.xsd#va-t-ashl_RevenueFromBusinessLicensesTax" xlink:label="RevenueFromBusinessLicensesTax" xlink:title="RevenueFromBusinessLicensesTax"/>
    <presentationArc xlink:type="arc" xlink:arcrole="http://www.xbrl.org/2003/arcrole/parent-child" xlink:from="GeneralRevenuesAbstract" xlink:to="RevenueFromBusinessLicensesTax" xlink:title="presentation: GeneralRevenuesAbstract to RevenueFromBusinessLicensesTax" order="5.0"/>
    <loc xlink:type="locator" xlink:href="va-t-ashl-20170630.xsd#va-t-ashl_RevenueFromLocalSalesAndUse" xlink:label="RevenueFromLocalSalesAndUse" xlink:title="RevenueFromLocalSalesAndUse"/>
    <presentationArc xlink:type="arc" xlink:arcrole="http://www.xbrl.org/2003/arcrole/parent-child" xlink:from="GeneralRevenuesAbstract" xlink:to="RevenueFromLocalSalesAndUse" xlink:title="presentation: GeneralRevenuesAbstract to RevenueFromLocalSalesAndUse" order="6.0"/>
    <loc xlink:type="locator" xlink:href="https://raw.githubusercontent.com/xbrlus/cafr/dev/core/us-cafr_concept.xsd#us-cafr_RevenueFromOtherTaxes" xlink:label="RevenueFromOtherTaxes" xlink:title="RevenueFromOtherTaxes"/>
    <presentationArc xlink:type="arc" xlink:arcrole="http://www.xbrl.org/2003/arcrole/parent-child" xlink:from="GeneralRevenuesAbstract" xlink:to="RevenueFromOtherTaxes" xlink:title="presentation: GeneralRevenuesAbstract to RevenueFromOtherTaxes" order="7.0"/>
    <loc xlink:type="locator" xlink:href="https://raw.githubusercontent.com/xbrlus/cafr/dev/core/us-cafr_concept.xsd#us-cafr_RevenueFromInterGovernmentalTransactions" xlink:label="RevenueFromInterGovernmentalTransactions" xlink:title="RevenueFromInterGovernmentalTransactions"/>
    <presentationArc xlink:type="arc" xlink:arcrole="http://www.xbrl.org/2003/arcrole/parent-child" xlink:from="GeneralRevenuesAbstract" xlink:to="RevenueFromInterGovernmentalTransactions" xlink:title="presentation: GeneralRevenuesAbstract to RevenueFromInterGovernmentalTransactions" order="8.0"/>
    <loc xlink:type="locator" xlink:href="va-t-ashl-20170630.xsd#va-t-ashl_RevenueFromUseOfMoneyAndProperty" xlink:label="RevenueFromUseOfMoneyAndProperty" xlink:title="RevenueFromUseOfMoneyAndProperty"/>
    <presentationArc xlink:type="arc" xlink:arcrole="http://www.xbrl.org/2003/arcrole/parent-child" xlink:from="GeneralRevenuesAbstract" xlink:to="RevenueFromUseOfMoneyAndProperty" xlink:title="presentation: GeneralRevenuesAbstract to RevenueFromUseOfMoneyAndProperty" order="9.0"/>
    <loc xlink:type="locator" xlink:href="https://raw.githubusercontent.com/xbrlus/cafr/dev/core/us-cafr_concept.xsd#us-cafr_ChangesInNetPosition" xlink:label="ChangesInNetPosition" xlink:title="ChangesInNetPosition"/>
    <presentationArc xlink:type="arc" xlink:arcrole="http://www.xbrl.org/2003/arcrole/parent-child" xlink:from="DisclosureOfStatementOfActivitiesTextBlock" xlink:to="ChangesInNetPosition" xlink:title="presentation: DisclosureOfStatementOfActivitiesTextBlock to ChangesInNetPosition" order="5.0"/>
    <loc xlink:type="locator" xlink:href="https://raw.githubusercontent.com/xbrlus/cafr/dev/core/us-cafr_concept.xsd#us-cafr_NetPosition" xlink:label="NetPosition" xlink:title="NetPosition"/>
    <presentationArc xlink:type="arc" xlink:arcrole="http://www.xbrl.org/2003/arcrole/parent-child" xlink:from="DisclosureOfStatementOfActivitiesTextBlock" xlink:to="NetPosition" xlink:title="presentation: DisclosureOfStatementOfActivitiesTextBlock to NetPosition" order="6.0"/>
  </presentationLink>
  <presentationLink xlink:type="extended" xlink:role="http://www.town.ashland.va.us/role/balanceSheetGovernmentalFunds">
    <loc xlink:type="locator" xlink:href="https://raw.githubusercontent.com/xbrlus/cafr/dev/core/us-cafr_concept.xsd#us-cafr_AssetsAndDeferredOutflowsOfResourcesAbstract" xlink:label="AssetsAndDeferredOutflowsOfResourcesAbstract" xlink:title="AssetsAndDeferredOutflowsOfResourcesAbstract"/>
    <loc xlink:type="locator" xlink:href="https://raw.githubusercontent.com/xbrlus/cafr/dev/core/us-cafr_concept.xsd#us-cafr_AssetsAbstract" xlink:label="AssetsAbstract" xlink:title="AssetsAbstract"/>
    <presentationArc xlink:type="arc" xlink:arcrole="http://www.xbrl.org/2003/arcrole/parent-child" xlink:from="AssetsAndDeferredOutflowsOfResourcesAbstract" xlink:to="AssetsAbstract" xlink:title="presentation: AssetsAndDeferredOutflowsOfResourcesAbstract to AssetsAbstract" order="1.0"/>
    <loc xlink:type="locator" xlink:href="https://raw.githubusercontent.com/xbrlus/cafr/dev/core/us-cafr_concept.xsd#us-cafr_Assets" xlink:label="Assets" xlink:title="Assets"/>
    <presentationArc xlink:type="arc" xlink:arcrole="http://www.xbrl.org/2003/arcrole/parent-child" xlink:from="AssetsAbstract" xlink:to="Assets" xlink:title="presentation: AssetsAbstract to Assets" order="13.0"/>
    <loc xlink:type="locator" xlink:href="https://raw.githubusercontent.com/xbrlus/cafr/dev/core/us-cafr_concept.xsd#us-cafr_CashAndCashEquivalents" xlink:label="CashAndCashEquivalents" xlink:title="CashAndCashEquivalents"/>
    <presentationArc xlink:type="arc" xlink:arcrole="http://www.xbrl.org/2003/arcrole/parent-child" xlink:from="AssetsAbstract" xlink:to="CashAndCashEquivalents" xlink:title="presentation: AssetsAbstract to CashAndCashEquivalents" order="1.0"/>
    <loc xlink:type="locator" xlink:href="https://raw.githubusercontent.com/xbrlus/cafr/dev/core/us-cafr_concept.xsd#us-cafr_PropertyTaxesReceivable" xlink:label="PropertyTaxesReceivable" xlink:title="PropertyTaxesReceivable"/>
    <presentationArc xlink:type="arc" xlink:arcrole="http://www.xbrl.org/2003/arcrole/parent-child" xlink:from="AssetsAbstract" xlink:to="PropertyTaxesReceivable" xlink:title="presentation: AssetsAbstract to PropertyTaxesReceivable" order="2.0"/>
    <loc xlink:type="locator" xlink:href="https://raw.githubusercontent.com/xbrlus/cafr/dev/core/us-cafr_concept.xsd#us-cafr_OtherReceivables" xlink:label="OtherReceivables" xlink:title="OtherReceivables"/>
    <presentationArc xlink:type="arc" xlink:arcrole="http://www.xbrl.org/2003/arcrole/parent-child" xlink:from="AssetsAbstract" xlink:to="OtherReceivables" xlink:title="presentation: AssetsAbstract to OtherReceivables" order="3.0"/>
    <loc xlink:type="locator" xlink:href="https://raw.githubusercontent.com/xbrlus/cafr/dev/core/us-cafr_concept.xsd#us-cafr_DueFromOtherGovernmentEntities" xlink:label="DueFromOtherGovernmentEntities" xlink:title="DueFromOtherGovernmentEntities"/>
    <presentationArc xlink:type="arc" xlink:arcrole="http://www.xbrl.org/2003/arcrole/parent-child" xlink:from="AssetsAbstract" xlink:to="DueFromOtherGovernmentEntities" xlink:title="presentation: AssetsAbstract to DueFromOtherGovernmentEntities" order="4.0"/>
    <loc xlink:type="locator" xlink:href="https://raw.githubusercontent.com/xbrlus/cafr/dev/core/us-cafr_concept.xsd#us-cafr_GovernmentalFundsBalanceSheetAbstract" xlink:label="GovernmentalFundsBalanceSheetAbstract" xlink:title="GovernmentalFundsBalanceSheetAbstract"/>
    <loc xlink:type="locator" xlink:href="https://raw.githubusercontent.com/xbrlus/cafr/dev/core/us-cafr_concept.xsd#us-cafr_DisclosureOfBalanceSheetForGovernmentalFundsTextBlock" xlink:label="DisclosureOfBalanceSheetForGovernmentalFundsTextBlock" xlink:title="DisclosureOfBalanceSheetForGovernmentalFundsTextBlock"/>
    <presentationArc xlink:type="arc" xlink:arcrole="http://www.xbrl.org/2003/arcrole/parent-child" xlink:from="GovernmentalFundsBalanceSheetAbstract" xlink:to="DisclosureOfBalanceSheetForGovernmentalFundsTextBlock" xlink:title="presentation: GovernmentalFundsBalanceSheetAbstract to DisclosureOfBalanceSheetForGovernmentalFundsTextBlock" order="1.0"/>
    <presentationArc xlink:type="arc" xlink:arcrole="http://www.xbrl.org/2003/arcrole/parent-child" xlink:from="DisclosureOfBalanceSheetForGovernmentalFundsTextBlock" xlink:to="AssetsAndDeferredOutflowsOfResourcesAbstract" xlink:title="presentation: DisclosureOfBalanceSheetForGovernmentalFundsTextBlock to AssetsAndDeferredOutflowsOfResourcesAbstract" order="2.0"/>
    <loc xlink:type="locator" xlink:href="https://raw.githubusercontent.com/xbrlus/cafr/dev/core/us-cafr_concept.xsd#us-cafr_NameOfFund" xlink:label="NameOfFund" xlink:title="NameOfFund"/>
    <presentationArc xlink:type="arc" xlink:arcrole="http://www.xbrl.org/2003/arcrole/parent-child" xlink:from="DisclosureOfBalanceSheetForGovernmentalFundsTextBlock" xlink:to="NameOfFund" xlink:title="presentation: DisclosureOfBalanceSheetForGovernmentalFundsTextBlock to NameOfFund" order="1.0"/>
    <loc xlink:type="locator" xlink:href="https://raw.githubusercontent.com/xbrlus/cafr/dev/core/us-cafr_concept.xsd#us-cafr_LiabilitiesAndDeferredInflowsOfResourcesAndFundBalancesAbstract" xlink:label="LiabilitiesAndDeferredInflowsOfResourcesAndFundBalancesAbstract" xlink:title="LiabilitiesAndDeferredInflowsOfResourcesAndFundBalancesAbstract"/>
    <presentationArc xlink:type="arc" xlink:arcrole="http://www.xbrl.org/2003/arcrole/parent-child" xlink:from="DisclosureOfBalanceSheetForGovernmentalFundsTextBlock" xlink:to="LiabilitiesAndDeferredInflowsOfResourcesAndFundBalancesAbstract" xlink:title="presentation: DisclosureOfBalanceSheetForGovernmentalFundsTextBlock to LiabilitiesAndDeferredInflowsOfResourcesAndFundBalancesAbstract" order="4.0"/>
    <loc xlink:type="locator" xlink:href="https://raw.githubusercontent.com/xbrlus/cafr/dev/core/us-cafr_concept.xsd#us-cafr_FundBalances" xlink:label="FundBalances" xlink:title="FundBalances"/>
    <presentationArc xlink:type="arc" xlink:arcrole="http://www.xbrl.org/2003/arcrole/parent-child" xlink:from="LiabilitiesAndDeferredInflowsOfResourcesAndFundBalancesAbstract" xlink:to="FundBalances" xlink:title="presentation: LiabilitiesAndDeferredInflowsOfResourcesAndFundBalancesAbstract to FundBalances" order="8.0"/>
    <loc xlink:type="locator" xlink:href="va-t-ashl-20170630.xsd#va-t-ashl_AccountsAndDepositsPayable" xlink:label="AccountsAndDepositsPayable" xlink:title="AccountsAndDepositsPayable"/>
    <presentationArc xlink:type="arc" xlink:arcrole="http://www.xbrl.org/2003/arcrole/parent-child" xlink:from="LiabilitiesAndDeferredInflowsOfResourcesAndFundBalancesAbstract" xlink:to="AccountsAndDepositsPayable" xlink:title="presentation: LiabilitiesAndDeferredInflowsOfResourcesAndFundBalancesAbstract to AccountsAndDepositsPayable" order="1.0"/>
    <loc xlink:type="locator" xlink:href="https://raw.githubusercontent.com/xbrlus/cafr/dev/core/us-cafr_concept.xsd#us-cafr_AccruedPayrollAndBenefitsAndRelatedLiabilities" xlink:label="AccruedPayrollAndBenefitsAndRelatedLiabilities" xlink:title="AccruedPayrollAndBenefitsAndRelatedLiabilities"/>
    <presentationArc xlink:type="arc" xlink:arcrole="http://www.xbrl.org/2003/arcrole/parent-child" xlink:from="LiabilitiesAndDeferredInflowsOfResourcesAndFundBalancesAbstract" xlink:to="AccruedPayrollAndBenefitsAndRelatedLiabilities" xlink:title="presentation: LiabilitiesAndDeferredInflowsOfResourcesAndFundBalancesAbstract to AccruedPayrollAndBenefitsAndRelatedLiabilities" order="2.0"/>
    <loc xlink:type="locator" xlink:href="https://raw.githubusercontent.com/xbrlus/cafr/dev/core/us-cafr_concept.xsd#us-cafr_DueToOtherGovernmentEntities" xlink:label="DueToOtherGovernmentEntities" xlink:title="DueToOtherGovernmentEntities"/>
    <presentationArc xlink:type="arc" xlink:arcrole="http://www.xbrl.org/2003/arcrole/parent-child" xlink:from="LiabilitiesAndDeferredInflowsOfResourcesAndFundBalancesAbstract" xlink:to="DueToOtherGovernmentEntities" xlink:title="presentation: LiabilitiesAndDeferredInflowsOfResourcesAndFundBalancesAbstract to DueToOtherGovernmentEntities" order="3.0"/>
    <loc xlink:type="locator" xlink:href="va-t-ashl-20170630.xsd#va-t-ashl_PerformanceBondPayable" xlink:label="PerformanceBondPayable" xlink:title="PerformanceBondPayable"/>
    <presentationArc xlink:type="arc" xlink:arcrole="http://www.xbrl.org/2003/arcrole/parent-child" xlink:from="LiabilitiesAndDeferredInflowsOfResourcesAndFundBalancesAbstract" xlink:to="PerformanceBondPayable" xlink:title="presentation: LiabilitiesAndDeferredInflowsOfResourcesAndFundBalancesAbstract to PerformanceBondPayable" order="4.0"/>
    <loc xlink:type="locator" xlink:href="https://raw.githubusercontent.com/xbrlus/cafr/dev/core/us-cafr_concept.xsd#us-cafr_UnearnedRevenue" xlink:label="UnearnedRevenue" xlink:title="UnearnedRevenue"/>
    <presentationArc xlink:type="arc" xlink:arcrole="http://www.xbrl.org/2003/arcrole/parent-child" xlink:from="LiabilitiesAndDeferredInflowsOfResourcesAndFundBalancesAbstract" xlink:to="UnearnedRevenue" xlink:title="presentation: LiabilitiesAndDeferredInflowsOfResourcesAndFundBalancesAbstract to UnearnedRevenue" order="5.0"/>
    <loc xlink:type="locator" xlink:href="https://raw.githubusercontent.com/xbrlus/cafr/dev/core/us-cafr_concept.xsd#us-cafr_Liabilities" xlink:label="Liabilities" xlink:title="Liabilities"/>
    <presentationArc xlink:type="arc" xlink:arcrole="http://www.xbrl.org/2003/arcrole/parent-child" xlink:from="LiabilitiesAndDeferredInflowsOfResourcesAndFundBalancesAbstract" xlink:to="Liabilities" xlink:title="presentation: LiabilitiesAndDeferredInflowsOfResourcesAndFundBalancesAbstract to Liabilities" order="6.0"/>
  </presentationLink>
</linkbase>
