<?xml version="1.0" encoding="UTF-8"?>
<!-- Generated by Integix-NG from Ez-XBRL Solutions -->
<linkbase xmlns:xsi="http://www.w3.org/2001/XMLSchema-instance" xsi:schemaLocation="http://www.xbrl.org/2003/linkbase http://www.xbrl.org/2003/xbrl-linkbase-2003-12-31.xsd" xmlns="http://www.xbrl.org/2003/linkbase" xmlns:xbrli="http://www.xbrl.org/2003/instance" xmlns:xlink="http://www.w3.org/1999/xlink">
  <roleRef roleURI="http://www.xbrl.org/2009/role/netLabel" xlink:type="simple" xlink:href="http://www.xbrl.org/lrr/role/net-2009-12-16.xsd#netLabel"/>
  <labelLink xlink:type="extended" xlink:role="http://www.xbrl.org/2003/role/link">
    <loc xlink:type="locator" xlink:href="va-t-ashl-20170630.xsd#va-t-ashl_BuildingsAndImprovements" xlink:label="BuildingsAndImprovements" xlink:title="BuildingsAndImprovements"/>
    <label xlink:type="resource" xlink:label="label_BuildingsAndImprovements" xlink:role="http://www.xbrl.org/2003/role/label" xlink:title="label_BuildingsAndImprovements" xml:lang="en" id="label_BuildingsAndImprovements">Buildings And Improvements</label>
    <labelArc xlink:type="arc" xlink:arcrole="http://www.xbrl.org/2003/arcrole/concept-label" xlink:from="BuildingsAndImprovements" xlink:to="label_BuildingsAndImprovements" xlink:title="label: BuildingsAndImprovements to label_BuildingsAndImprovements"/>
    <loc xlink:type="locator" xlink:href="va-t-ashl-20170630.xsd#va-t-ashl_Infrastructure" xlink:label="Infrastructure" xlink:title="Infrastructure"/>
    <label xlink:type="resource" xlink:label="label_Infrastructure" xlink:role="http://www.xbrl.org/2003/role/label" xlink:title="label_Infrastructure" xml:lang="en" id="label_Infrastructure">Infrastructure</label>
    <labelArc xlink:type="arc" xlink:arcrole="http://www.xbrl.org/2003/arcrole/concept-label" xlink:from="Infrastructure" xlink:to="label_Infrastructure" xlink:title="label: Infrastructure to label_Infrastructure"/>
    <loc xlink:type="locator" xlink:href="va-t-ashl-20170630.xsd#va-t-ashl_Software" xlink:label="Software" xlink:title="Software"/>
    <label xlink:type="resource" xlink:label="label_Software" xlink:role="http://www.xbrl.org/2003/role/label" xlink:title="label_Software" xml:lang="en" id="label_Software">Software</label>
    <labelArc xlink:type="arc" xlink:arcrole="http://www.xbrl.org/2003/arcrole/concept-label" xlink:from="Software" xlink:to="label_Software" xlink:title="label: Software to label_Software"/>
    <loc xlink:type="locator" xlink:href="va-t-ashl-20170630.xsd#va-t-ashl_AccountsAndDepositsPayable" xlink:label="AccountsAndDepositsPayable" xlink:title="AccountsAndDepositsPayable"/>
    <label xlink:type="resource" xlink:label="label_AccountsAndDepositsPayable" xlink:role="http://www.xbrl.org/2003/role/label" xlink:title="label_AccountsAndDepositsPayable" xml:lang="en" id="label_AccountsAndDepositsPayable">Accounts And Deposits Payable</label>
    <labelArc xlink:type="arc" xlink:arcrole="http://www.xbrl.org/2003/arcrole/concept-label" xlink:from="AccountsAndDepositsPayable" xlink:to="label_AccountsAndDepositsPayable" xlink:title="label: AccountsAndDepositsPayable to label_AccountsAndDepositsPayable"/>
    <loc xlink:type="locator" xlink:href="va-t-ashl-20170630.xsd#va-t-ashl_PerformanceBondPayable" xlink:label="PerformanceBondPayable" xlink:title="PerformanceBondPayable"/>
    <label xlink:type="resource" xlink:label="label_PerformanceBondPayable" xlink:role="http://www.xbrl.org/2003/role/label" xlink:title="label_PerformanceBondPayable" xml:lang="en" id="label_PerformanceBondPayable">Performance Bond Payable</label>
    <labelArc xlink:type="arc" xlink:arcrole="http://www.xbrl.org/2003/arcrole/concept-label" xlink:from="PerformanceBondPayable" xlink:to="label_PerformanceBondPayable" xlink:title="label: PerformanceBondPayable to label_PerformanceBondPayable"/>
    <loc xlink:type="locator" xlink:href="va-t-ashl-20170630.xsd#va-t-ashl_StatementOfNetPositionTable" xlink:label="StatementOfNetPositionTable" xlink:title="StatementOfNetPositionTable"/>
    <label xlink:type="resource" xlink:label="label_StatementOfNetPositionTable" xlink:role="http://www.xbrl.org/2003/role/label" xlink:title="label_StatementOfNetPositionTable" xml:lang="en" id="label_StatementOfNetPositionTable">Statement Of Net Position [Table]</label>
    <labelArc xlink:type="arc" xlink:arcrole="http://www.xbrl.org/2003/arcrole/concept-label" xlink:from="StatementOfNetPositionTable" xlink:to="label_StatementOfNetPositionTable" xlink:title="label: StatementOfNetPositionTable to label_StatementOfNetPositionTable"/>
    <loc xlink:type="locator" xlink:href="va-t-ashl-20170630.xsd#va-t-ashl_NameOfProgramOrFunctionAxis" xlink:label="NameOfProgramOrFunctionAxis" xlink:title="NameOfProgramOrFunctionAxis"/>
    <label xlink:type="resource" xlink:label="label_NameOfProgramOrFunctionAxis" xlink:role="http://www.xbrl.org/2003/role/label" xlink:title="label_NameOfProgramOrFunctionAxis" xml:lang="en" id="label_NameOfProgramOrFunctionAxis">Name Of Program O rFunction [Axis]</label>
    <labelArc xlink:type="arc" xlink:arcrole="http://www.xbrl.org/2003/arcrole/concept-label" xlink:from="NameOfProgramOrFunctionAxis" xlink:to="label_NameOfProgramOrFunctionAxis" xlink:title="label: NameOfProgramOrFunctionAxis to label_NameOfProgramOrFunctionAxis"/>
    <loc xlink:type="locator" xlink:href="va-t-ashl-20170630.xsd#va-t-ashl_NameOfProgramOrFunctionDomain" xlink:label="NameOfProgramOrFunctionDomain" xlink:title="NameOfProgramOrFunctionDomain"/>
    <label xlink:type="resource" xlink:label="label_NameOfProgramOrFunctionDomain" xlink:role="http://www.xbrl.org/2003/role/label" xlink:title="label_NameOfProgramOrFunctionDomain" xml:lang="en" id="label_NameOfProgramOrFunctionDomain">Name Of Program Or Function [Domain]</label>
    <labelArc xlink:type="arc" xlink:arcrole="http://www.xbrl.org/2003/arcrole/concept-label" xlink:from="NameOfProgramOrFunctionDomain" xlink:to="label_NameOfProgramOrFunctionDomain" xlink:title="label: NameOfProgramOrFunctionDomain to label_NameOfProgramOrFunctionDomain"/>
    <loc xlink:type="locator" xlink:href="va-t-ashl-20170630.xsd#va-t-ashl_GeneralGovernmentAdministrationMember" xlink:label="GeneralGovernmentAdministrationMember" xlink:title="GeneralGovernmentAdministrationMember"/>
    <label xlink:type="resource" xlink:label="label_GeneralGovernmentAdministrationMember" xlink:role="http://www.xbrl.org/2003/role/label" xlink:title="label_GeneralGovernmentAdministrationMember" xml:lang="en" id="label_GeneralGovernmentAdministrationMember">General Government Administration [Member]</label>
    <labelArc xlink:type="arc" xlink:arcrole="http://www.xbrl.org/2003/arcrole/concept-label" xlink:from="GeneralGovernmentAdministrationMember" xlink:to="label_GeneralGovernmentAdministrationMember" xlink:title="label: GeneralGovernmentAdministrationMember to label_GeneralGovernmentAdministrationMember"/>
    <loc xlink:type="locator" xlink:href="va-t-ashl-20170630.xsd#va-t-ashl_PublicSafetyMember" xlink:label="PublicSafetyMember" xlink:title="PublicSafetyMember"/>
    <label xlink:type="resource" xlink:label="label_PublicSafetyMember" xlink:role="http://www.xbrl.org/2003/role/label" xlink:title="label_PublicSafetyMember" xml:lang="en" id="label_PublicSafetyMember">Public Safety [Member]</label>
    <labelArc xlink:type="arc" xlink:arcrole="http://www.xbrl.org/2003/arcrole/concept-label" xlink:from="PublicSafetyMember" xlink:to="label_PublicSafetyMember" xlink:title="label: PublicSafetyMember to label_PublicSafetyMember"/>
    <loc xlink:type="locator" xlink:href="va-t-ashl-20170630.xsd#va-t-ashl_StatementOfNetPositionLineItem" xlink:label="StatementOfNetPositionLineItem" xlink:title="StatementOfNetPositionLineItem"/>
    <label xlink:type="resource" xlink:label="label_StatementOfNetPositionLineItem" xlink:role="http://www.xbrl.org/2003/role/label" xlink:title="label_StatementOfNetPositionLineItem" xml:lang="en" id="label_StatementOfNetPositionLineItem">Statement Of Net Position [Line Item]</label>
    <labelArc xlink:type="arc" xlink:arcrole="http://www.xbrl.org/2003/arcrole/concept-label" xlink:from="StatementOfNetPositionLineItem" xlink:to="label_StatementOfNetPositionLineItem" xlink:title="label: StatementOfNetPositionLineItem to label_StatementOfNetPositionLineItem"/>
    <loc xlink:type="locator" xlink:href="va-t-ashl-20170630.xsd#va-t-ashl_PublicWorksMember" xlink:label="PublicWorksMember" xlink:title="PublicWorksMember"/>
    <label xlink:type="resource" xlink:label="label_PublicWorksMember" xlink:role="http://www.xbrl.org/2003/role/label" xlink:title="label_PublicWorksMember" xml:lang="en" id="label_PublicWorksMember">Public Works [Member]</label>
    <labelArc xlink:type="arc" xlink:arcrole="http://www.xbrl.org/2003/arcrole/concept-label" xlink:from="PublicWorksMember" xlink:to="label_PublicWorksMember" xlink:title="label: PublicWorksMember to label_PublicWorksMember"/>
    <loc xlink:type="locator" xlink:href="va-t-ashl-20170630.xsd#va-t-ashl_ExpensesForParksRecreationAndCultural" xlink:label="ExpensesForParksRecreationAndCultural" xlink:title="ExpensesForParksRecreationAndCultural"/>
    <label xlink:type="resource" xlink:label="label_ExpensesForParksRecreationAndCultural" xlink:role="http://www.xbrl.org/2003/role/label" xlink:title="label_ExpensesForParksRecreationAndCultural" xml:lang="en" id="label_ExpensesForParksRecreationAndCultural">Expenses For Parks Recreation And Cultural</label>
    <labelArc xlink:type="arc" xlink:arcrole="http://www.xbrl.org/2003/arcrole/concept-label" xlink:from="ExpensesForParksRecreationAndCultural" xlink:to="label_ExpensesForParksRecreationAndCultural" xlink:title="label: ExpensesForParksRecreationAndCultural to label_ExpensesForParksRecreationAndCultural"/>
    <loc xlink:type="locator" xlink:href="va-t-ashl-20170630.xsd#va-t-ashl_ParksAndRecreationMember" xlink:label="ParksAndRecreationMember" xlink:title="ParksAndRecreationMember"/>
    <label xlink:type="resource" xlink:label="label_ParksAndRecreationMember" xlink:role="http://www.xbrl.org/2003/role/label" xlink:title="label_ParksAndRecreationMember" xml:lang="en" id="label_ParksAndRecreationMember">Parks And Recreation [Member]</label>
    <labelArc xlink:type="arc" xlink:arcrole="http://www.xbrl.org/2003/arcrole/concept-label" xlink:from="ParksAndRecreationMember" xlink:to="label_ParksAndRecreationMember" xlink:title="label: ParksAndRecreationMember to label_ParksAndRecreationMember"/>
    <loc xlink:type="locator" xlink:href="va-t-ashl-20170630.xsd#va-t-ashl_CommunityDevelopmentMember" xlink:label="CommunityDevelopmentMember" xlink:title="CommunityDevelopmentMember"/>
    <label xlink:type="resource" xlink:label="label_CommunityDevelopmentMember" xlink:role="http://www.xbrl.org/2003/role/label" xlink:title="label_CommunityDevelopmentMember" xml:lang="en" id="label_CommunityDevelopmentMember">Community Development [Member]</label>
    <labelArc xlink:type="arc" xlink:arcrole="http://www.xbrl.org/2003/arcrole/concept-label" xlink:from="CommunityDevelopmentMember" xlink:to="label_CommunityDevelopmentMember" xlink:title="label: CommunityDevelopmentMember to label_CommunityDevelopmentMember"/>
    <loc xlink:type="locator" xlink:href="va-t-ashl-20170630.xsd#va-t-ashl_NetExpenseRevenue" xlink:label="NetExpenseRevenue" xlink:title="NetExpenseRevenue"/>
    <label xlink:type="resource" xlink:label="label_NetExpenseRevenue" xlink:role="http://www.xbrl.org/2003/role/label" xlink:title="label_NetExpenseRevenue" xml:lang="en" id="label_NetExpenseRevenue">Net Expense Revenue</label>
    <labelArc xlink:type="arc" xlink:arcrole="http://www.xbrl.org/2003/arcrole/concept-label" xlink:from="NetExpenseRevenue" xlink:to="label_NetExpenseRevenue" xlink:title="label: NetExpenseRevenue to label_NetExpenseRevenue"/>
    <loc xlink:type="locator" xlink:href="va-t-ashl-20170630.xsd#va-t-ashl_StatementOfActivitiesLineItem" xlink:label="StatementOfActivitiesLineItem" xlink:title="StatementOfActivitiesLineItem"/>
    <label xlink:type="resource" xlink:label="label_StatementOfActivitiesLineItem" xlink:role="http://www.xbrl.org/2003/role/label" xlink:title="label_StatementOfActivitiesLineItem" xml:lang="en" id="label_StatementOfActivitiesLineItem">Statement Of Activities [LineItem]</label>
    <labelArc xlink:type="arc" xlink:arcrole="http://www.xbrl.org/2003/arcrole/concept-label" xlink:from="StatementOfActivitiesLineItem" xlink:to="label_StatementOfActivitiesLineItem" xlink:title="label: StatementOfActivitiesLineItem to label_StatementOfActivitiesLineItem"/>
    <loc xlink:type="locator" xlink:href="va-t-ashl-20170630.xsd#va-t-ashl_RevenueFromMealsTax" xlink:label="RevenueFromMealsTax" xlink:title="RevenueFromMealsTax"/>
    <label xlink:type="resource" xlink:label="label_RevenueFromMealsTax" xlink:role="http://www.xbrl.org/2003/role/label" xlink:title="label_RevenueFromMealsTax" xml:lang="en" id="label_RevenueFromMealsTax">Revenue From Meals Tax</label>
    <labelArc xlink:type="arc" xlink:arcrole="http://www.xbrl.org/2003/arcrole/concept-label" xlink:from="RevenueFromMealsTax" xlink:to="label_RevenueFromMealsTax" xlink:title="label: RevenueFromMealsTax to label_RevenueFromMealsTax"/>
    <loc xlink:type="locator" xlink:href="va-t-ashl-20170630.xsd#va-t-ashl_RevenueFromTransientOccupancy" xlink:label="RevenueFromTransientOccupancy" xlink:title="RevenueFromTransientOccupancy"/>
    <label xlink:type="resource" xlink:label="label_RevenueFromTransientOccupancy" xlink:role="http://www.xbrl.org/2003/role/label" xlink:title="label_RevenueFromTransientOccupancy" xml:lang="en" id="label_RevenueFromTransientOccupancy">Revenue From Transient Occupancy</label>
    <labelArc xlink:type="arc" xlink:arcrole="http://www.xbrl.org/2003/arcrole/concept-label" xlink:from="RevenueFromTransientOccupancy" xlink:to="label_RevenueFromTransientOccupancy" xlink:title="label: RevenueFromTransientOccupancy to label_RevenueFromTransientOccupancy"/>
    <loc xlink:type="locator" xlink:href="va-t-ashl-20170630.xsd#va-t-ashl_RevenueFromBusinessLicensesTax" xlink:label="RevenueFromBusinessLicensesTax" xlink:title="RevenueFromBusinessLicensesTax"/>
    <label xlink:type="resource" xlink:label="label_RevenueFromBusinessLicensesTax" xlink:role="http://www.xbrl.org/2003/role/label" xlink:title="label_RevenueFromBusinessLicensesTax" xml:lang="en" id="label_RevenueFromBusinessLicensesTax">Revenue From Business Licenses Tax</label>
    <labelArc xlink:type="arc" xlink:arcrole="http://www.xbrl.org/2003/arcrole/concept-label" xlink:from="RevenueFromBusinessLicensesTax" xlink:to="label_RevenueFromBusinessLicensesTax" xlink:title="label: RevenueFromBusinessLicensesTax to label_RevenueFromBusinessLicensesTax"/>
    <loc xlink:type="locator" xlink:href="va-t-ashl-20170630.xsd#va-t-ashl_RevenueFromLocalSalesAndUse" xlink:label="RevenueFromLocalSalesAndUse" xlink:title="RevenueFromLocalSalesAndUse"/>
    <label xlink:type="resource" xlink:label="label_RevenueFromLocalSalesAndUse" xlink:role="http://www.xbrl.org/2003/role/label" xlink:title="label_RevenueFromLocalSalesAndUse" xml:lang="en" id="label_RevenueFromLocalSalesAndUse">Revenue From Local Sales And Use</label>
    <labelArc xlink:type="arc" xlink:arcrole="http://www.xbrl.org/2003/arcrole/concept-label" xlink:from="RevenueFromLocalSalesAndUse" xlink:to="label_RevenueFromLocalSalesAndUse" xlink:title="label: RevenueFromLocalSalesAndUse to label_RevenueFromLocalSalesAndUse"/>
    <loc xlink:type="locator" xlink:href="va-t-ashl-20170630.xsd#va-t-ashl_RevenueFromUseOfMoneyAndProperty" xlink:label="RevenueFromUseOfMoneyAndProperty" xlink:title="RevenueFromUseOfMoneyAndProperty"/>
    <label xlink:type="resource" xlink:label="label_RevenueFromUseOfMoneyAndProperty" xlink:role="http://www.xbrl.org/2003/role/label" xlink:title="label_RevenueFromUseOfMoneyAndProperty" xml:lang="en" id="label_RevenueFromUseOfMoneyAndProperty">Revenue From Use Of Money And Property</label>
    <labelArc xlink:type="arc" xlink:arcrole="http://www.xbrl.org/2003/arcrole/concept-label" xlink:from="RevenueFromUseOfMoneyAndProperty" xlink:to="label_RevenueFromUseOfMoneyAndProperty" xlink:title="label: RevenueFromUseOfMoneyAndProperty to label_RevenueFromUseOfMoneyAndProperty"/>
    <loc xlink:type="locator" xlink:href="va-t-ashl-20170630.xsd#va-t-ashl_StatementOfActivitiesTable" xlink:label="StatementOfActivitiesTable" xlink:title="StatementOfActivitiesTable"/>
    <label xlink:type="resource" xlink:label="label_StatementOfActivitiesTable" xlink:role="http://www.xbrl.org/2003/role/label" xlink:title="label_StatementOfActivitiesTable" xml:lang="en" id="label_StatementOfActivitiesTable">Statement Of Activities [Table]</label>
    <labelArc xlink:type="arc" xlink:arcrole="http://www.xbrl.org/2003/arcrole/concept-label" xlink:from="StatementOfActivitiesTable" xlink:to="label_StatementOfActivitiesTable" xlink:title="label: StatementOfActivitiesTable to label_StatementOfActivitiesTable"/>
    <loc xlink:type="locator" xlink:href="va-t-ashl-20170630.xsd#va-t-ashl_BalanceSheetGovernmentalFundTable" xlink:label="BalanceSheetGovernmentalFundTable" xlink:title="BalanceSheetGovernmentalFundTable"/>
    <label xlink:type="resource" xlink:label="label_BalanceSheetGovernmentalFundTable" xlink:role="http://www.xbrl.org/2003/role/label" xlink:title="label_BalanceSheetGovernmentalFundTable" xml:lang="en" id="label_BalanceSheetGovernmentalFundTable">Balance Sheet Governmental Fund [Table]</label>
    <labelArc xlink:type="arc" xlink:arcrole="http://www.xbrl.org/2003/arcrole/concept-label" xlink:from="BalanceSheetGovernmentalFundTable" xlink:to="label_BalanceSheetGovernmentalFundTable" xlink:title="label: BalanceSheetGovernmentalFundTable to label_BalanceSheetGovernmentalFundTable"/>
    <loc xlink:type="locator" xlink:href="va-t-ashl-20170630.xsd#va-t-ashl_BalanceSheetGovernmentalFundLineItem" xlink:label="BalanceSheetGovernmentalFundLineItem" xlink:title="BalanceSheetGovernmentalFundLineItem"/>
    <label xlink:type="resource" xlink:label="label_BalanceSheetGovernmentalFundLineItem" xlink:role="http://www.xbrl.org/2003/role/label" xlink:title="label_BalanceSheetGovernmentalFundLineItem" xml:lang="en" id="label_BalanceSheetGovernmentalFundLineItem">Balance Sheet Governmental Fund [LineItem]</label>
    <labelArc xlink:type="arc" xlink:arcrole="http://www.xbrl.org/2003/arcrole/concept-label" xlink:from="BalanceSheetGovernmentalFundLineItem" xlink:to="label_BalanceSheetGovernmentalFundLineItem" xlink:title="label: BalanceSheetGovernmentalFundLineItem to label_BalanceSheetGovernmentalFundLineItem"/>
    <loc xlink:type="locator" xlink:href="va-t-ashl-20170630.xsd#va-t-ashl_RevenueFromRecoveredCosts" xlink:label="RevenueFromRecoveredCosts" xlink:title="RevenueFromRecoveredCosts"/>
    <label xlink:type="resource" xlink:label="label_RevenueFromRecoveredCosts" xlink:role="http://www.xbrl.org/2003/role/label" xlink:title="label_RevenueFromRecoveredCosts" xml:lang="en" id="label_RevenueFromRecoveredCosts">Revenue From Recovered Costs</label>
    <labelArc xlink:type="arc" xlink:arcrole="http://www.xbrl.org/2003/arcrole/concept-label" xlink:from="RevenueFromRecoveredCosts" xlink:to="label_RevenueFromRecoveredCosts" xlink:title="label: RevenueFromRecoveredCosts to label_RevenueFromRecoveredCosts"/>
    <loc xlink:type="locator" xlink:href="va-t-ashl-20170630.xsd#va-t-ashl_ExpenditureForParksRecreationAndCultural" xlink:label="ExpenditureForParksRecreationAndCultural" xlink:title="ExpenditureForParksRecreationAndCultural"/>
    <label xlink:type="resource" xlink:label="label_ExpenditureForParksRecreationAndCultural" xlink:role="http://www.xbrl.org/2003/role/label" xlink:title="label_ExpenditureForParksRecreationAndCultural" xml:lang="en" id="label_ExpenditureForParksRecreationAndCultural">Expenditure For Parks Recreation And Cultural</label>
    <labelArc xlink:type="arc" xlink:arcrole="http://www.xbrl.org/2003/arcrole/concept-label" xlink:from="ExpenditureForParksRecreationAndCultural" xlink:to="label_ExpenditureForParksRecreationAndCultural" xlink:title="label: ExpenditureForParksRecreationAndCultural to label_ExpenditureForParksRecreationAndCultural"/>
    <loc xlink:type="locator" xlink:href="va-t-ashl-20170630.xsd#va-t-ashl_StatementOfRevenuesExpenditureAndFundBalancesTable" xlink:label="StatementOfRevenuesExpenditureAndFundBalancesTable" xlink:title="StatementOfRevenuesExpenditureAndFundBalancesTable"/>
    <label xlink:type="resource" xlink:label="label_StatementOfRevenuesExpenditureAndFundBalancesTable" xlink:role="http://www.xbrl.org/2003/role/label" xlink:title="label_StatementOfRevenuesExpenditureAndFundBalancesTable" xml:lang="en" id="label_StatementOfRevenuesExpenditureAndFundBalancesTable">Statement Of Revenues Expenditure And Fund BalancesTable</label>
    <labelArc xlink:type="arc" xlink:arcrole="http://www.xbrl.org/2003/arcrole/concept-label" xlink:from="StatementOfRevenuesExpenditureAndFundBalancesTable" xlink:to="label_StatementOfRevenuesExpenditureAndFundBalancesTable" xlink:title="label: StatementOfRevenuesExpenditureAndFundBalancesTable to label_StatementOfRevenuesExpenditureAndFundBalancesTable"/>
    <loc xlink:type="locator" xlink:href="va-t-ashl-20170630.xsd#va-t-ashl_StatementOfRevenuesExpenditureAndFundBalancesLineItem" xlink:label="StatementOfRevenuesExpenditureAndFundBalancesLineItem" xlink:title="StatementOfRevenuesExpenditureAndFundBalancesLineItem"/>
    <label xlink:type="resource" xlink:label="label_StatementOfRevenuesExpenditureAndFundBalancesLineItem" xlink:role="http://www.xbrl.org/2003/role/label" xlink:title="label_StatementOfRevenuesExpenditureAndFundBalancesLineItem" xml:lang="en" id="label_StatementOfRevenuesExpenditureAndFundBalancesLineItem">StatementOfRevenuesExpenditureAndFundBalancesLineItem</label>
    <labelArc xlink:type="arc" xlink:arcrole="http://www.xbrl.org/2003/arcrole/concept-label" xlink:from="StatementOfRevenuesExpenditureAndFundBalancesLineItem" xlink:to="label_StatementOfRevenuesExpenditureAndFundBalancesLineItem" xlink:title="label: StatementOfRevenuesExpenditureAndFundBalancesLineItem to label_StatementOfRevenuesExpenditureAndFundBalancesLineItem"/>
  </labelLink>
</linkbase>
