<?xml version="1.0" encoding="UTF-8"?>
<!-- Generated by Integix-NextGen -->
<linkbase xmlns:xsi="http://www.w3.org/2001/XMLSchema-instance" xsi:schemaLocation="http://www.xbrl.org/2003/linkbase http://www.xbrl.org/2003/xbrl-linkbase-2003-12-31.xsd" xmlns="http://www.xbrl.org/2003/linkbase" xmlns:xbrldt="http://xbrl.org/2005/xbrldt" xmlns:xbrli="http://www.xbrl.org/2003/instance" xmlns:xlink="http://www.w3.org/1999/xlink">
  <roleRef roleURI="http://www.town.ashland.va.us/role/StatementOfActivitiesGovernmentWideProgramGeneralRevenuesAndExpenses" xlink:type="simple" xlink:href="va-t-ashl-20170630.xsd#roleType_StatementOfActivitiesGovernmentWideProgramGeneralRevenuesAndExpenses"/>
  <roleRef roleURI="http://www.town.ashland.va.us/role/StatementOfNetPositionGovernmentWideAssetsLaibilitiesAndDeferredInflowsOutflows" xlink:type="simple" xlink:href="va-t-ashl-20170630.xsd#roleType_STATEMENTOFNETPOSITION"/>
  <roleRef roleURI="http://www.town.ashland.va.us/role/balanceSheetGovernmentalFunds" xlink:type="simple" xlink:href="va-t-ashl-20170630.xsd#roleType_balanceSheetGovernmentalFunds"/>
  <roleRef roleURI="http://www.town.ashland.va.us/role/statementOfRevenuesExpendituresAndChangesInFundBalanceGovernmentalFunds" xlink:type="simple" xlink:href="va-t-ashl-20170630.xsd#roleType_statementOfRevenuesExpendituresAndChangesInFundBalanceGovernmentalFunds"/>
  <arcroleRef arcroleURI="http://xbrl.org/int/dim/arcrole/dimension-default" xlink:type="simple" xlink:href="http://www.xbrl.org/2005/xbrldt-2005.xsd#dimension-default"/>
  <arcroleRef arcroleURI="http://xbrl.org/int/dim/arcrole/all" xlink:type="simple" xlink:href="http://www.xbrl.org/2005/xbrldt-2005.xsd#all"/>
  <arcroleRef arcroleURI="http://xbrl.org/int/dim/arcrole/domain-member" xlink:type="simple" xlink:href="http://www.xbrl.org/2005/xbrldt-2005.xsd#domain-member"/>
  <arcroleRef arcroleURI="http://xbrl.org/int/dim/arcrole/dimension-domain" xlink:type="simple" xlink:href="http://www.xbrl.org/2005/xbrldt-2005.xsd#dimension-domain"/>
  <arcroleRef arcroleURI="http://xbrl.org/int/dim/arcrole/hypercube-dimension" xlink:type="simple" xlink:href="http://www.xbrl.org/2005/xbrldt-2005.xsd#hypercube-dimension"/>
  <definitionLink xlink:type="extended" xlink:role="http://www.town.ashland.va.us/role/StatementOfNetPositionGovernmentWideAssetsLaibilitiesAndDeferredInflowsOutflows">
    <loc xlink:type="locator" xlink:href="https://raw.githubusercontent.com/xbrlus/cafr/master/cafr_2019-01-16.xsd#cafr_StatementOFNetPositionAssetsAndDeferredOutflowsAbstract" xlink:label="StatementOFNetPositionAssetsAndDeferredOutflowsAbstract" xlink:title="StatementOFNetPositionAssetsAndDeferredOutflowsAbstract"/>
    <loc xlink:type="locator" xlink:href="https://raw.githubusercontent.com/xbrlus/cafr/master/cafr_2019-01-16.xsd#cafr_StatementOfNetPositionLineItems" xlink:label="StatementOfNetPositionLineItems"/>
    <definitionArc xlink:type="arc" xlink:arcrole="http://xbrl.org/int/dim/arcrole/domain-member" xlink:from="StatementOFNetPositionAssetsAndDeferredOutflowsAbstract" xlink:to="StatementOfNetPositionLineItems" xlink:title="definition: StatementOFNetPositionAssetsAndDeferredOutflowsAbstract to StatementOfNetPositionLineItems" order="2.0"/>
    <loc xlink:type="locator" xlink:href="https://raw.githubusercontent.com/xbrlus/cafr/master/cafr_2019-01-16.xsd#cafr_LiabilitiesAbstract" xlink:label="LiabilitiesAbstract" xlink:title="LiabilitiesAbstract"/>
    <definitionArc xlink:type="arc" xlink:arcrole="http://xbrl.org/int/dim/arcrole/domain-member" xlink:from="StatementOfNetPositionLineItems" xlink:to="LiabilitiesAbstract" xlink:title="definition: StatementOfNetPositionLineItems to LiabilitiesAbstract" order="3.0"/>
    <loc xlink:type="locator" xlink:href="https://raw.githubusercontent.com/xbrlus/cafr/master/cafr_2019-01-16.xsd#cafr_DueToRelatedParty" xlink:label="DueToRelatedParty" xlink:title="DueToRelatedParty"/>
    <definitionArc xlink:type="arc" xlink:arcrole="http://xbrl.org/int/dim/arcrole/domain-member" xlink:from="LiabilitiesAbstract" xlink:to="DueToRelatedParty" xlink:title="definition: LiabilitiesAbstract to DueToRelatedParty" order="3.0"/>
    <loc xlink:type="locator" xlink:href="https://raw.githubusercontent.com/xbrlus/cafr/master/cafr_2019-01-16.xsd#cafr_UnearnedRevenue" xlink:label="UnearnedRevenue" xlink:title="UnearnedRevenue"/>
    <definitionArc xlink:type="arc" xlink:arcrole="http://xbrl.org/int/dim/arcrole/domain-member" xlink:from="LiabilitiesAbstract" xlink:to="UnearnedRevenue" xlink:title="definition: LiabilitiesAbstract to UnearnedRevenue" order="4.0"/>
    <loc xlink:type="locator" xlink:href="https://raw.githubusercontent.com/xbrlus/cafr/master/cafr_2019-01-16.xsd#cafr_Liabilities" xlink:label="Liabilities" xlink:title="Liabilities"/>
    <definitionArc xlink:type="arc" xlink:arcrole="http://xbrl.org/int/dim/arcrole/domain-member" xlink:from="LiabilitiesAbstract" xlink:to="Liabilities" xlink:title="definition: LiabilitiesAbstract to Liabilities" order="8.0"/>
    <loc xlink:type="locator" xlink:href="https://raw.githubusercontent.com/xbrlus/cafr/master/cafr_2019-01-16.xsd#cafr_AccountsPayable" xlink:label="AccountsPayable" xlink:title="AccountsPayable"/>
    <definitionArc xlink:type="arc" xlink:arcrole="http://xbrl.org/int/dim/arcrole/domain-member" xlink:from="LiabilitiesAbstract" xlink:to="AccountsPayable" xlink:title="definition: LiabilitiesAbstract to AccountsPayable" order="1.0"/>
    <loc xlink:type="locator" xlink:href="va-t-ashl-20170630.xsd#va-t-ashl_AccruedPayrollAndBenefits" xlink:label="AccruedPayrollAndBenefits" xlink:title="AccruedPayrollAndBenefits"/>
    <definitionArc xlink:type="arc" xlink:arcrole="http://xbrl.org/int/dim/arcrole/domain-member" xlink:from="LiabilitiesAbstract" xlink:to="AccruedPayrollAndBenefits" xlink:title="definition: LiabilitiesAbstract to AccruedPayrollAndBenefits" order="2.0"/>
    <loc xlink:type="locator" xlink:href="va-t-ashl-20170630.xsd#va-t-ashl_PerformanceBondPayable" xlink:label="PerformanceBondPayable" xlink:title="PerformanceBondPayable"/>
    <definitionArc xlink:type="arc" xlink:arcrole="http://xbrl.org/int/dim/arcrole/domain-member" xlink:from="LiabilitiesAbstract" xlink:to="PerformanceBondPayable" xlink:title="definition: LiabilitiesAbstract to PerformanceBondPayable" order="5.0"/>
    <loc xlink:type="locator" xlink:href="va-t-ashl-20170630.xsd#va-t-ashl_NoncurrentLiabilitiesAbstract" xlink:label="NoncurrentLiabilitiesAbstract" xlink:title="NoncurrentLiabilitiesAbstract"/>
    <definitionArc xlink:type="arc" xlink:arcrole="http://xbrl.org/int/dim/arcrole/domain-member" xlink:from="LiabilitiesAbstract" xlink:to="NoncurrentLiabilitiesAbstract" xlink:title="definition: LiabilitiesAbstract to NoncurrentLiabilitiesAbstract" order="6.0"/>
    <loc xlink:type="locator" xlink:href="https://raw.githubusercontent.com/xbrlus/cafr/master/cafr_2019-01-16.xsd#cafr_NoncurrentLiabilitiesDueLessThanOneYear" xlink:label="NoncurrentLiabilitiesDueLessThanOneYear" xlink:title="NoncurrentLiabilitiesDueLessThanOneYear"/>
    <definitionArc xlink:type="arc" xlink:arcrole="http://xbrl.org/int/dim/arcrole/domain-member" xlink:from="NoncurrentLiabilitiesAbstract" xlink:to="NoncurrentLiabilitiesDueLessThanOneYear" xlink:title="definition: NoncurrentLiabilitiesAbstract to NoncurrentLiabilitiesDueLessThanOneYear" order="1.0"/>
    <loc xlink:type="locator" xlink:href="https://raw.githubusercontent.com/xbrlus/cafr/master/cafr_2019-01-16.xsd#cafr_NoncurrentLiabilitiesDueOneYearOrLater" xlink:label="NoncurrentLiabilitiesDueOneYearOrLater" xlink:title="NoncurrentLiabilitiesDueOneYearOrLater"/>
    <definitionArc xlink:type="arc" xlink:arcrole="http://xbrl.org/int/dim/arcrole/domain-member" xlink:from="NoncurrentLiabilitiesAbstract" xlink:to="NoncurrentLiabilitiesDueOneYearOrLater" xlink:title="definition: NoncurrentLiabilitiesAbstract to NoncurrentLiabilitiesDueOneYearOrLater" order="2.0"/>
    <loc xlink:type="locator" xlink:href="va-t-ashl-20170630.xsd#va-t-ashl_NetPensionLiability" xlink:label="NetPensionLiability" xlink:title="NetPensionLiability"/>
    <definitionArc xlink:type="arc" xlink:arcrole="http://xbrl.org/int/dim/arcrole/domain-member" xlink:from="LiabilitiesAbstract" xlink:to="NetPensionLiability" xlink:title="definition: LiabilitiesAbstract to NetPensionLiability" order="7.0"/>
    <loc xlink:type="locator" xlink:href="https://raw.githubusercontent.com/xbrlus/cafr/master/cafr_2019-01-16.xsd#cafr_AssetsAbstract" xlink:label="AssetsAbstract"/>
    <definitionArc xlink:type="arc" xlink:arcrole="http://xbrl.org/int/dim/arcrole/domain-member" xlink:from="StatementOfNetPositionLineItems" xlink:to="AssetsAbstract" xlink:title="definition: StatementOfNetPositionLineItems to AssetsAbstract" order="1.0"/>
    <loc xlink:type="locator" xlink:href="https://raw.githubusercontent.com/xbrlus/cafr/master/cafr_2019-01-16.xsd#cafr_CashAndCashEquivalents" xlink:label="CashAndCashEquivalents"/>
    <definitionArc xlink:type="arc" xlink:arcrole="http://xbrl.org/int/dim/arcrole/domain-member" xlink:from="AssetsAbstract" xlink:to="CashAndCashEquivalents" xlink:title="definition: AssetsAbstract to CashAndCashEquivalents" order="1.0"/>
    <loc xlink:type="locator" xlink:href="https://raw.githubusercontent.com/xbrlus/cafr/master/cafr_2019-01-16.xsd#cafr_DueFromRelated" xlink:label="DueFromRelated"/>
    <definitionArc xlink:type="arc" xlink:arcrole="http://xbrl.org/int/dim/arcrole/domain-member" xlink:from="AssetsAbstract" xlink:to="DueFromRelated" xlink:title="definition: AssetsAbstract to DueFromRelated" order="3.0"/>
    <loc xlink:type="locator" xlink:href="https://raw.githubusercontent.com/xbrlus/cafr/master/cafr_2019-01-16.xsd#cafr_Assets" xlink:label="Assets"/>
    <definitionArc xlink:type="arc" xlink:arcrole="http://xbrl.org/int/dim/arcrole/domain-member" xlink:from="AssetsAbstract" xlink:to="Assets" xlink:title="definition: AssetsAbstract to Assets" order="7.0"/>
    <loc xlink:type="locator" xlink:href="va-t-ashl-20170630.xsd#va-t-ashl_ReceivablesNetAbstract" xlink:label="ReceivablesNetAbstract" xlink:title="ReceivablesNetAbstract"/>
    <definitionArc xlink:type="arc" xlink:arcrole="http://xbrl.org/int/dim/arcrole/domain-member" xlink:from="AssetsAbstract" xlink:to="ReceivablesNetAbstract" xlink:title="definition: AssetsAbstract to ReceivablesNetAbstract" order="2.0"/>
    <loc xlink:type="locator" xlink:href="https://raw.githubusercontent.com/xbrlus/cafr/master/cafr_2019-01-16.xsd#cafr_ReceivablesNet" xlink:label="ReceivablesNet"/>
    <definitionArc xlink:type="arc" xlink:arcrole="http://xbrl.org/int/dim/arcrole/domain-member" xlink:from="ReceivablesNetAbstract" xlink:to="ReceivablesNet" xlink:title="definition: ReceivablesNetAbstract to ReceivablesNet" order="1.0"/>
    <loc xlink:type="locator" xlink:href="va-t-ashl-20170630.xsd#va-t-ashl_PrepaidAbstract" xlink:label="PrepaidAbstract" xlink:title="PrepaidAbstract"/>
    <definitionArc xlink:type="arc" xlink:arcrole="http://xbrl.org/int/dim/arcrole/domain-member" xlink:from="AssetsAbstract" xlink:to="PrepaidAbstract" xlink:title="definition: AssetsAbstract to PrepaidAbstract" order="4.0"/>
    <loc xlink:type="locator" xlink:href="https://raw.githubusercontent.com/xbrlus/cafr/master/cafr_2019-01-16.xsd#cafr_PrepaidItems" xlink:label="PrepaidItems"/>
    <definitionArc xlink:type="arc" xlink:arcrole="http://xbrl.org/int/dim/arcrole/domain-member" xlink:from="PrepaidAbstract" xlink:to="PrepaidItems" xlink:title="definition: PrepaidAbstract to PrepaidItems" order="1.0"/>
    <loc xlink:type="locator" xlink:href="va-t-ashl-20170630.xsd#va-t-ashl_CapitalAssetsAbstract" xlink:label="CapitalAssetsAbstract" xlink:title="CapitalAssetsAbstract"/>
    <definitionArc xlink:type="arc" xlink:arcrole="http://xbrl.org/int/dim/arcrole/domain-member" xlink:from="AssetsAbstract" xlink:to="CapitalAssetsAbstract" xlink:title="definition: AssetsAbstract to CapitalAssetsAbstract" order="5.0"/>
    <loc xlink:type="locator" xlink:href="https://raw.githubusercontent.com/xbrlus/cafr/master/cafr_2019-01-16.xsd#cafr_CapitalAssetsNet" xlink:label="CapitalAssetsNet"/>
    <definitionArc xlink:type="arc" xlink:arcrole="http://xbrl.org/int/dim/arcrole/domain-member" xlink:from="CapitalAssetsAbstract" xlink:to="CapitalAssetsNet" xlink:title="definition: CapitalAssetsAbstract to CapitalAssetsNet" order="1.0"/>
    <loc xlink:type="locator" xlink:href="va-t-ashl-20170630.xsd#va-t-ashl_AccumulatedDepreciationAndAmortizationCapitalAssets" xlink:label="AccumulatedDepreciationAndAmortizationCapitalAssets" xlink:title="AccumulatedDepreciationAndAmortizationCapitalAssets"/>
    <definitionArc xlink:type="arc" xlink:arcrole="http://xbrl.org/int/dim/arcrole/domain-member" xlink:from="AssetsAbstract" xlink:to="AccumulatedDepreciationAndAmortizationCapitalAssets" xlink:title="definition: AssetsAbstract to AccumulatedDepreciationAndAmortizationCapitalAssets" order="6.0"/>
    <loc xlink:type="locator" xlink:href="https://raw.githubusercontent.com/xbrlus/cafr/master/cafr_2019-01-16.xsd#cafr_StatementOfNetPositionTable" xlink:label="StatementOfNetPositionTable"/>
    <definitionArc xlink:type="arc" xlink:arcrole="http://xbrl.org/int/dim/arcrole/all" xlink:from="StatementOfNetPositionLineItems" xlink:to="StatementOfNetPositionTable" xlink:title="definition: StatementOfNetPositionLineItems to StatementOfNetPositionTable" order="0.0" xbrldt:contextElement="segment"/>
    <loc xlink:type="locator" xlink:href="https://raw.githubusercontent.com/xbrlus/cafr/master/cafr_2019-01-16.xsd#cafr_FinancialReportingEntityAxis" xlink:label="FinancialReportingEntityAxis"/>
    <definitionArc xlink:type="arc" xlink:arcrole="http://xbrl.org/int/dim/arcrole/hypercube-dimension" xlink:from="StatementOfNetPositionTable" xlink:to="FinancialReportingEntityAxis" xlink:title="definition: StatementOfNetPositionTable to FinancialReportingEntityAxis" order="1.0"/>
    <loc xlink:type="locator" xlink:href="https://raw.githubusercontent.com/xbrlus/cafr/master/cafr_2019-01-16.xsd#cafr_FinancialReportingEntityDomain" xlink:label="FinancialReportingEntityDomain"/>
    <definitionArc xlink:type="arc" xlink:arcrole="http://xbrl.org/int/dim/arcrole/dimension-domain" xlink:from="FinancialReportingEntityAxis" xlink:to="FinancialReportingEntityDomain" xlink:title="definition: FinancialReportingEntityAxis to FinancialReportingEntityDomain" order="1.0"/>
    <loc xlink:type="locator" xlink:href="https://raw.githubusercontent.com/xbrlus/cafr/master/cafr_2019-01-16.xsd#cafr_FinancialReportingEntityDomain" xlink:label="FinancialReportingEntityDomain_2"/>
    <definitionArc xlink:type="arc" xlink:arcrole="http://xbrl.org/int/dim/arcrole/dimension-default" xlink:from="FinancialReportingEntityAxis" xlink:to="FinancialReportingEntityDomain_2" xlink:title="definition: FinancialReportingEntityAxis to FinancialReportingEntityDomain" priority="1" order="2.0"/>
    <loc xlink:type="locator" xlink:href="https://raw.githubusercontent.com/xbrlus/cafr/master/cafr_2019-01-16.xsd#cafr_PrimaryGovernmentActivitiesMember" xlink:label="PrimaryGovernmentActivitiesMember"/>
    <definitionArc xlink:type="arc" xlink:arcrole="http://xbrl.org/int/dim/arcrole/domain-member" xlink:from="FinancialReportingEntityDomain" xlink:to="PrimaryGovernmentActivitiesMember" xlink:title="definition: FinancialReportingEntityDomain to PrimaryGovernmentActivitiesMember" order="1.0"/>
    <loc xlink:type="locator" xlink:href="https://raw.githubusercontent.com/xbrlus/cafr/master/cafr_2019-01-16.xsd#cafr_ComponentUnitsMember" xlink:label="ComponentUnitsMember"/>
    <definitionArc xlink:type="arc" xlink:arcrole="http://xbrl.org/int/dim/arcrole/domain-member" xlink:from="FinancialReportingEntityDomain" xlink:to="ComponentUnitsMember" xlink:title="definition: FinancialReportingEntityDomain to ComponentUnitsMember" order="2.0"/>
    <loc xlink:type="locator" xlink:href="https://raw.githubusercontent.com/xbrlus/cafr/master/cafr_2019-01-16.xsd#cafr_ActivityTypeAxis" xlink:label="ActivityTypeAxis"/>
    <definitionArc xlink:type="arc" xlink:arcrole="http://xbrl.org/int/dim/arcrole/hypercube-dimension" xlink:from="StatementOfNetPositionTable" xlink:to="ActivityTypeAxis" xlink:title="definition: StatementOfNetPositionTable to ActivityTypeAxis" order="2.0"/>
    <loc xlink:type="locator" xlink:href="https://raw.githubusercontent.com/xbrlus/cafr/master/cafr_2019-01-16.xsd#cafr_ActivityTypeDomain" xlink:label="ActivityTypeDomain"/>
    <definitionArc xlink:type="arc" xlink:arcrole="http://xbrl.org/int/dim/arcrole/dimension-domain" xlink:from="ActivityTypeAxis" xlink:to="ActivityTypeDomain" xlink:title="definition: ActivityTypeAxis to ActivityTypeDomain" order="1.0"/>
    <loc xlink:type="locator" xlink:href="https://raw.githubusercontent.com/xbrlus/cafr/master/cafr_2019-01-16.xsd#cafr_ActivityTypeDomain" xlink:label="ActivityTypeDomain_2"/>
    <definitionArc xlink:type="arc" xlink:arcrole="http://xbrl.org/int/dim/arcrole/dimension-default" xlink:from="ActivityTypeAxis" xlink:to="ActivityTypeDomain_2" xlink:title="definition: ActivityTypeAxis to ActivityTypeDomain" priority="1" order="2.0"/>
    <loc xlink:type="locator" xlink:href="https://raw.githubusercontent.com/xbrlus/cafr/master/cafr_2019-01-16.xsd#cafr_GovernmentalTypeActivityMember" xlink:label="GovernmentalTypeActivityMember"/>
    <definitionArc xlink:type="arc" xlink:arcrole="http://xbrl.org/int/dim/arcrole/domain-member" xlink:from="ActivityTypeDomain" xlink:to="GovernmentalTypeActivityMember" xlink:title="definition: ActivityTypeDomain to GovernmentalTypeActivityMember" order="1.0"/>
    <loc xlink:type="locator" xlink:href="https://raw.githubusercontent.com/xbrlus/cafr/master/cafr_2019-01-16.xsd#cafr_ClassificationOfDueToDueFromAxis" xlink:label="ClassificationOfDueToDueFromAxis"/>
    <definitionArc xlink:type="arc" xlink:arcrole="http://xbrl.org/int/dim/arcrole/hypercube-dimension" xlink:from="StatementOfNetPositionTable" xlink:to="ClassificationOfDueToDueFromAxis" xlink:title="definition: StatementOfNetPositionTable to ClassificationOfDueToDueFromAxis" order="5.0"/>
    <loc xlink:type="locator" xlink:href="https://raw.githubusercontent.com/xbrlus/cafr/master/cafr_2019-01-16.xsd#cafr_ClassificationOfDueToDueFromDomain" xlink:label="ClassificationOfDueToDueFromDomain"/>
    <definitionArc xlink:type="arc" xlink:arcrole="http://xbrl.org/int/dim/arcrole/dimension-domain" xlink:from="ClassificationOfDueToDueFromAxis" xlink:to="ClassificationOfDueToDueFromDomain" xlink:title="definition: ClassificationOfDueToDueFromAxis to ClassificationOfDueToDueFromDomain" order="1.0"/>
    <loc xlink:type="locator" xlink:href="https://raw.githubusercontent.com/xbrlus/cafr/master/cafr_2019-01-16.xsd#cafr_ClassificationOfDueToDueFromDomain" xlink:label="ClassificationOfDueToDueFromDomain_2"/>
    <definitionArc xlink:type="arc" xlink:arcrole="http://xbrl.org/int/dim/arcrole/dimension-default" xlink:from="ClassificationOfDueToDueFromAxis" xlink:to="ClassificationOfDueToDueFromDomain_2" xlink:title="definition: ClassificationOfDueToDueFromAxis to ClassificationOfDueToDueFromDomain" priority="1" order="2.0"/>
    <loc xlink:type="locator" xlink:href="https://raw.githubusercontent.com/xbrlus/cafr/master/cafr_2019-01-16.xsd#cafr_OtherGovernmentMember" xlink:label="OtherGovernmentMember"/>
    <definitionArc xlink:type="arc" xlink:arcrole="http://xbrl.org/int/dim/arcrole/domain-member" xlink:from="ClassificationOfDueToDueFromDomain" xlink:to="OtherGovernmentMember" xlink:title="definition: ClassificationOfDueToDueFromDomain to OtherGovernmentMember" order="1.0"/>
    <loc xlink:type="locator" xlink:href="https://raw.githubusercontent.com/xbrlus/cafr/master/cafr_2019-01-16.xsd#cafr_ClassificationOfInflowsOutflowsAxis" xlink:label="ClassificationOfInflowsOutflowsAxis" xlink:title="ClassificationOfInflowsOutflowsAxis"/>
    <definitionArc xlink:type="arc" xlink:arcrole="http://xbrl.org/int/dim/arcrole/hypercube-dimension" xlink:from="StatementOfNetPositionTable" xlink:to="ClassificationOfInflowsOutflowsAxis" xlink:title="definition: StatementOfNetPositionTable to ClassificationOfInflowsOutflowsAxis" order="4.0"/>
    <loc xlink:type="locator" xlink:href="https://raw.githubusercontent.com/xbrlus/cafr/master/cafr_2019-01-16.xsd#cafr_ClassificationOfInflowsOutflowsDomain" xlink:label="ClassificationOfInflowsOutflowsDomain" xlink:title="ClassificationOfInflowsOutflowsDomain"/>
    <definitionArc xlink:type="arc" xlink:arcrole="http://xbrl.org/int/dim/arcrole/dimension-domain" xlink:from="ClassificationOfInflowsOutflowsAxis" xlink:to="ClassificationOfInflowsOutflowsDomain" xlink:title="definition: ClassificationOfInflowsOutflowsAxis to ClassificationOfInflowsOutflowsDomain" order="1.0"/>
    <loc xlink:type="locator" xlink:href="https://raw.githubusercontent.com/xbrlus/cafr/master/cafr_2019-01-16.xsd#cafr_ClassificationOfInflowsOutflowsDomain" xlink:label="ClassificationOfInflowsOutflowsDomain_2" xlink:title="ClassificationOfInflowsOutflowsDomain"/>
    <definitionArc xlink:type="arc" xlink:arcrole="http://xbrl.org/int/dim/arcrole/dimension-default" xlink:from="ClassificationOfInflowsOutflowsAxis" xlink:to="ClassificationOfInflowsOutflowsDomain_2" xlink:title="definition: ClassificationOfInflowsOutflowsAxis to ClassificationOfInflowsOutflowsDomain" priority="1" order="2.0"/>
    <loc xlink:type="locator" xlink:href="https://raw.githubusercontent.com/xbrlus/cafr/master/cafr_2019-01-16.xsd#cafr_PropertyTaxesMember" xlink:label="PropertyTaxesMember" xlink:title="PropertyTaxesMember"/>
    <definitionArc xlink:type="arc" xlink:arcrole="http://xbrl.org/int/dim/arcrole/domain-member" xlink:from="ClassificationOfInflowsOutflowsDomain" xlink:to="PropertyTaxesMember" xlink:title="definition: ClassificationOfInflowsOutflowsDomain to PropertyTaxesMember" order="1.0"/>
    <loc xlink:type="locator" xlink:href="https://raw.githubusercontent.com/xbrlus/cafr/master/cafr_2019-01-16.xsd#cafr_PensionsMember" xlink:label="PensionsMember" xlink:title="PensionsMember"/>
    <definitionArc xlink:type="arc" xlink:arcrole="http://xbrl.org/int/dim/arcrole/domain-member" xlink:from="ClassificationOfInflowsOutflowsDomain" xlink:to="PensionsMember" xlink:title="definition: ClassificationOfInflowsOutflowsDomain to PensionsMember" order="3.0"/>
    <loc xlink:type="locator" xlink:href="https://raw.githubusercontent.com/xbrlus/cafr/master/cafr_2019-01-16.xsd#cafr_OtherClassificationOfDeferredInflowsOutflowsMember" xlink:label="OtherClassificationOfDeferredInflowsOutflowsMember" xlink:title="OtherClassificationOfDeferredInflowsOutflowsMember"/>
    <definitionArc xlink:type="arc" xlink:arcrole="http://xbrl.org/int/dim/arcrole/domain-member" xlink:from="ClassificationOfInflowsOutflowsDomain" xlink:to="OtherClassificationOfDeferredInflowsOutflowsMember" xlink:title="definition: ClassificationOfInflowsOutflowsDomain to OtherClassificationOfDeferredInflowsOutflowsMember" order="2.0"/>
    <loc xlink:type="locator" xlink:href="va-t-ashl-20170630.xsd#va-t-ashl_NameOfComponentUnitAxis" xlink:label="NameOfComponentUnitAxis" xlink:title="NameOfComponentUnitAxis"/>
    <definitionArc xlink:type="arc" xlink:arcrole="http://xbrl.org/int/dim/arcrole/hypercube-dimension" xlink:from="StatementOfNetPositionTable" xlink:to="NameOfComponentUnitAxis" xlink:title="definition: StatementOfNetPositionTable to NameOfComponentUnitAxis" order="3.0"/>
    <loc xlink:type="locator" xlink:href="va-t-ashl-20170630.xsd#va-t-ashl_NameOfComponentUnitDomain" xlink:label="NameOfComponentUnitDomain" xlink:title="NameOfComponentUnitDomain"/>
    <definitionArc xlink:type="arc" xlink:arcrole="http://xbrl.org/int/dim/arcrole/dimension-domain" xlink:from="NameOfComponentUnitAxis" xlink:to="NameOfComponentUnitDomain" xlink:title="definition: NameOfComponentUnitAxis to NameOfComponentUnitDomain" order="1.0"/>
    <loc xlink:type="locator" xlink:href="va-t-ashl-20170630.xsd#va-t-ashl_NameOfComponentUnitDomain" xlink:label="NameOfComponentUnitDomain_2" xlink:title="NameOfComponentUnitDomain"/>
    <definitionArc xlink:type="arc" xlink:arcrole="http://xbrl.org/int/dim/arcrole/dimension-default" xlink:from="NameOfComponentUnitAxis" xlink:to="NameOfComponentUnitDomain_2" xlink:title="definition: NameOfComponentUnitAxis to NameOfComponentUnitDomain" priority="1" order="2.0"/>
    <loc xlink:type="locator" xlink:href="va-t-ashl-20170630.xsd#va-t-ashl_EconomicDevelopmentAuthorityMember" xlink:label="EconomicDevelopmentAuthorityMember" xlink:title="IndustrialDevelopmentAuthorityMember"/>
    <definitionArc xlink:type="arc" xlink:arcrole="http://xbrl.org/int/dim/arcrole/domain-member" xlink:from="NameOfComponentUnitDomain" xlink:to="EconomicDevelopmentAuthorityMember" xlink:title="definition: NameOfComponentUnitDomain to EconomicDevelopmentAuthorityMember" order="1.0"/>
    <loc xlink:type="locator" xlink:href="va-t-ashl-20170630.xsd#va-t-ashl_CapitalAssetsAxis" xlink:label="CapitalAssetsAxis" xlink:title="CapitalAssetsAxis"/>
    <definitionArc xlink:type="arc" xlink:arcrole="http://xbrl.org/int/dim/arcrole/hypercube-dimension" xlink:from="StatementOfNetPositionTable" xlink:to="CapitalAssetsAxis" xlink:title="definition: StatementOfNetPositionTable to CapitalAssetsAxis" order="6.0"/>
    <loc xlink:type="locator" xlink:href="va-t-ashl-20170630.xsd#va-t-ashl_CapitalAssetsDomain" xlink:label="CapitalAssetsDomain" xlink:title="CapitalAssetsDomain"/>
    <definitionArc xlink:type="arc" xlink:arcrole="http://xbrl.org/int/dim/arcrole/dimension-domain" xlink:from="CapitalAssetsAxis" xlink:to="CapitalAssetsDomain" xlink:title="definition: CapitalAssetsAxis to CapitalAssetsDomain" order="1.0"/>
    <loc xlink:type="locator" xlink:href="va-t-ashl-20170630.xsd#va-t-ashl_CapitalAssetsDomain" xlink:label="CapitalAssetsDomain_2" xlink:title="CapitalAssetsDomain"/>
    <definitionArc xlink:type="arc" xlink:arcrole="http://xbrl.org/int/dim/arcrole/dimension-default" xlink:from="CapitalAssetsAxis" xlink:to="CapitalAssetsDomain_2" xlink:title="definition: CapitalAssetsAxis to CapitalAssetsDomain" priority="1" order="2.0"/>
    <loc xlink:type="locator" xlink:href="va-t-ashl-20170630.xsd#va-t-ashl_LandMember" xlink:label="LandMember" xlink:title="Land"/>
    <definitionArc xlink:type="arc" xlink:arcrole="http://xbrl.org/int/dim/arcrole/domain-member" xlink:from="CapitalAssetsDomain" xlink:to="LandMember" xlink:title="definition: CapitalAssetsDomain to LandMember" order="1.0"/>
    <loc xlink:type="locator" xlink:href="va-t-ashl-20170630.xsd#va-t-ashl_BuildingsAndImprovementsMember" xlink:label="BuildingsAndImprovementsMember" xlink:title="BuildingsAndImprovementsMember"/>
    <definitionArc xlink:type="arc" xlink:arcrole="http://xbrl.org/int/dim/arcrole/domain-member" xlink:from="CapitalAssetsDomain" xlink:to="BuildingsAndImprovementsMember" xlink:title="definition: CapitalAssetsDomain to BuildingsAndImprovementsMember" order="2.0"/>
    <loc xlink:type="locator" xlink:href="va-t-ashl-20170630.xsd#va-t-ashl_MachineryAndEquipmentMember" xlink:label="MachineryAndEquipmentMember" xlink:title="MachineryAndEquipmentMember"/>
    <definitionArc xlink:type="arc" xlink:arcrole="http://xbrl.org/int/dim/arcrole/domain-member" xlink:from="CapitalAssetsDomain" xlink:to="MachineryAndEquipmentMember" xlink:title="definition: CapitalAssetsDomain to MachineryAndEquipmentMember" order="3.0"/>
    <loc xlink:type="locator" xlink:href="va-t-ashl-20170630.xsd#va-t-ashl_InfrastructureMember" xlink:label="InfrastructureMember" xlink:title="InfrastructureMember"/>
    <definitionArc xlink:type="arc" xlink:arcrole="http://xbrl.org/int/dim/arcrole/domain-member" xlink:from="CapitalAssetsDomain" xlink:to="InfrastructureMember" xlink:title="definition: CapitalAssetsDomain to InfrastructureMember" order="4.0"/>
    <loc xlink:type="locator" xlink:href="va-t-ashl-20170630.xsd#va-t-ashl_SoftwareMember" xlink:label="SoftwareMember" xlink:title="SoftwareMember"/>
    <definitionArc xlink:type="arc" xlink:arcrole="http://xbrl.org/int/dim/arcrole/domain-member" xlink:from="CapitalAssetsDomain" xlink:to="SoftwareMember" xlink:title="definition: CapitalAssetsDomain to SoftwareMember" order="5.0"/>
    <loc xlink:type="locator" xlink:href="va-t-ashl-20170630.xsd#va-t-ashl_ConstructionInProgressMember" xlink:label="ConstructionInProgressMember" xlink:title="ConstructionInProgressMember"/>
    <definitionArc xlink:type="arc" xlink:arcrole="http://xbrl.org/int/dim/arcrole/domain-member" xlink:from="CapitalAssetsDomain" xlink:to="ConstructionInProgressMember" xlink:title="definition: CapitalAssetsDomain to ConstructionInProgressMember" order="6.0"/>
    <loc xlink:type="locator" xlink:href="https://raw.githubusercontent.com/xbrlus/cafr/master/cafr_2019-01-16.xsd#cafr_NetPositionAbstract" xlink:label="NetPositionAbstract"/>
    <definitionArc xlink:type="arc" xlink:arcrole="http://xbrl.org/int/dim/arcrole/domain-member" xlink:from="StatementOfNetPositionLineItems" xlink:to="NetPositionAbstract" xlink:title="definition: StatementOfNetPositionLineItems to NetPositionAbstract" order="5.0"/>
    <loc xlink:type="locator" xlink:href="https://raw.githubusercontent.com/xbrlus/cafr/master/cafr_2019-01-16.xsd#cafr_NetInvestmentInCapitalAssets" xlink:label="NetInvestmentInCapitalAssets"/>
    <definitionArc xlink:type="arc" xlink:arcrole="http://xbrl.org/int/dim/arcrole/domain-member" xlink:from="NetPositionAbstract" xlink:to="NetInvestmentInCapitalAssets" xlink:title="definition: NetPositionAbstract to NetInvestmentInCapitalAssets" order="1.0"/>
    <loc xlink:type="locator" xlink:href="https://raw.githubusercontent.com/xbrlus/cafr/master/cafr_2019-01-16.xsd#cafr_NetPositionUnrestricted" xlink:label="NetPositionUnrestricted"/>
    <definitionArc xlink:type="arc" xlink:arcrole="http://xbrl.org/int/dim/arcrole/domain-member" xlink:from="NetPositionAbstract" xlink:to="NetPositionUnrestricted" xlink:title="definition: NetPositionAbstract to NetPositionUnrestricted" order="2.0"/>
    <loc xlink:type="locator" xlink:href="https://raw.githubusercontent.com/xbrlus/cafr/master/cafr_2019-01-16.xsd#cafr_NetPosition" xlink:label="NetPosition"/>
    <definitionArc xlink:type="arc" xlink:arcrole="http://xbrl.org/int/dim/arcrole/domain-member" xlink:from="NetPositionAbstract" xlink:to="NetPosition" xlink:title="definition: NetPositionAbstract to NetPosition" order="3.0"/>
    <loc xlink:type="locator" xlink:href="va-t-ashl-20170630.xsd#va-t-ashl_DeferredOutflowsOfResourcesAbstract" xlink:label="DeferredOutflowsOfResourcesAbstract" xlink:title="DeferredOutflowsOfResourcesAbstract"/>
    <definitionArc xlink:type="arc" xlink:arcrole="http://xbrl.org/int/dim/arcrole/domain-member" xlink:from="StatementOfNetPositionLineItems" xlink:to="DeferredOutflowsOfResourcesAbstract" xlink:title="definition: StatementOfNetPositionLineItems to DeferredOutflowsOfResourcesAbstract" order="2.0"/>
    <loc xlink:type="locator" xlink:href="https://raw.githubusercontent.com/xbrlus/cafr/master/cafr_2019-01-16.xsd#cafr_DeferredOutflowsOfResources" xlink:label="DeferredOutflowsOfResources"/>
    <definitionArc xlink:type="arc" xlink:arcrole="http://xbrl.org/int/dim/arcrole/domain-member" xlink:from="DeferredOutflowsOfResourcesAbstract" xlink:to="DeferredOutflowsOfResources" xlink:title="definition: DeferredOutflowsOfResourcesAbstract to DeferredOutflowsOfResources" order="1.0"/>
    <loc xlink:type="locator" xlink:href="va-t-ashl-20170630.xsd#va-t-ashl_DeferredInflowsOfResourcesAbstract" xlink:label="DeferredInflowsOfResourcesAbstract" xlink:title="DeferredInflowsOfResourcesAbstract"/>
    <definitionArc xlink:type="arc" xlink:arcrole="http://xbrl.org/int/dim/arcrole/domain-member" xlink:from="StatementOfNetPositionLineItems" xlink:to="DeferredInflowsOfResourcesAbstract" xlink:title="definition: StatementOfNetPositionLineItems to DeferredInflowsOfResourcesAbstract" order="4.0"/>
    <loc xlink:type="locator" xlink:href="https://raw.githubusercontent.com/xbrlus/cafr/master/cafr_2019-01-16.xsd#cafr_DeferredInflowsOfResources" xlink:label="DeferredInflowsOfResources" xlink:title="DeferredInflowsOfResources"/>
    <definitionArc xlink:type="arc" xlink:arcrole="http://xbrl.org/int/dim/arcrole/domain-member" xlink:from="DeferredInflowsOfResourcesAbstract" xlink:to="DeferredInflowsOfResources" xlink:title="definition: DeferredInflowsOfResourcesAbstract to DeferredInflowsOfResources" order="1.0"/>
  </definitionLink>
  <definitionLink xlink:type="extended" xlink:role="http://www.town.ashland.va.us/role/StatementOfActivitiesGovernmentWideProgramGeneralRevenuesAndExpenses">
    <loc xlink:type="locator" xlink:href="https://raw.githubusercontent.com/xbrlus/cafr/master/cafr_2019-01-16.xsd#cafr_FinancialReportingEntityAxis" xlink:label="FinancialReportingEntityAxis"/>
    <loc xlink:type="locator" xlink:href="https://raw.githubusercontent.com/xbrlus/cafr/master/cafr_2019-01-16.xsd#cafr_FinancialReportingEntityDomain" xlink:label="FinancialReportingEntityDomain"/>
    <definitionArc xlink:type="arc" xlink:arcrole="http://xbrl.org/int/dim/arcrole/dimension-domain" xlink:from="FinancialReportingEntityAxis" xlink:to="FinancialReportingEntityDomain" xlink:title="definition: FinancialReportingEntityAxis to FinancialReportingEntityDomain" order="1.0"/>
    <loc xlink:type="locator" xlink:href="https://raw.githubusercontent.com/xbrlus/cafr/master/cafr_2019-01-16.xsd#cafr_FinancialReportingEntityDomain" xlink:label="FinancialReportingEntityDomain_2"/>
    <definitionArc xlink:type="arc" xlink:arcrole="http://xbrl.org/int/dim/arcrole/dimension-default" xlink:from="FinancialReportingEntityAxis" xlink:to="FinancialReportingEntityDomain_2" xlink:title="definition: FinancialReportingEntityAxis to FinancialReportingEntityDomain" priority="1" order="2.0"/>
    <loc xlink:type="locator" xlink:href="https://raw.githubusercontent.com/xbrlus/cafr/master/cafr_2019-01-16.xsd#cafr_PrimaryGovernmentActivitiesMember" xlink:label="PrimaryGovernmentActivitiesMember"/>
    <definitionArc xlink:type="arc" xlink:arcrole="http://xbrl.org/int/dim/arcrole/domain-member" xlink:from="FinancialReportingEntityDomain" xlink:to="PrimaryGovernmentActivitiesMember" xlink:title="definition: FinancialReportingEntityDomain to PrimaryGovernmentActivitiesMember" order="1.0"/>
    <loc xlink:type="locator" xlink:href="https://raw.githubusercontent.com/xbrlus/cafr/master/cafr_2019-01-16.xsd#cafr_ComponentUnitsMember" xlink:label="ComponentUnitsMember"/>
    <definitionArc xlink:type="arc" xlink:arcrole="http://xbrl.org/int/dim/arcrole/domain-member" xlink:from="FinancialReportingEntityDomain" xlink:to="ComponentUnitsMember" xlink:title="definition: FinancialReportingEntityDomain to ComponentUnitsMember" order="2.0"/>
    <loc xlink:type="locator" xlink:href="https://raw.githubusercontent.com/xbrlus/cafr/master/cafr_2019-01-16.xsd#cafr_ActivityTypeAxis" xlink:label="ActivityTypeAxis"/>
    <loc xlink:type="locator" xlink:href="https://raw.githubusercontent.com/xbrlus/cafr/master/cafr_2019-01-16.xsd#cafr_ActivityTypeDomain" xlink:label="ActivityTypeDomain"/>
    <definitionArc xlink:type="arc" xlink:arcrole="http://xbrl.org/int/dim/arcrole/dimension-domain" xlink:from="ActivityTypeAxis" xlink:to="ActivityTypeDomain" xlink:title="definition: ActivityTypeAxis to ActivityTypeDomain" order="1.0"/>
    <loc xlink:type="locator" xlink:href="https://raw.githubusercontent.com/xbrlus/cafr/master/cafr_2019-01-16.xsd#cafr_ActivityTypeDomain" xlink:label="ActivityTypeDomain_2"/>
    <definitionArc xlink:type="arc" xlink:arcrole="http://xbrl.org/int/dim/arcrole/dimension-default" xlink:from="ActivityTypeAxis" xlink:to="ActivityTypeDomain_2" xlink:title="definition: ActivityTypeAxis to ActivityTypeDomain" priority="1" order="2.0"/>
    <loc xlink:type="locator" xlink:href="https://raw.githubusercontent.com/xbrlus/cafr/master/cafr_2019-01-16.xsd#cafr_GovernmentalTypeActivityMember" xlink:label="GovernmentalTypeActivityMember"/>
    <definitionArc xlink:type="arc" xlink:arcrole="http://xbrl.org/int/dim/arcrole/domain-member" xlink:from="ActivityTypeDomain" xlink:to="GovernmentalTypeActivityMember" xlink:title="definition: ActivityTypeDomain to GovernmentalTypeActivityMember" order="1.0"/>
    <loc xlink:type="locator" xlink:href="https://raw.githubusercontent.com/xbrlus/cafr/master/cafr_2019-01-16.xsd#cafr_BusinessTypeActivityMember" xlink:label="BusinessTypeActivityMember"/>
    <definitionArc xlink:type="arc" xlink:arcrole="http://xbrl.org/int/dim/arcrole/domain-member" xlink:from="ActivityTypeDomain" xlink:to="BusinessTypeActivityMember" xlink:title="definition: ActivityTypeDomain to BusinessTypeActivityMember" order="2.0"/>
    <loc xlink:type="locator" xlink:href="https://raw.githubusercontent.com/xbrlus/cafr/master/cafr_2019-01-16.xsd#cafr_StatementOfActivitiesProgramRevenuesAndExpensesAbstract" xlink:label="StatementOfActivitiesProgramRevenuesAndExpensesAbstract" xlink:title="StatementOfActivitiesProgramRevenuesAndExpensesAbstract"/>
    <loc xlink:type="locator" xlink:href="https://raw.githubusercontent.com/xbrlus/cafr/master/cafr_2019-01-16.xsd#cafr_StatementOfActivitiesLineItems" xlink:label="StatementOfActivitiesLineItems"/>
    <definitionArc xlink:type="arc" xlink:arcrole="http://xbrl.org/int/dim/arcrole/domain-member" xlink:from="StatementOfActivitiesProgramRevenuesAndExpensesAbstract" xlink:to="StatementOfActivitiesLineItems" xlink:title="definition: StatementOfActivitiesProgramRevenuesAndExpensesAbstract to StatementOfActivitiesLineItems" order="1.0"/>
    <loc xlink:type="locator" xlink:href="https://raw.githubusercontent.com/xbrlus/cafr/master/cafr_2019-01-16.xsd#cafr_StatementOfActivitiesTable" xlink:label="StatementOfActivitiesTable"/>
    <definitionArc xlink:type="arc" xlink:arcrole="http://xbrl.org/int/dim/arcrole/all" xlink:from="StatementOfActivitiesLineItems" xlink:to="StatementOfActivitiesTable" xlink:title="definition: StatementOfActivitiesLineItems to StatementOfActivitiesTable" order="1.0" xbrldt:closed="true" xbrldt:contextElement="segment"/>
    <loc xlink:type="locator" xlink:href="https://raw.githubusercontent.com/xbrlus/cafr/master/cafr_2019-01-16.xsd#cafr_NameOfProgramOrFunctionAxis" xlink:label="NameOfProgramOrFunctionAxis"/>
    <definitionArc xlink:type="arc" xlink:arcrole="http://xbrl.org/int/dim/arcrole/hypercube-dimension" xlink:from="StatementOfActivitiesTable" xlink:to="NameOfProgramOrFunctionAxis" xlink:title="definition: StatementOfActivitiesTable to NameOfProgramOrFunctionAxis" order="4.0"/>
    <definitionArc xlink:type="arc" xlink:arcrole="http://xbrl.org/int/dim/arcrole/hypercube-dimension" xlink:from="StatementOfActivitiesTable" xlink:to="FinancialReportingEntityAxis" xlink:title="definition: StatementOfActivitiesTable to FinancialReportingEntityAxis" order="1.0"/>
    <definitionArc xlink:type="arc" xlink:arcrole="http://xbrl.org/int/dim/arcrole/hypercube-dimension" xlink:from="StatementOfActivitiesTable" xlink:to="ActivityTypeAxis" xlink:title="definition: StatementOfActivitiesTable to ActivityTypeAxis" order="2.0"/>
    <loc xlink:type="locator" xlink:href="va-t-ashl-20170630.xsd#va-t-ashl_ClassificationOfGeneralRevenueAxis" xlink:label="ClassificationOfGeneralRevenueAxis" xlink:title="ClassificationOfGeneralRevenueAxis"/>
    <definitionArc xlink:type="arc" xlink:arcrole="http://xbrl.org/int/dim/arcrole/hypercube-dimension" xlink:from="StatementOfActivitiesTable" xlink:to="ClassificationOfGeneralRevenueAxis" xlink:title="definition: StatementOfActivitiesTable to ClassificationOfGeneralRevenueAxis" order="5.0"/>
    <loc xlink:type="locator" xlink:href="va-t-ashl-20170630.xsd#va-t-ashl_ClassificationOfGeneralRevenueDomain" xlink:label="ClassificationOfGeneralRevenueDomain" xlink:title="ClassificationOfGeneralRevenueDomain"/>
    <definitionArc xlink:type="arc" xlink:arcrole="http://xbrl.org/int/dim/arcrole/dimension-domain" xlink:from="ClassificationOfGeneralRevenueAxis" xlink:to="ClassificationOfGeneralRevenueDomain" xlink:title="definition: ClassificationOfGeneralRevenueAxis to ClassificationOfGeneralRevenueDomain" order="1.0"/>
    <loc xlink:type="locator" xlink:href="va-t-ashl-20170630.xsd#va-t-ashl_ClassificationOfGeneralRevenueDomain" xlink:label="ClassificationOfGeneralRevenueDomain_2" xlink:title="ClassificationOfGeneralRevenueDomain"/>
    <definitionArc xlink:type="arc" xlink:arcrole="http://xbrl.org/int/dim/arcrole/dimension-default" xlink:from="ClassificationOfGeneralRevenueAxis" xlink:to="ClassificationOfGeneralRevenueDomain_2" xlink:title="definition: ClassificationOfGeneralRevenueAxis to ClassificationOfGeneralRevenueDomain" priority="1" order="2.0"/>
    <loc xlink:type="locator" xlink:href="va-t-ashl-20170630.xsd#va-t-ashl_GeneralPropertyTaxesMember" xlink:label="GeneralPropertyTaxesMember" xlink:title="GeneralPropertyTaxesMember"/>
    <definitionArc xlink:type="arc" xlink:arcrole="http://xbrl.org/int/dim/arcrole/domain-member" xlink:from="ClassificationOfGeneralRevenueDomain" xlink:to="GeneralPropertyTaxesMember" xlink:title="definition: ClassificationOfGeneralRevenueDomain to GeneralPropertyTaxesMember" order="1.0"/>
    <loc xlink:type="locator" xlink:href="va-t-ashl-20170630.xsd#va-t-ashl_ContributionsFromPrimaryGovernmentMember" xlink:label="ContributionsFromPrimaryGovernmentMember" xlink:title="ContributionsFromPrimaryGovernmentMember"/>
    <definitionArc xlink:type="arc" xlink:arcrole="http://xbrl.org/int/dim/arcrole/domain-member" xlink:from="ClassificationOfGeneralRevenueDomain" xlink:to="ContributionsFromPrimaryGovernmentMember" xlink:title="definition: ClassificationOfGeneralRevenueDomain to ContributionsFromPrimaryGovernmentMember" order="2.0"/>
    <loc xlink:type="locator" xlink:href="va-t-ashl-20170630.xsd#va-t-ashl_MealsMember" xlink:label="MealsMember" xlink:title="MealsMember"/>
    <definitionArc xlink:type="arc" xlink:arcrole="http://xbrl.org/int/dim/arcrole/domain-member" xlink:from="ClassificationOfGeneralRevenueDomain" xlink:to="MealsMember" xlink:title="definition: ClassificationOfGeneralRevenueDomain to MealsMember" order="3.0"/>
    <loc xlink:type="locator" xlink:href="va-t-ashl-20170630.xsd#va-t-ashl_TransientOccupancyMember" xlink:label="TransientOccupancyMember" xlink:title="TransientOccupancyMember"/>
    <definitionArc xlink:type="arc" xlink:arcrole="http://xbrl.org/int/dim/arcrole/domain-member" xlink:from="ClassificationOfGeneralRevenueDomain" xlink:to="TransientOccupancyMember" xlink:title="definition: ClassificationOfGeneralRevenueDomain to TransientOccupancyMember" order="4.0"/>
    <loc xlink:type="locator" xlink:href="va-t-ashl-20170630.xsd#va-t-ashl_BusinessLicenseMember" xlink:label="BusinessLicenseMember" xlink:title="BusinessLicenseMember"/>
    <definitionArc xlink:type="arc" xlink:arcrole="http://xbrl.org/int/dim/arcrole/domain-member" xlink:from="ClassificationOfGeneralRevenueDomain" xlink:to="BusinessLicenseMember" xlink:title="definition: ClassificationOfGeneralRevenueDomain to BusinessLicenseMember" order="5.0"/>
    <loc xlink:type="locator" xlink:href="va-t-ashl-20170630.xsd#va-t-ashl_LocalSalesAndUseMember" xlink:label="LocalSalesAndUseMember" xlink:title="LocalSalesAndUseMember"/>
    <definitionArc xlink:type="arc" xlink:arcrole="http://xbrl.org/int/dim/arcrole/domain-member" xlink:from="ClassificationOfGeneralRevenueDomain" xlink:to="LocalSalesAndUseMember" xlink:title="definition: ClassificationOfGeneralRevenueDomain to LocalSalesAndUseMember" order="6.0"/>
    <loc xlink:type="locator" xlink:href="va-t-ashl-20170630.xsd#va-t-ashl_OtherGeneralRevenuesMember" xlink:label="OtherGeneralRevenuesMember" xlink:title="OtherGeneralRevenuesMember"/>
    <definitionArc xlink:type="arc" xlink:arcrole="http://xbrl.org/int/dim/arcrole/domain-member" xlink:from="ClassificationOfGeneralRevenueDomain" xlink:to="OtherGeneralRevenuesMember" xlink:title="definition: ClassificationOfGeneralRevenueDomain to OtherGeneralRevenuesMember" order="7.0"/>
    <loc xlink:type="locator" xlink:href="https://raw.githubusercontent.com/xbrlus/cafr/master/cafr_2019-01-16.xsd#cafr_Expenses" xlink:label="Expenses"/>
    <definitionArc xlink:type="arc" xlink:arcrole="http://xbrl.org/int/dim/arcrole/domain-member" xlink:from="StatementOfActivitiesLineItems" xlink:to="Expenses" xlink:title="definition: StatementOfActivitiesLineItems to Expenses" order="2.0"/>
    <loc xlink:type="locator" xlink:href="https://raw.githubusercontent.com/xbrlus/cafr/master/cafr_2019-01-16.xsd#cafr_ChargesForServices" xlink:label="ChargesForServices"/>
    <definitionArc xlink:type="arc" xlink:arcrole="http://xbrl.org/int/dim/arcrole/domain-member" xlink:from="StatementOfActivitiesLineItems" xlink:to="ChargesForServices" xlink:title="definition: StatementOfActivitiesLineItems to ChargesForServices" order="3.0"/>
    <loc xlink:type="locator" xlink:href="https://raw.githubusercontent.com/xbrlus/cafr/master/cafr_2019-01-16.xsd#cafr_OperatingGrantsAndContributions" xlink:label="OperatingGrantsAndContributions"/>
    <definitionArc xlink:type="arc" xlink:arcrole="http://xbrl.org/int/dim/arcrole/domain-member" xlink:from="StatementOfActivitiesLineItems" xlink:to="OperatingGrantsAndContributions" xlink:title="definition: StatementOfActivitiesLineItems to OperatingGrantsAndContributions" order="4.0"/>
    <loc xlink:type="locator" xlink:href="https://raw.githubusercontent.com/xbrlus/cafr/master/cafr_2019-01-16.xsd#cafr_CapitalGrantsAndContributions" xlink:label="CapitalGrantsAndContributions"/>
    <definitionArc xlink:type="arc" xlink:arcrole="http://xbrl.org/int/dim/arcrole/domain-member" xlink:from="StatementOfActivitiesLineItems" xlink:to="CapitalGrantsAndContributions" xlink:title="definition: StatementOfActivitiesLineItems to CapitalGrantsAndContributions" order="5.0"/>
    <loc xlink:type="locator" xlink:href="va-t-ashl-20170630.xsd#va-t-ashl_NetExpenseRevenueAndChangesInNetPosition" xlink:label="NetExpenseRevenueAndChangesInNetPosition" xlink:title="NetExpenseRevenueAndChangesInNetPosition"/>
    <definitionArc xlink:type="arc" xlink:arcrole="http://xbrl.org/int/dim/arcrole/domain-member" xlink:from="StatementOfActivitiesLineItems" xlink:to="NetExpenseRevenueAndChangesInNetPosition" xlink:title="definition: StatementOfActivitiesLineItems to NetExpenseRevenueAndChangesInNetPosition" order="6.0"/>
    <loc xlink:type="locator" xlink:href="https://raw.githubusercontent.com/xbrlus/cafr/master/cafr_2019-01-16.xsd#cafr_GeneralRevenuesAbstract" xlink:label="GeneralRevenuesAbstract" xlink:title="GeneralRevenuesAbstract"/>
    <definitionArc xlink:type="arc" xlink:arcrole="http://xbrl.org/int/dim/arcrole/domain-member" xlink:from="StatementOfActivitiesLineItems" xlink:to="GeneralRevenuesAbstract" xlink:title="definition: StatementOfActivitiesLineItems to GeneralRevenuesAbstract" order="7.0"/>
    <loc xlink:type="locator" xlink:href="https://raw.githubusercontent.com/xbrlus/cafr/master/cafr_2019-01-16.xsd#cafr_TaxRevenues" xlink:label="TaxRevenues" xlink:title="TaxRevenues"/>
    <definitionArc xlink:type="arc" xlink:arcrole="http://xbrl.org/int/dim/arcrole/domain-member" xlink:from="GeneralRevenuesAbstract" xlink:to="TaxRevenues" xlink:title="definition: GeneralRevenuesAbstract to TaxRevenues" order="1.0"/>
    <loc xlink:type="locator" xlink:href="https://raw.githubusercontent.com/xbrlus/cafr/master/cafr_2019-01-16.xsd#cafr_GeneralRevenues" xlink:label="GeneralRevenues" xlink:title="GeneralRevenues"/>
    <definitionArc xlink:type="arc" xlink:arcrole="http://xbrl.org/int/dim/arcrole/domain-member" xlink:from="GeneralRevenuesAbstract" xlink:to="GeneralRevenues" xlink:title="definition: GeneralRevenuesAbstract to GeneralRevenues" order="5.0"/>
    <loc xlink:type="locator" xlink:href="va-t-ashl-20170630.xsd#va-t-ashl_IntergovernmentalNonCategoricalAid" xlink:label="IntergovernmentalNonCategoricalAid" xlink:title="IntergovernmentalNonCategoricalAid"/>
    <definitionArc xlink:type="arc" xlink:arcrole="http://xbrl.org/int/dim/arcrole/domain-member" xlink:from="GeneralRevenuesAbstract" xlink:to="IntergovernmentalNonCategoricalAid" xlink:title="definition: GeneralRevenuesAbstract to IntergovernmentalNonCategoricalAid" order="2.0"/>
    <loc xlink:type="locator" xlink:href="va-t-ashl-20170630.xsd#va-t-ashl_UseOfMoneyAndProperty" xlink:label="UseOfMoneyAndProperty" xlink:title="UseOfMoneyAndProperty"/>
    <definitionArc xlink:type="arc" xlink:arcrole="http://xbrl.org/int/dim/arcrole/domain-member" xlink:from="GeneralRevenuesAbstract" xlink:to="UseOfMoneyAndProperty" xlink:title="definition: GeneralRevenuesAbstract to UseOfMoneyAndProperty" order="3.0"/>
    <loc xlink:type="locator" xlink:href="https://raw.githubusercontent.com/xbrlus/cafr/master/cafr_2019-01-16.xsd#cafr_MiscellaneousRevenues" xlink:label="MiscellaneousRevenues" xlink:title="MiscellaneousRevenues"/>
    <definitionArc xlink:type="arc" xlink:arcrole="http://xbrl.org/int/dim/arcrole/domain-member" xlink:from="GeneralRevenuesAbstract" xlink:to="MiscellaneousRevenues" xlink:title="definition: GeneralRevenuesAbstract to MiscellaneousRevenues" order="4.0"/>
    <loc xlink:type="locator" xlink:href="https://raw.githubusercontent.com/xbrlus/cafr/master/cafr_2019-01-16.xsd#cafr_ChangeInNetPosition" xlink:label="ChangeInNetPosition" xlink:title="ChangeInNetPosition"/>
    <definitionArc xlink:type="arc" xlink:arcrole="http://xbrl.org/int/dim/arcrole/domain-member" xlink:from="StatementOfActivitiesLineItems" xlink:to="ChangeInNetPosition" xlink:title="definition: StatementOfActivitiesLineItems to ChangeInNetPosition" order="8.0"/>
    <loc xlink:type="locator" xlink:href="https://raw.githubusercontent.com/xbrlus/cafr/master/cafr_2019-01-16.xsd#cafr_NetPosition" xlink:label="NetPosition" xlink:title="NetPosition"/>
    <definitionArc xlink:type="arc" xlink:arcrole="http://xbrl.org/int/dim/arcrole/domain-member" xlink:from="StatementOfActivitiesLineItems" xlink:to="NetPosition" xlink:title="definition: StatementOfActivitiesLineItems to NetPosition" order="9.0"/>
    <loc xlink:type="locator" xlink:href="https://raw.githubusercontent.com/xbrlus/cafr/master/cafr_2019-01-16.xsd#cafr_NetPosition" xlink:label="NetPosition_2" xlink:title="NetPosition"/>
    <definitionArc xlink:type="arc" xlink:arcrole="http://xbrl.org/int/dim/arcrole/domain-member" xlink:from="StatementOfActivitiesLineItems" xlink:to="NetPosition_2" xlink:title="definition: StatementOfActivitiesLineItems to NetPosition" priority="1" order="10.0"/>
  </definitionLink>
  <definitionLink xlink:type="extended" xlink:role="http://www.town.ashland.va.us/role/balanceSheetGovernmentalFunds">
    <loc xlink:type="locator" xlink:href="https://raw.githubusercontent.com/xbrlus/cafr/master/cafr_2019-01-16.xsd#cafr_LiabilitiesAbstract" xlink:label="LiabilitiesAbstract" xlink:title="LiabilitiesAbstract"/>
    <loc xlink:type="locator" xlink:href="https://raw.githubusercontent.com/xbrlus/cafr/master/cafr_2019-01-16.xsd#cafr_DueToRelatedParty" xlink:label="DueToRelatedParty" xlink:title="DueToRelatedParty"/>
    <definitionArc xlink:type="arc" xlink:arcrole="http://xbrl.org/int/dim/arcrole/domain-member" xlink:from="LiabilitiesAbstract" xlink:to="DueToRelatedParty" xlink:title="definition: LiabilitiesAbstract to DueToRelatedParty" order="3.0"/>
    <loc xlink:type="locator" xlink:href="https://raw.githubusercontent.com/xbrlus/cafr/master/cafr_2019-01-16.xsd#cafr_UnearnedRevenue" xlink:label="UnearnedRevenue" xlink:title="UnearnedRevenue"/>
    <definitionArc xlink:type="arc" xlink:arcrole="http://xbrl.org/int/dim/arcrole/domain-member" xlink:from="LiabilitiesAbstract" xlink:to="UnearnedRevenue" xlink:title="definition: LiabilitiesAbstract to UnearnedRevenue" order="5.0"/>
    <loc xlink:type="locator" xlink:href="https://raw.githubusercontent.com/xbrlus/cafr/master/cafr_2019-01-16.xsd#cafr_Liabilities" xlink:label="Liabilities" xlink:title="Liabilities"/>
    <definitionArc xlink:type="arc" xlink:arcrole="http://xbrl.org/int/dim/arcrole/domain-member" xlink:from="LiabilitiesAbstract" xlink:to="Liabilities" xlink:title="definition: LiabilitiesAbstract to Liabilities" order="6.0"/>
    <loc xlink:type="locator" xlink:href="https://raw.githubusercontent.com/xbrlus/cafr/master/cafr_2019-01-16.xsd#cafr_AccountsPayable" xlink:label="AccountsPayable" xlink:title="AccountsPayable"/>
    <definitionArc xlink:type="arc" xlink:arcrole="http://xbrl.org/int/dim/arcrole/domain-member" xlink:from="LiabilitiesAbstract" xlink:to="AccountsPayable" xlink:title="definition: LiabilitiesAbstract to AccountsPayable" order="1.0"/>
    <loc xlink:type="locator" xlink:href="va-t-ashl-20170630.xsd#va-t-ashl_AccruedPayrollAndBenefits" xlink:label="AccruedPayrollAndBenefits" xlink:title="AccruedPayrollAndBenefits"/>
    <definitionArc xlink:type="arc" xlink:arcrole="http://xbrl.org/int/dim/arcrole/domain-member" xlink:from="LiabilitiesAbstract" xlink:to="AccruedPayrollAndBenefits" xlink:title="definition: LiabilitiesAbstract to AccruedPayrollAndBenefits" order="2.0"/>
    <loc xlink:type="locator" xlink:href="va-t-ashl-20170630.xsd#va-t-ashl_PerformanceBondPayable" xlink:label="PerformanceBondPayable" xlink:title="PerformanceBondPayable"/>
    <definitionArc xlink:type="arc" xlink:arcrole="http://xbrl.org/int/dim/arcrole/domain-member" xlink:from="LiabilitiesAbstract" xlink:to="PerformanceBondPayable" xlink:title="definition: LiabilitiesAbstract to PerformanceBondPayable" order="4.0"/>
    <loc xlink:type="locator" xlink:href="https://raw.githubusercontent.com/xbrlus/cafr/master/cafr_2019-01-16.xsd#cafr_AssetsAbstract" xlink:label="AssetsAbstract"/>
    <loc xlink:type="locator" xlink:href="https://raw.githubusercontent.com/xbrlus/cafr/master/cafr_2019-01-16.xsd#cafr_DueFromRelated" xlink:label="DueFromRelated"/>
    <definitionArc xlink:type="arc" xlink:arcrole="http://xbrl.org/int/dim/arcrole/domain-member" xlink:from="AssetsAbstract" xlink:to="DueFromRelated" xlink:title="definition: AssetsAbstract to DueFromRelated" order="3.0"/>
    <loc xlink:type="locator" xlink:href="https://raw.githubusercontent.com/xbrlus/cafr/master/cafr_2019-01-16.xsd#cafr_Assets" xlink:label="Assets"/>
    <definitionArc xlink:type="arc" xlink:arcrole="http://xbrl.org/int/dim/arcrole/domain-member" xlink:from="AssetsAbstract" xlink:to="Assets" xlink:title="definition: AssetsAbstract to Assets" order="4.0"/>
    <loc xlink:type="locator" xlink:href="va-t-ashl-20170630.xsd#va-t-ashl_ReceivablesNetAbstract" xlink:label="ReceivablesNetAbstract" xlink:title="ReceivablesNetAbstract"/>
    <definitionArc xlink:type="arc" xlink:arcrole="http://xbrl.org/int/dim/arcrole/domain-member" xlink:from="AssetsAbstract" xlink:to="ReceivablesNetAbstract" xlink:title="definition: AssetsAbstract to ReceivablesNetAbstract" order="2.0"/>
    <loc xlink:type="locator" xlink:href="https://raw.githubusercontent.com/xbrlus/cafr/master/cafr_2019-01-16.xsd#cafr_ReceivablesNet" xlink:label="ReceivablesNet"/>
    <definitionArc xlink:type="arc" xlink:arcrole="http://xbrl.org/int/dim/arcrole/domain-member" xlink:from="ReceivablesNetAbstract" xlink:to="ReceivablesNet" xlink:title="definition: ReceivablesNetAbstract to ReceivablesNet" order="1.0"/>
    <loc xlink:type="locator" xlink:href="va-t-ashl-20170630.xsd#va-t-ashl_CashCashEquivalentsAndTemporaryCashInvestments" xlink:label="CashCashEquivalentsAndTemporaryCashInvestments" xlink:title="CashCashEquivalentsAndTemporaryCashInvestments"/>
    <definitionArc xlink:type="arc" xlink:arcrole="http://xbrl.org/int/dim/arcrole/domain-member" xlink:from="AssetsAbstract" xlink:to="CashCashEquivalentsAndTemporaryCashInvestments" xlink:title="definition: AssetsAbstract to CashCashEquivalentsAndTemporaryCashInvestments" order="1.0"/>
    <loc xlink:type="locator" xlink:href="https://raw.githubusercontent.com/xbrlus/cafr/master/cafr_2019-01-16.xsd#cafr_ClassificationOfDueToDueFromAxis" xlink:label="ClassificationOfDueToDueFromAxis"/>
    <loc xlink:type="locator" xlink:href="https://raw.githubusercontent.com/xbrlus/cafr/master/cafr_2019-01-16.xsd#cafr_ClassificationOfDueToDueFromDomain" xlink:label="ClassificationOfDueToDueFromDomain"/>
    <definitionArc xlink:type="arc" xlink:arcrole="http://xbrl.org/int/dim/arcrole/dimension-domain" xlink:from="ClassificationOfDueToDueFromAxis" xlink:to="ClassificationOfDueToDueFromDomain" xlink:title="definition: ClassificationOfDueToDueFromAxis to ClassificationOfDueToDueFromDomain" order="1.0"/>
    <loc xlink:type="locator" xlink:href="https://raw.githubusercontent.com/xbrlus/cafr/master/cafr_2019-01-16.xsd#cafr_ClassificationOfDueToDueFromDomain" xlink:label="ClassificationOfDueToDueFromDomain_2"/>
    <definitionArc xlink:type="arc" xlink:arcrole="http://xbrl.org/int/dim/arcrole/dimension-default" xlink:from="ClassificationOfDueToDueFromAxis" xlink:to="ClassificationOfDueToDueFromDomain_2" xlink:title="definition: ClassificationOfDueToDueFromAxis to ClassificationOfDueToDueFromDomain" priority="1" order="2.0"/>
    <loc xlink:type="locator" xlink:href="https://raw.githubusercontent.com/xbrlus/cafr/master/cafr_2019-01-16.xsd#cafr_OtherGovernmentMember" xlink:label="OtherGovernmentMember"/>
    <definitionArc xlink:type="arc" xlink:arcrole="http://xbrl.org/int/dim/arcrole/domain-member" xlink:from="ClassificationOfDueToDueFromDomain" xlink:to="OtherGovernmentMember" xlink:title="definition: ClassificationOfDueToDueFromDomain to OtherGovernmentMember" order="1.0"/>
    <loc xlink:type="locator" xlink:href="https://raw.githubusercontent.com/xbrlus/cafr/master/cafr_2019-01-16.xsd#cafr_ClassificationOfInflowsOutflowsAxis" xlink:label="ClassificationOfInflowsOutflowsAxis" xlink:title="ClassificationOfInflowsOutflowsAxis"/>
    <loc xlink:type="locator" xlink:href="https://raw.githubusercontent.com/xbrlus/cafr/master/cafr_2019-01-16.xsd#cafr_ClassificationOfInflowsOutflowsDomain" xlink:label="ClassificationOfInflowsOutflowsDomain" xlink:title="ClassificationOfInflowsOutflowsDomain"/>
    <definitionArc xlink:type="arc" xlink:arcrole="http://xbrl.org/int/dim/arcrole/dimension-domain" xlink:from="ClassificationOfInflowsOutflowsAxis" xlink:to="ClassificationOfInflowsOutflowsDomain" xlink:title="definition: ClassificationOfInflowsOutflowsAxis to ClassificationOfInflowsOutflowsDomain" order="1.0"/>
    <loc xlink:type="locator" xlink:href="https://raw.githubusercontent.com/xbrlus/cafr/master/cafr_2019-01-16.xsd#cafr_ClassificationOfInflowsOutflowsDomain" xlink:label="ClassificationOfInflowsOutflowsDomain_2" xlink:title="ClassificationOfInflowsOutflowsDomain"/>
    <definitionArc xlink:type="arc" xlink:arcrole="http://xbrl.org/int/dim/arcrole/dimension-default" xlink:from="ClassificationOfInflowsOutflowsAxis" xlink:to="ClassificationOfInflowsOutflowsDomain_2" xlink:title="definition: ClassificationOfInflowsOutflowsAxis to ClassificationOfInflowsOutflowsDomain" priority="1" order="2.0"/>
    <loc xlink:type="locator" xlink:href="https://raw.githubusercontent.com/xbrlus/cafr/master/cafr_2019-01-16.xsd#cafr_PropertyTaxesMember" xlink:label="PropertyTaxesMember" xlink:title="PropertyTaxesMember"/>
    <definitionArc xlink:type="arc" xlink:arcrole="http://xbrl.org/int/dim/arcrole/domain-member" xlink:from="ClassificationOfInflowsOutflowsDomain" xlink:to="PropertyTaxesMember" xlink:title="definition: ClassificationOfInflowsOutflowsDomain to PropertyTaxesMember" order="1.0"/>
    <loc xlink:type="locator" xlink:href="https://raw.githubusercontent.com/xbrlus/cafr/master/cafr_2019-01-16.xsd#cafr_OtherClassificationOfDeferredInflowsOutflowsMember" xlink:label="OtherClassificationOfDeferredInflowsOutflowsMember" xlink:title="OtherClassificationOfDeferredInflowsOutflowsMember"/>
    <definitionArc xlink:type="arc" xlink:arcrole="http://xbrl.org/int/dim/arcrole/domain-member" xlink:from="ClassificationOfInflowsOutflowsDomain" xlink:to="OtherClassificationOfDeferredInflowsOutflowsMember" xlink:title="definition: ClassificationOfInflowsOutflowsDomain to OtherClassificationOfDeferredInflowsOutflowsMember" order="2.0"/>
    <loc xlink:type="locator" xlink:href="va-t-ashl-20170630.xsd#va-t-ashl_DeferredInflowsOfResourcesAbstract" xlink:label="DeferredInflowsOfResourcesAbstract" xlink:title="DeferredInflowsOfResourcesAbstract"/>
    <loc xlink:type="locator" xlink:href="https://raw.githubusercontent.com/xbrlus/cafr/master/cafr_2019-01-16.xsd#cafr_DeferredInflowsOfResources" xlink:label="DeferredInflowsOfResources" xlink:title="DeferredInflowsOfResources"/>
    <definitionArc xlink:type="arc" xlink:arcrole="http://xbrl.org/int/dim/arcrole/domain-member" xlink:from="DeferredInflowsOfResourcesAbstract" xlink:to="DeferredInflowsOfResources" xlink:title="definition: DeferredInflowsOfResourcesAbstract to DeferredInflowsOfResources" order="1.0"/>
    <loc xlink:type="locator" xlink:href="https://raw.githubusercontent.com/xbrlus/cafr/master/cafr_2019-01-16.xsd#cafr_BalanceSheetAbstract" xlink:label="BalanceSheetAbstract" xlink:title="BalanceSheetAbstract"/>
    <loc xlink:type="locator" xlink:href="https://raw.githubusercontent.com/xbrlus/cafr/master/cafr_2019-01-16.xsd#cafr_BalanceSheetLineItems" xlink:label="BalanceSheetLineItems"/>
    <definitionArc xlink:type="arc" xlink:arcrole="http://xbrl.org/int/dim/arcrole/domain-member" xlink:from="BalanceSheetAbstract" xlink:to="BalanceSheetLineItems" xlink:title="definition: BalanceSheetAbstract to BalanceSheetLineItems" order="1.0"/>
    <loc xlink:type="locator" xlink:href="https://raw.githubusercontent.com/xbrlus/cafr/master/cafr_2019-01-16.xsd#cafr_BalanceSheetGovernmentFundsTable" xlink:label="BalanceSheetGovernmentFundsTable"/>
    <definitionArc xlink:type="arc" xlink:arcrole="http://xbrl.org/int/dim/arcrole/all" xlink:from="BalanceSheetLineItems" xlink:to="BalanceSheetGovernmentFundsTable" xlink:title="definition: BalanceSheetLineItems to BalanceSheetGovernmentFundsTable" order="1.0" xbrldt:closed="true" xbrldt:contextElement="segment"/>
    <loc xlink:type="locator" xlink:href="https://raw.githubusercontent.com/xbrlus/cafr/master/cafr_2019-01-16.xsd#cafr_ClassificationOfFundTypeAxis" xlink:label="ClassificationOfFundTypeAxis"/>
    <definitionArc xlink:type="arc" xlink:arcrole="http://xbrl.org/int/dim/arcrole/hypercube-dimension" xlink:from="BalanceSheetGovernmentFundsTable" xlink:to="ClassificationOfFundTypeAxis" xlink:title="definition: BalanceSheetGovernmentFundsTable to ClassificationOfFundTypeAxis" order="1.0"/>
    <loc xlink:type="locator" xlink:href="https://raw.githubusercontent.com/xbrlus/cafr/master/cafr_2019-01-16.xsd#cafr_ClassificationOfFundTypeDomain" xlink:label="ClassificationOfFundTypeDomain"/>
    <definitionArc xlink:type="arc" xlink:arcrole="http://xbrl.org/int/dim/arcrole/dimension-domain" xlink:from="ClassificationOfFundTypeAxis" xlink:to="ClassificationOfFundTypeDomain" xlink:title="definition: ClassificationOfFundTypeAxis to ClassificationOfFundTypeDomain" order="1.0"/>
    <loc xlink:type="locator" xlink:href="https://raw.githubusercontent.com/xbrlus/cafr/master/cafr_2019-01-16.xsd#cafr_ClassificationOfFundTypeDomain" xlink:label="ClassificationOfFundTypeDomain_2"/>
    <definitionArc xlink:type="arc" xlink:arcrole="http://xbrl.org/int/dim/arcrole/dimension-default" xlink:from="ClassificationOfFundTypeAxis" xlink:to="ClassificationOfFundTypeDomain_2" xlink:title="definition: ClassificationOfFundTypeAxis to ClassificationOfFundTypeDomain" priority="1" order="2.0"/>
    <loc xlink:type="locator" xlink:href="https://raw.githubusercontent.com/xbrlus/cafr/master/cafr_2019-01-16.xsd#cafr_GovernmentalFundsMember" xlink:label="GovernmentalFundsMember"/>
    <definitionArc xlink:type="arc" xlink:arcrole="http://xbrl.org/int/dim/arcrole/domain-member" xlink:from="ClassificationOfFundTypeDomain" xlink:to="GovernmentalFundsMember" xlink:title="definition: ClassificationOfFundTypeDomain to GovernmentalFundsMember" order="1.0"/>
    <loc xlink:type="locator" xlink:href="https://raw.githubusercontent.com/xbrlus/cafr/master/cafr_2019-01-16.xsd#cafr_GeneralFundMember" xlink:label="GeneralFundMember"/>
    <definitionArc xlink:type="arc" xlink:arcrole="http://xbrl.org/int/dim/arcrole/domain-member" xlink:from="GovernmentalFundsMember" xlink:to="GeneralFundMember" xlink:title="definition: GovernmentalFundsMember to GeneralFundMember" order="1.0"/>
    <loc xlink:type="locator" xlink:href="https://raw.githubusercontent.com/xbrlus/cafr/master/cafr_2019-01-16.xsd#cafr_CapitalProjectsFundMember" xlink:label="CapitalProjectsFundMember"/>
    <definitionArc xlink:type="arc" xlink:arcrole="http://xbrl.org/int/dim/arcrole/domain-member" xlink:from="GovernmentalFundsMember" xlink:to="CapitalProjectsFundMember" xlink:title="definition: GovernmentalFundsMember to CapitalProjectsFundMember" order="2.0"/>
    <definitionArc xlink:type="arc" xlink:arcrole="http://xbrl.org/int/dim/arcrole/hypercube-dimension" xlink:from="BalanceSheetGovernmentFundsTable" xlink:to="ClassificationOfDueToDueFromAxis" xlink:title="definition: BalanceSheetGovernmentFundsTable to ClassificationOfDueToDueFromAxis" order="2.0"/>
    <definitionArc xlink:type="arc" xlink:arcrole="http://xbrl.org/int/dim/arcrole/hypercube-dimension" xlink:from="BalanceSheetGovernmentFundsTable" xlink:to="ClassificationOfInflowsOutflowsAxis" xlink:title="definition: BalanceSheetGovernmentFundsTable to ClassificationOfInflowsOutflowsAxis" order="3.0"/>
    <definitionArc xlink:type="arc" xlink:arcrole="http://xbrl.org/int/dim/arcrole/domain-member" xlink:from="BalanceSheetLineItems" xlink:to="AssetsAbstract" xlink:title="definition: BalanceSheetLineItems to AssetsAbstract" order="2.0"/>
    <definitionArc xlink:type="arc" xlink:arcrole="http://xbrl.org/int/dim/arcrole/domain-member" xlink:from="BalanceSheetLineItems" xlink:to="LiabilitiesAbstract" xlink:title="definition: BalanceSheetLineItems to LiabilitiesAbstract" order="3.0"/>
    <definitionArc xlink:type="arc" xlink:arcrole="http://xbrl.org/int/dim/arcrole/domain-member" xlink:from="BalanceSheetLineItems" xlink:to="DeferredInflowsOfResourcesAbstract" xlink:title="definition: BalanceSheetLineItems to DeferredInflowsOfResourcesAbstract" order="4.0"/>
    <loc xlink:type="locator" xlink:href="va-t-ashl-20170630.xsd#va-t-ashl_FundBalancesAbstract" xlink:label="FundBalancesAbstract" xlink:title="FundBalancesAbstract"/>
    <definitionArc xlink:type="arc" xlink:arcrole="http://xbrl.org/int/dim/arcrole/domain-member" xlink:from="BalanceSheetLineItems" xlink:to="FundBalancesAbstract" xlink:title="definition: BalanceSheetLineItems to FundBalancesAbstract" order="5.0"/>
    <loc xlink:type="locator" xlink:href="https://raw.githubusercontent.com/xbrlus/cafr/master/cafr_2019-01-16.xsd#cafr_CommittedFundBalance" xlink:label="CommittedFundBalance"/>
    <definitionArc xlink:type="arc" xlink:arcrole="http://xbrl.org/int/dim/arcrole/domain-member" xlink:from="FundBalancesAbstract" xlink:to="CommittedFundBalance" xlink:title="definition: FundBalancesAbstract to CommittedFundBalance" order="1.0"/>
    <loc xlink:type="locator" xlink:href="https://raw.githubusercontent.com/xbrlus/cafr/master/cafr_2019-01-16.xsd#cafr_UnassignedFundBalance" xlink:label="UnassignedFundBalance"/>
    <definitionArc xlink:type="arc" xlink:arcrole="http://xbrl.org/int/dim/arcrole/domain-member" xlink:from="FundBalancesAbstract" xlink:to="UnassignedFundBalance" xlink:title="definition: FundBalancesAbstract to UnassignedFundBalance" order="2.0"/>
    <loc xlink:type="locator" xlink:href="https://raw.githubusercontent.com/xbrlus/cafr/master/cafr_2019-01-16.xsd#cafr_TotalFundBalance" xlink:label="TotalFundBalance"/>
    <definitionArc xlink:type="arc" xlink:arcrole="http://xbrl.org/int/dim/arcrole/domain-member" xlink:from="FundBalancesAbstract" xlink:to="TotalFundBalance" xlink:title="definition: FundBalancesAbstract to TotalFundBalance" order="3.0"/>
    <loc xlink:type="locator" xlink:href="va-t-ashl-20170630.xsd#va-t-ashl_LiabilitiesDeferredInflowsOfResourcesAndFundBalances" xlink:label="LiabilitiesDeferredInflowsOfResourcesAndFundBalances" xlink:title="LiabilitiesDeferredInflowsOfResourcesAndFundBalances"/>
    <definitionArc xlink:type="arc" xlink:arcrole="http://xbrl.org/int/dim/arcrole/domain-member" xlink:from="BalanceSheetLineItems" xlink:to="LiabilitiesDeferredInflowsOfResourcesAndFundBalances" xlink:title="definition: BalanceSheetLineItems to LiabilitiesDeferredInflowsOfResourcesAndFundBalances" order="6.0"/>
  </definitionLink>
  <definitionLink xlink:type="extended" xlink:role="http://www.town.ashland.va.us/role/statementOfRevenuesExpendituresAndChangesInFundBalanceGovernmentalFunds">
    <loc xlink:type="locator" xlink:href="https://raw.githubusercontent.com/xbrlus/cafr/master/cafr_2019-01-16.xsd#cafr_NameOfProgramOrFunctionAxis" xlink:label="NameOfProgramOrFunctionAxis" xlink:title="NameOfProgramOrFunctionAxis"/>
    <loc xlink:type="locator" xlink:href="https://raw.githubusercontent.com/xbrlus/cafr/master/cafr_2019-01-16.xsd#cafr_NameOfProgramOrFunctionDomain" xlink:label="NameOfProgramOrFunctionDomain" xlink:title="NameOfProgramOrFunctionDomain"/>
    <definitionArc xlink:type="arc" xlink:arcrole="http://xbrl.org/int/dim/arcrole/dimension-domain" xlink:from="NameOfProgramOrFunctionAxis" xlink:to="NameOfProgramOrFunctionDomain" xlink:title="definition: NameOfProgramOrFunctionAxis to NameOfProgramOrFunctionDomain" order="1.0"/>
    <loc xlink:type="locator" xlink:href="https://raw.githubusercontent.com/xbrlus/cafr/master/cafr_2019-01-16.xsd#cafr_NameOfProgramOrFunctionDomain" xlink:label="NameOfProgramOrFunctionDomain_2" xlink:title="NameOfProgramOrFunctionDomain"/>
    <definitionArc xlink:type="arc" xlink:arcrole="http://xbrl.org/int/dim/arcrole/dimension-default" xlink:from="NameOfProgramOrFunctionAxis" xlink:to="NameOfProgramOrFunctionDomain_2" xlink:title="definition: NameOfProgramOrFunctionAxis to NameOfProgramOrFunctionDomain" priority="1" order="2.0"/>
    <loc xlink:type="locator" xlink:href="https://raw.githubusercontent.com/xbrlus/cafr/master/cafr_2019-01-16.xsd#cafr_PublicWorksMember" xlink:label="PublicWorksMember" xlink:title="PublicWorksMember"/>
    <definitionArc xlink:type="arc" xlink:arcrole="http://xbrl.org/int/dim/arcrole/domain-member" xlink:from="NameOfProgramOrFunctionDomain" xlink:to="PublicWorksMember" xlink:title="definition: NameOfProgramOrFunctionDomain to PublicWorksMember" order="3.0"/>
    <loc xlink:type="locator" xlink:href="va-t-ashl-20170630.xsd#va-t-ashl_GeneralGovernmentAdministrationMember" xlink:label="GeneralGovernmentAdministrationMember" xlink:title="GeneralGovernmentAdministrationMember"/>
    <definitionArc xlink:type="arc" xlink:arcrole="http://xbrl.org/int/dim/arcrole/domain-member" xlink:from="NameOfProgramOrFunctionDomain" xlink:to="GeneralGovernmentAdministrationMember" xlink:title="definition: NameOfProgramOrFunctionDomain to GeneralGovernmentAdministrationMember" order="1.0"/>
    <loc xlink:type="locator" xlink:href="va-t-ashl-20170630.xsd#va-t-ashl_PublicSafetyMember" xlink:label="PublicSafetyMember" xlink:title="PublicSafetyMember"/>
    <definitionArc xlink:type="arc" xlink:arcrole="http://xbrl.org/int/dim/arcrole/domain-member" xlink:from="NameOfProgramOrFunctionDomain" xlink:to="PublicSafetyMember" xlink:title="definition: NameOfProgramOrFunctionDomain to PublicSafetyMember" order="2.0"/>
    <loc xlink:type="locator" xlink:href="va-t-ashl-20170630.xsd#va-t-ashl_ParksRecreationAndCulturalMember" xlink:label="ParksRecreationAndCulturalMember" xlink:title="ParksRecreationAndCulturalMember"/>
    <definitionArc xlink:type="arc" xlink:arcrole="http://xbrl.org/int/dim/arcrole/domain-member" xlink:from="NameOfProgramOrFunctionDomain" xlink:to="ParksRecreationAndCulturalMember" xlink:title="definition: NameOfProgramOrFunctionDomain to ParksRecreationAndCulturalMember" order="4.0"/>
    <loc xlink:type="locator" xlink:href="va-t-ashl-20170630.xsd#cafr_CommunityDevelopmentMember" xlink:label="CommunityDevelopmentMember" xlink:title="CommunityDevelopmentMember"/>
    <definitionArc xlink:type="arc" xlink:arcrole="http://xbrl.org/int/dim/arcrole/domain-member" xlink:from="NameOfProgramOrFunctionDomain" xlink:to="CommunityDevelopmentMember" xlink:title="definition: NameOfProgramOrFunctionDomain to CommunityDevelopmentMember" order="5.0"/>
    <loc xlink:type="locator" xlink:href="va-t-ashl-20170630.xsd#cafr_CapitalProjectsMember" xlink:label="CapitalProjectsMember" xlink:title="CapitalProjectsMember"/>
    <definitionArc xlink:type="arc" xlink:arcrole="http://xbrl.org/int/dim/arcrole/domain-member" xlink:from="NameOfProgramOrFunctionDomain" xlink:to="CapitalProjectsMember" xlink:title="definition: NameOfProgramOrFunctionDomain to CapitalProjectsMember" order="7.0"/>
    <loc xlink:type="locator" xlink:href="va-t-ashl-20170630.xsd#va-t-ashl_ClassificationOfGeneralRevenueAxis" xlink:label="ClassificationOfGeneralRevenueAxis" xlink:title="ClassificationOfGeneralRevenueAxis"/>
    <loc xlink:type="locator" xlink:href="va-t-ashl-20170630.xsd#va-t-ashl_ClassificationOfGeneralRevenueDomain" xlink:label="ClassificationOfGeneralRevenueDomain" xlink:title="ClassificationOfGeneralRevenueDomain"/>
    <definitionArc xlink:type="arc" xlink:arcrole="http://xbrl.org/int/dim/arcrole/dimension-domain" xlink:from="ClassificationOfGeneralRevenueAxis" xlink:to="ClassificationOfGeneralRevenueDomain" xlink:title="definition: ClassificationOfGeneralRevenueAxis to ClassificationOfGeneralRevenueDomain" order="1.0"/>
    <loc xlink:type="locator" xlink:href="va-t-ashl-20170630.xsd#va-t-ashl_ClassificationOfGeneralRevenueDomain" xlink:label="ClassificationOfGeneralRevenueDomain_2" xlink:title="ClassificationOfGeneralRevenueDomain"/>
    <definitionArc xlink:type="arc" xlink:arcrole="http://xbrl.org/int/dim/arcrole/dimension-default" xlink:from="ClassificationOfGeneralRevenueAxis" xlink:to="ClassificationOfGeneralRevenueDomain_2" xlink:title="definition: ClassificationOfGeneralRevenueAxis to ClassificationOfGeneralRevenueDomain" priority="1" order="2.0"/>
    <loc xlink:type="locator" xlink:href="va-t-ashl-20170630.xsd#va-t-ashl_GeneralPropertyTaxesMember" xlink:label="GeneralPropertyTaxesMember" xlink:title="GeneralPropertyTaxesMember"/>
    <definitionArc xlink:type="arc" xlink:arcrole="http://xbrl.org/int/dim/arcrole/domain-member" xlink:from="ClassificationOfGeneralRevenueDomain" xlink:to="GeneralPropertyTaxesMember" xlink:title="definition: ClassificationOfGeneralRevenueDomain to GeneralPropertyTaxesMember" order="1.0"/>
    <loc xlink:type="locator" xlink:href="va-t-ashl-20170630.xsd#va-t-ashl_OtherLocalTaxesMember" xlink:label="OtherLocalTaxesMember" xlink:title="OtherLocalTaxesMember"/>
    <definitionArc xlink:type="arc" xlink:arcrole="http://xbrl.org/int/dim/arcrole/domain-member" xlink:from="ClassificationOfGeneralRevenueDomain" xlink:to="OtherLocalTaxesMember" xlink:title="definition: ClassificationOfGeneralRevenueDomain to OtherLocalTaxesMember" order="2.0"/>
    <loc xlink:type="locator" xlink:href="https://raw.githubusercontent.com/xbrlus/cafr/master/cafr_2019-01-16.xsd#cafr_ClassificationOfFundTypeAxis" xlink:label="ClassificationOfFundTypeAxis"/>
    <loc xlink:type="locator" xlink:href="https://raw.githubusercontent.com/xbrlus/cafr/master/cafr_2019-01-16.xsd#cafr_ClassificationOfFundTypeDomain" xlink:label="ClassificationOfFundTypeDomain" xlink:title="ClassificationOfFundTypeDomain"/>
    <definitionArc xlink:type="arc" xlink:arcrole="http://xbrl.org/int/dim/arcrole/dimension-domain" xlink:from="ClassificationOfFundTypeAxis" xlink:to="ClassificationOfFundTypeDomain" xlink:title="definition: ClassificationOfFundTypeAxis to ClassificationOfFundTypeDomain" order="1.0"/>
    <loc xlink:type="locator" xlink:href="https://raw.githubusercontent.com/xbrlus/cafr/master/cafr_2019-01-16.xsd#cafr_ClassificationOfFundTypeDomain" xlink:label="ClassificationOfFundTypeDomain_2" xlink:title="ClassificationOfFundTypeDomain"/>
    <definitionArc xlink:type="arc" xlink:arcrole="http://xbrl.org/int/dim/arcrole/dimension-default" xlink:from="ClassificationOfFundTypeAxis" xlink:to="ClassificationOfFundTypeDomain_2" xlink:title="definition: ClassificationOfFundTypeAxis to ClassificationOfFundTypeDomain" priority="1" order="2.0"/>
    <loc xlink:type="locator" xlink:href="https://raw.githubusercontent.com/xbrlus/cafr/master/cafr_2019-01-16.xsd#cafr_GovernmentalFundsMember" xlink:label="GovernmentalFundsMember" xlink:title="GovernmentalFundsMember"/>
    <definitionArc xlink:type="arc" xlink:arcrole="http://xbrl.org/int/dim/arcrole/domain-member" xlink:from="ClassificationOfFundTypeDomain" xlink:to="GovernmentalFundsMember" xlink:title="definition: ClassificationOfFundTypeDomain to GovernmentalFundsMember" order="3.0"/>
    <loc xlink:type="locator" xlink:href="https://raw.githubusercontent.com/xbrlus/cafr/master/cafr_2019-01-16.xsd#cafr_GeneralFundMember" xlink:label="GeneralFundMember" xlink:title="GeneralFundMember"/>
    <definitionArc xlink:type="arc" xlink:arcrole="http://xbrl.org/int/dim/arcrole/domain-member" xlink:from="ClassificationOfFundTypeDomain" xlink:to="GeneralFundMember" xlink:title="definition: ClassificationOfFundTypeDomain to GeneralFundMember" order="1.0"/>
    <loc xlink:type="locator" xlink:href="https://raw.githubusercontent.com/xbrlus/cafr/master/cafr_2019-01-16.xsd#cafr_CapitalProjectsFundMember" xlink:label="CapitalProjectsFundMember" xlink:title="CapitalProjectsFundMember"/>
    <definitionArc xlink:type="arc" xlink:arcrole="http://xbrl.org/int/dim/arcrole/domain-member" xlink:from="ClassificationOfFundTypeDomain" xlink:to="CapitalProjectsFundMember" xlink:title="definition: ClassificationOfFundTypeDomain to CapitalProjectsFundMember" order="2.0"/>
    <loc xlink:type="locator" xlink:href="https://raw.githubusercontent.com/xbrlus/cafr/master/cafr_2019-01-16.xsd#cafr_StatementOfRevenuesExpendituresAndChangesAbstract" xlink:label="StatementOfRevenuesExpendituresAndChangesAbstract" xlink:title="StatementOfRevenuesExpendituresAndChangesAbstract"/>
    <loc xlink:type="locator" xlink:href="https://raw.githubusercontent.com/xbrlus/cafr/master/cafr_2019-01-16.xsd#cafr_IncomeStatementGovernmentalFundsLineItems" xlink:label="IncomeStatementGovernmentalFundsLineItems"/>
    <definitionArc xlink:type="arc" xlink:arcrole="http://xbrl.org/int/dim/arcrole/domain-member" xlink:from="StatementOfRevenuesExpendituresAndChangesAbstract" xlink:to="IncomeStatementGovernmentalFundsLineItems" xlink:title="definition: StatementOfRevenuesExpendituresAndChangesAbstract to IncomeStatementGovernmentalFundsLineItems" order="1.0"/>
    <loc xlink:type="locator" xlink:href="https://raw.githubusercontent.com/xbrlus/cafr/master/cafr_2019-01-16.xsd#cafr_IncomeStatementGovernmentalFundsTable" xlink:label="IncomeStatementGovernmentalFundsTable"/>
    <definitionArc xlink:type="arc" xlink:arcrole="http://xbrl.org/int/dim/arcrole/all" xlink:from="IncomeStatementGovernmentalFundsLineItems" xlink:to="IncomeStatementGovernmentalFundsTable" xlink:title="definition: IncomeStatementGovernmentalFundsLineItems to IncomeStatementGovernmentalFundsTable" order="1.0" xbrldt:closed="true" xbrldt:contextElement="segment"/>
    <definitionArc xlink:type="arc" xlink:arcrole="http://xbrl.org/int/dim/arcrole/hypercube-dimension" xlink:from="IncomeStatementGovernmentalFundsTable" xlink:to="ClassificationOfFundTypeAxis" xlink:title="definition: IncomeStatementGovernmentalFundsTable to ClassificationOfFundTypeAxis" order="1.0"/>
    <definitionArc xlink:type="arc" xlink:arcrole="http://xbrl.org/int/dim/arcrole/hypercube-dimension" xlink:from="IncomeStatementGovernmentalFundsTable" xlink:to="ClassificationOfGeneralRevenueAxis" xlink:title="definition: IncomeStatementGovernmentalFundsTable to ClassificationOfGeneralRevenueAxis" order="2.0"/>
    <definitionArc xlink:type="arc" xlink:arcrole="http://xbrl.org/int/dim/arcrole/hypercube-dimension" xlink:from="IncomeStatementGovernmentalFundsTable" xlink:to="NameOfProgramOrFunctionAxis" xlink:title="definition: IncomeStatementGovernmentalFundsTable to NameOfProgramOrFunctionAxis" order="3.0"/>
    <loc xlink:type="locator" xlink:href="https://raw.githubusercontent.com/xbrlus/cafr/master/cafr_2019-01-16.xsd#cafr_RevenuesAbstract" xlink:label="RevenuesAbstract"/>
    <definitionArc xlink:type="arc" xlink:arcrole="http://xbrl.org/int/dim/arcrole/domain-member" xlink:from="IncomeStatementGovernmentalFundsLineItems" xlink:to="RevenuesAbstract" xlink:title="definition: IncomeStatementGovernmentalFundsLineItems to RevenuesAbstract" order="2.0"/>
    <loc xlink:type="locator" xlink:href="https://raw.githubusercontent.com/xbrlus/cafr/master/cafr_2019-01-16.xsd#cafr_TaxRevenues" xlink:label="TaxRevenues"/>
    <definitionArc xlink:type="arc" xlink:arcrole="http://xbrl.org/int/dim/arcrole/domain-member" xlink:from="RevenuesAbstract" xlink:to="TaxRevenues" xlink:title="definition: RevenuesAbstract to TaxRevenues" order="1.0"/>
    <loc xlink:type="locator" xlink:href="https://raw.githubusercontent.com/xbrlus/cafr/master/cafr_2019-01-16.xsd#cafr_LicensesAndPermits" xlink:label="LicensesAndPermits"/>
    <definitionArc xlink:type="arc" xlink:arcrole="http://xbrl.org/int/dim/arcrole/domain-member" xlink:from="RevenuesAbstract" xlink:to="LicensesAndPermits" xlink:title="definition: RevenuesAbstract to LicensesAndPermits" order="2.0"/>
    <loc xlink:type="locator" xlink:href="https://raw.githubusercontent.com/xbrlus/cafr/master/cafr_2019-01-16.xsd#cafr_IntergovernmentalFundRevenues" xlink:label="IntergovernmentalFundRevenues"/>
    <definitionArc xlink:type="arc" xlink:arcrole="http://xbrl.org/int/dim/arcrole/domain-member" xlink:from="RevenuesAbstract" xlink:to="IntergovernmentalFundRevenues" xlink:title="definition: RevenuesAbstract to IntergovernmentalFundRevenues" order="8.0"/>
    <loc xlink:type="locator" xlink:href="https://raw.githubusercontent.com/xbrlus/cafr/master/cafr_2019-01-16.xsd#cafr_ChargesForServices" xlink:label="ChargesForServices"/>
    <definitionArc xlink:type="arc" xlink:arcrole="http://xbrl.org/int/dim/arcrole/domain-member" xlink:from="RevenuesAbstract" xlink:to="ChargesForServices" xlink:title="definition: RevenuesAbstract to ChargesForServices" order="5.0"/>
    <loc xlink:type="locator" xlink:href="https://raw.githubusercontent.com/xbrlus/cafr/master/cafr_2019-01-16.xsd#cafr_FinesAndForfeitsRevenue" xlink:label="FinesAndForfeitsRevenue"/>
    <definitionArc xlink:type="arc" xlink:arcrole="http://xbrl.org/int/dim/arcrole/domain-member" xlink:from="RevenuesAbstract" xlink:to="FinesAndForfeitsRevenue" xlink:title="definition: RevenuesAbstract to FinesAndForfeitsRevenue" order="3.0"/>
    <loc xlink:type="locator" xlink:href="https://raw.githubusercontent.com/xbrlus/cafr/master/cafr_2019-01-16.xsd#cafr_MiscellaneousRevenues" xlink:label="MiscellaneousRevenues"/>
    <definitionArc xlink:type="arc" xlink:arcrole="http://xbrl.org/int/dim/arcrole/domain-member" xlink:from="RevenuesAbstract" xlink:to="MiscellaneousRevenues" xlink:title="definition: RevenuesAbstract to MiscellaneousRevenues" order="6.0"/>
    <loc xlink:type="locator" xlink:href="https://raw.githubusercontent.com/xbrlus/cafr/master/cafr_2019-01-16.xsd#cafr_Revenues" xlink:label="Revenues"/>
    <definitionArc xlink:type="arc" xlink:arcrole="http://xbrl.org/int/dim/arcrole/domain-member" xlink:from="RevenuesAbstract" xlink:to="Revenues" xlink:title="definition: RevenuesAbstract to Revenues" order="9.0"/>
    <loc xlink:type="locator" xlink:href="va-t-ashl-20170630.xsd#va-t-ashl_UseOfMoneyAndProperty" xlink:label="UseOfMoneyAndProperty" xlink:title="UseOfMoneyAndProperty"/>
    <definitionArc xlink:type="arc" xlink:arcrole="http://xbrl.org/int/dim/arcrole/domain-member" xlink:from="RevenuesAbstract" xlink:to="UseOfMoneyAndProperty" xlink:title="definition: RevenuesAbstract to UseOfMoneyAndProperty" order="4.0"/>
    <loc xlink:type="locator" xlink:href="va-t-ashl-20170630.xsd#va-t-ashl_RecoveredCosts" xlink:label="RecoveredCosts" xlink:title="RecoveredCosts"/>
    <definitionArc xlink:type="arc" xlink:arcrole="http://xbrl.org/int/dim/arcrole/domain-member" xlink:from="RevenuesAbstract" xlink:to="RecoveredCosts" xlink:title="definition: RevenuesAbstract to RecoveredCosts" order="7.0"/>
    <loc xlink:type="locator" xlink:href="https://raw.githubusercontent.com/xbrlus/cafr/master/cafr_2019-01-16.xsd#cafr_ExpendituresAbstract" xlink:label="ExpendituresAbstract"/>
    <definitionArc xlink:type="arc" xlink:arcrole="http://xbrl.org/int/dim/arcrole/domain-member" xlink:from="IncomeStatementGovernmentalFundsLineItems" xlink:to="ExpendituresAbstract" xlink:title="definition: IncomeStatementGovernmentalFundsLineItems to ExpendituresAbstract" order="3.0"/>
    <loc xlink:type="locator" xlink:href="https://raw.githubusercontent.com/xbrlus/cafr/master/cafr_2019-01-16.xsd#cafr_Expenditures" xlink:label="Expenditures"/>
    <definitionArc xlink:type="arc" xlink:arcrole="http://xbrl.org/int/dim/arcrole/domain-member" xlink:from="ExpendituresAbstract" xlink:to="Expenditures" xlink:title="definition: ExpendituresAbstract to Expenditures" order="1.0"/>
    <loc xlink:type="locator" xlink:href="https://raw.githubusercontent.com/xbrlus/cafr/master/cafr_2019-01-16.xsd#cafr_OtherFinancingSourcesAndUsesAbstract" xlink:label="OtherFinancingSourcesAndUsesAbstract"/>
    <definitionArc xlink:type="arc" xlink:arcrole="http://xbrl.org/int/dim/arcrole/domain-member" xlink:from="IncomeStatementGovernmentalFundsLineItems" xlink:to="OtherFinancingSourcesAndUsesAbstract" xlink:title="definition: IncomeStatementGovernmentalFundsLineItems to OtherFinancingSourcesAndUsesAbstract" order="5.0"/>
    <loc xlink:type="locator" xlink:href="https://raw.githubusercontent.com/xbrlus/cafr/master/cafr_2019-01-16.xsd#cafr_OtherFinancingSourcesAndUsesIncludingTransfers" xlink:label="OtherFinancingSourcesAndUsesIncludingTransfers"/>
    <definitionArc xlink:type="arc" xlink:arcrole="http://xbrl.org/int/dim/arcrole/domain-member" xlink:from="OtherFinancingSourcesAndUsesAbstract" xlink:to="OtherFinancingSourcesAndUsesIncludingTransfers" xlink:title="definition: OtherFinancingSourcesAndUsesAbstract to OtherFinancingSourcesAndUsesIncludingTransfers" order="2.0"/>
    <loc xlink:type="locator" xlink:href="va-t-ashl-20170630.xsd#va-t-ashl_TransfersInOut" xlink:label="TransfersInOut" xlink:title="TransfersInOut"/>
    <definitionArc xlink:type="arc" xlink:arcrole="http://xbrl.org/int/dim/arcrole/domain-member" xlink:from="OtherFinancingSourcesAndUsesAbstract" xlink:to="TransfersInOut" xlink:title="definition: OtherFinancingSourcesAndUsesAbstract to TransfersInOut" order="1.0"/>
    <loc xlink:type="locator" xlink:href="va-t-ashl-20170630.xsd#va-t-ashl_RevenuesOverUnderExpenditures" xlink:label="RevenuesOverUnderExpenditures" xlink:title="RevenuesOverUnderExpenditures"/>
    <definitionArc xlink:type="arc" xlink:arcrole="http://xbrl.org/int/dim/arcrole/domain-member" xlink:from="IncomeStatementGovernmentalFundsLineItems" xlink:to="RevenuesOverUnderExpenditures" xlink:title="definition: IncomeStatementGovernmentalFundsLineItems to RevenuesOverUnderExpenditures" order="4.0"/>
    <loc xlink:type="locator" xlink:href="https://raw.githubusercontent.com/xbrlus/cafr/master/cafr_2019-01-16.xsd#cafr_NetChangeInFundBalances" xlink:label="NetChangeInFundBalances"/>
    <definitionArc xlink:type="arc" xlink:arcrole="http://xbrl.org/int/dim/arcrole/domain-member" xlink:from="IncomeStatementGovernmentalFundsLineItems" xlink:to="NetChangeInFundBalances" xlink:title="definition: IncomeStatementGovernmentalFundsLineItems to NetChangeInFundBalances" order="6.0"/>
    <loc xlink:type="locator" xlink:href="https://raw.githubusercontent.com/xbrlus/cafr/master/cafr_2019-01-16.xsd#cafr_TotalFundBalance" xlink:label="TotalFundBalance"/>
    <definitionArc xlink:type="arc" xlink:arcrole="http://xbrl.org/int/dim/arcrole/domain-member" xlink:from="IncomeStatementGovernmentalFundsLineItems" xlink:to="TotalFundBalance" xlink:title="definition: IncomeStatementGovernmentalFundsLineItems to TotalFundBalance" order="7.0"/>
    <loc xlink:type="locator" xlink:href="https://raw.githubusercontent.com/xbrlus/cafr/master/cafr_2019-01-16.xsd#cafr_TotalFundBalance" xlink:label="TotalFundBalance_2"/>
    <definitionArc xlink:type="arc" xlink:arcrole="http://xbrl.org/int/dim/arcrole/domain-member" xlink:from="IncomeStatementGovernmentalFundsLineItems" xlink:to="TotalFundBalance_2" xlink:title="definition: IncomeStatementGovernmentalFundsLineItems to TotalFundBalance" priority="1" order="8.0"/>
  </definitionLink>
</linkbase>
