<?xml version="1.0" encoding="UTF-8"?>
<!-- Generated by Integix-NextGen -->
<linkbase xmlns:xsi="http://www.w3.org/2001/XMLSchema-instance" xsi:schemaLocation="http://www.xbrl.org/2003/linkbase http://www.xbrl.org/2003/xbrl-linkbase-2003-12-31.xsd" xmlns="http://www.xbrl.org/2003/linkbase" xmlns:xbrli="http://www.xbrl.org/2003/instance" xmlns:xlink="http://www.w3.org/1999/xlink">
  <roleRef roleURI="http://www.xbrl.org/2009/role/netLabel" xlink:type="simple" xlink:href="http://www.xbrl.org/lrr/role/net-2009-12-16.xsd#netLabel"/>
  <roleRef roleURI="http://www.town.ashland.va.us/role/StatementOfActivitiesGovernmentWideProgramGeneralRevenuesAndExpenses" xlink:type="simple" xlink:href="va-t-ashl-20170630.xsd#roleType_StatementOfActivitiesGovernmentWideProgramGeneralRevenuesAndExpenses"/>
  <roleRef roleURI="http://www.town.ashland.va.us/role/StatementOfNetPositionGovernmentWideAssetsLaibilitiesAndDeferredInflowsOutflows" xlink:type="simple" xlink:href="va-t-ashl-20170630.xsd#roleType_STATEMENTOFNETPOSITION"/>
  <roleRef roleURI="http://www.town.ashland.va.us/role/balanceSheetGovernmentalFunds" xlink:type="simple" xlink:href="va-t-ashl-20170630.xsd#roleType_balanceSheetGovernmentalFunds"/>
  <roleRef roleURI="http://www.town.ashland.va.us/role/statementOfRevenuesExpendituresAndChangesInFundBalanceGovernmentalFunds" xlink:type="simple" xlink:href="va-t-ashl-20170630.xsd#roleType_statementOfRevenuesExpendituresAndChangesInFundBalanceGovernmentalFunds"/>
  <presentationLink xlink:type="extended" xlink:role="http://www.town.ashland.va.us/role/StatementOfNetPositionGovernmentWideAssetsLaibilitiesAndDeferredInflowsOutflows">
    <loc xlink:type="locator" xlink:href="https://raw.githubusercontent.com/xbrlus/cafr/master/cafr_2019-01-16.xsd#cafr_StatementOFNetPositionAssetsAndDeferredOutflowsAbstract" xlink:label="StatementOFNetPositionAssetsAndDeferredOutflowsAbstract" xlink:title="StatementOFNetPositionAssetsAndDeferredOutflowsAbstract"/>
    <loc xlink:type="locator" xlink:href="https://raw.githubusercontent.com/xbrlus/cafr/master/cafr_2019-01-16.xsd#cafr_StatementOfNetPositionTable" xlink:label="StatementOfNetPositionTable"/>
    <presentationArc xlink:type="arc" xlink:arcrole="http://www.xbrl.org/2003/arcrole/parent-child" xlink:from="StatementOFNetPositionAssetsAndDeferredOutflowsAbstract" xlink:to="StatementOfNetPositionTable" xlink:title="presentation: StatementOFNetPositionAssetsAndDeferredOutflowsAbstract to StatementOfNetPositionTable" order="1.0"/>
    <loc xlink:type="locator" xlink:href="https://raw.githubusercontent.com/xbrlus/cafr/master/cafr_2019-01-16.xsd#cafr_FinancialReportingEntityAxis" xlink:label="FinancialReportingEntityAxis"/>
    <presentationArc xlink:type="arc" xlink:arcrole="http://www.xbrl.org/2003/arcrole/parent-child" xlink:from="StatementOfNetPositionTable" xlink:to="FinancialReportingEntityAxis" xlink:title="presentation: StatementOfNetPositionTable to FinancialReportingEntityAxis" order="1.0"/>
    <loc xlink:type="locator" xlink:href="https://raw.githubusercontent.com/xbrlus/cafr/master/cafr_2019-01-16.xsd#cafr_FinancialReportingEntityDomain" xlink:label="FinancialReportingEntityDomain"/>
    <presentationArc xlink:type="arc" xlink:arcrole="http://www.xbrl.org/2003/arcrole/parent-child" xlink:from="FinancialReportingEntityAxis" xlink:to="FinancialReportingEntityDomain" xlink:title="presentation: FinancialReportingEntityAxis to FinancialReportingEntityDomain" order="1.0"/>
    <loc xlink:type="locator" xlink:href="https://raw.githubusercontent.com/xbrlus/cafr/master/cafr_2019-01-16.xsd#cafr_PrimaryGovernmentActivitiesMember" xlink:label="PrimaryGovernmentActivitiesMember"/>
    <presentationArc xlink:type="arc" xlink:arcrole="http://www.xbrl.org/2003/arcrole/parent-child" xlink:from="FinancialReportingEntityDomain" xlink:to="PrimaryGovernmentActivitiesMember" xlink:title="presentation: FinancialReportingEntityDomain to PrimaryGovernmentActivitiesMember" order="1.0"/>
    <loc xlink:type="locator" xlink:href="https://raw.githubusercontent.com/xbrlus/cafr/master/cafr_2019-01-16.xsd#cafr_ComponentUnitsMember" xlink:label="ComponentUnitsMember"/>
    <presentationArc xlink:type="arc" xlink:arcrole="http://www.xbrl.org/2003/arcrole/parent-child" xlink:from="FinancialReportingEntityDomain" xlink:to="ComponentUnitsMember" xlink:title="presentation: FinancialReportingEntityDomain to ComponentUnitsMember" order="2.0"/>
    <loc xlink:type="locator" xlink:href="https://raw.githubusercontent.com/xbrlus/cafr/master/cafr_2019-01-16.xsd#cafr_ActivityTypeAxis" xlink:label="ActivityTypeAxis"/>
    <presentationArc xlink:type="arc" xlink:arcrole="http://www.xbrl.org/2003/arcrole/parent-child" xlink:from="StatementOfNetPositionTable" xlink:to="ActivityTypeAxis" xlink:title="presentation: StatementOfNetPositionTable to ActivityTypeAxis" order="2.0"/>
    <loc xlink:type="locator" xlink:href="https://raw.githubusercontent.com/xbrlus/cafr/master/cafr_2019-01-16.xsd#cafr_ActivityTypeDomain" xlink:label="ActivityTypeDomain"/>
    <presentationArc xlink:type="arc" xlink:arcrole="http://www.xbrl.org/2003/arcrole/parent-child" xlink:from="ActivityTypeAxis" xlink:to="ActivityTypeDomain" xlink:title="presentation: ActivityTypeAxis to ActivityTypeDomain" order="1.0"/>
    <loc xlink:type="locator" xlink:href="https://raw.githubusercontent.com/xbrlus/cafr/master/cafr_2019-01-16.xsd#cafr_GovernmentalTypeActivityMember" xlink:label="GovernmentalTypeActivityMember"/>
    <presentationArc xlink:type="arc" xlink:arcrole="http://www.xbrl.org/2003/arcrole/parent-child" xlink:from="ActivityTypeDomain" xlink:to="GovernmentalTypeActivityMember" xlink:title="presentation: ActivityTypeDomain to GovernmentalTypeActivityMember" order="1.0"/>
    <loc xlink:type="locator" xlink:href="https://raw.githubusercontent.com/xbrlus/cafr/master/cafr_2019-01-16.xsd#cafr_ClassificationOfDueToDueFromAxis" xlink:label="ClassificationOfDueToDueFromAxis"/>
    <presentationArc xlink:type="arc" xlink:arcrole="http://www.xbrl.org/2003/arcrole/parent-child" xlink:from="StatementOfNetPositionTable" xlink:to="ClassificationOfDueToDueFromAxis" xlink:title="presentation: StatementOfNetPositionTable to ClassificationOfDueToDueFromAxis" order="7.0"/>
    <loc xlink:type="locator" xlink:href="https://raw.githubusercontent.com/xbrlus/cafr/master/cafr_2019-01-16.xsd#cafr_ClassificationOfDueToDueFromDomain" xlink:label="ClassificationOfDueToDueFromDomain"/>
    <presentationArc xlink:type="arc" xlink:arcrole="http://www.xbrl.org/2003/arcrole/parent-child" xlink:from="ClassificationOfDueToDueFromAxis" xlink:to="ClassificationOfDueToDueFromDomain" xlink:title="presentation: ClassificationOfDueToDueFromAxis to ClassificationOfDueToDueFromDomain" order="1.0"/>
    <loc xlink:type="locator" xlink:href="https://raw.githubusercontent.com/xbrlus/cafr/master/cafr_2019-01-16.xsd#cafr_OtherGovernmentMember" xlink:label="OtherGovernmentMember"/>
    <presentationArc xlink:type="arc" xlink:arcrole="http://www.xbrl.org/2003/arcrole/parent-child" xlink:from="ClassificationOfDueToDueFromDomain" xlink:to="OtherGovernmentMember" xlink:title="presentation: ClassificationOfDueToDueFromDomain to OtherGovernmentMember" order="3.0"/>
    <loc xlink:type="locator" xlink:href="https://raw.githubusercontent.com/xbrlus/cafr/master/cafr_2019-01-16.xsd#cafr_StatementOfNetPositionLineItems" xlink:label="StatementOfNetPositionLineItems_2"/>
    <presentationArc xlink:type="arc" xlink:arcrole="http://www.xbrl.org/2003/arcrole/parent-child" xlink:from="StatementOfNetPositionTable" xlink:to="StatementOfNetPositionLineItems_2" xlink:title="presentation: StatementOfNetPositionTable to StatementOfNetPositionLineItems" priority="1" order="10.0"/>
    <loc xlink:type="locator" xlink:href="https://raw.githubusercontent.com/xbrlus/cafr/master/cafr_2019-01-16.xsd#cafr_StatementOfNetPositionLineItems" xlink:label="StatementOfNetPositionLineItems"/>
    <loc xlink:type="locator" xlink:href="https://raw.githubusercontent.com/xbrlus/cafr/master/cafr_2019-01-16.xsd#cafr_AssetsAbstract" xlink:label="AssetsAbstract"/>
    <presentationArc xlink:type="arc" xlink:arcrole="http://www.xbrl.org/2003/arcrole/parent-child" xlink:from="StatementOfNetPositionLineItems" xlink:to="AssetsAbstract" xlink:title="presentation: StatementOfNetPositionLineItems to AssetsAbstract" order="1.0"/>
    <loc xlink:type="locator" xlink:href="https://raw.githubusercontent.com/xbrlus/cafr/master/cafr_2019-01-16.xsd#cafr_CashAndCashEquivalents" xlink:label="CashAndCashEquivalents"/>
    <presentationArc xlink:type="arc" xlink:arcrole="http://www.xbrl.org/2003/arcrole/parent-child" xlink:from="AssetsAbstract" xlink:to="CashAndCashEquivalents" xlink:title="presentation: AssetsAbstract to CashAndCashEquivalents" order="1.0"/>
    <loc xlink:type="locator" xlink:href="https://raw.githubusercontent.com/xbrlus/cafr/master/cafr_2019-01-16.xsd#cafr_DueFromRelated" xlink:label="DueFromRelated"/>
    <presentationArc xlink:type="arc" xlink:arcrole="http://www.xbrl.org/2003/arcrole/parent-child" xlink:from="AssetsAbstract" xlink:to="DueFromRelated" xlink:title="presentation: AssetsAbstract to DueFromRelated" order="6.0"/>
    <loc xlink:type="locator" xlink:href="https://raw.githubusercontent.com/xbrlus/cafr/master/cafr_2019-01-16.xsd#cafr_Assets" xlink:label="Assets"/>
    <presentationArc xlink:type="arc" xlink:arcrole="http://www.xbrl.org/2003/arcrole/parent-child" xlink:from="AssetsAbstract" xlink:to="Assets" xlink:title="presentation: AssetsAbstract to Assets" order="14.0" preferredLabel="http://www.xbrl.org/2003/role/totalLabel"/>
    <loc xlink:type="locator" xlink:href="va-t-ashl-20170630.xsd#va-t-ashl_ReceivablesNetAbstract" xlink:label="ReceivablesNetAbstract" xlink:title="ReceivablesNetAbstract"/>
    <presentationArc xlink:type="arc" xlink:arcrole="http://www.xbrl.org/2003/arcrole/parent-child" xlink:from="AssetsAbstract" xlink:to="ReceivablesNetAbstract" xlink:title="presentation: AssetsAbstract to ReceivablesNetAbstract" order="2.0"/>
    <loc xlink:type="locator" xlink:href="https://raw.githubusercontent.com/xbrlus/cafr/master/cafr_2019-01-16.xsd#cafr_ReceivablesNet" xlink:label="ReceivablesNet"/>
    <presentationArc xlink:type="arc" xlink:arcrole="http://www.xbrl.org/2003/arcrole/parent-child" xlink:from="ReceivablesNetAbstract" xlink:to="ReceivablesNet" xlink:title="presentation: ReceivablesNetAbstract to ReceivablesNet" order="1.0"/>
    <loc xlink:type="locator" xlink:href="va-t-ashl-20170630.xsd#va-t-ashl_PrepaidAbstract" xlink:label="PrepaidAbstract" xlink:title="PrepaidAbstract"/>
    <presentationArc xlink:type="arc" xlink:arcrole="http://www.xbrl.org/2003/arcrole/parent-child" xlink:from="AssetsAbstract" xlink:to="PrepaidAbstract" xlink:title="presentation: AssetsAbstract to PrepaidAbstract" order="7.0"/>
    <loc xlink:type="locator" xlink:href="https://raw.githubusercontent.com/xbrlus/cafr/master/cafr_2019-01-16.xsd#cafr_PrepaidItems" xlink:label="PrepaidItems"/>
    <presentationArc xlink:type="arc" xlink:arcrole="http://www.xbrl.org/2003/arcrole/parent-child" xlink:from="PrepaidAbstract" xlink:to="PrepaidItems" xlink:title="presentation: PrepaidAbstract to PrepaidItems" order="1.0"/>
    <loc xlink:type="locator" xlink:href="va-t-ashl-20170630.xsd#va-t-ashl_CapitalAssetsAbstract" xlink:label="CapitalAssetsAbstract" xlink:title="CapitalAssetsAbstract"/>
    <presentationArc xlink:type="arc" xlink:arcrole="http://www.xbrl.org/2003/arcrole/parent-child" xlink:from="AssetsAbstract" xlink:to="CapitalAssetsAbstract" xlink:title="presentation: AssetsAbstract to CapitalAssetsAbstract" order="8.0"/>
    <loc xlink:type="locator" xlink:href="https://raw.githubusercontent.com/xbrlus/cafr/master/cafr_2019-01-16.xsd#cafr_CapitalAssetsNet" xlink:label="CapitalAssetsNet"/>
    <presentationArc xlink:type="arc" xlink:arcrole="http://www.xbrl.org/2003/arcrole/parent-child" xlink:from="CapitalAssetsAbstract" xlink:to="CapitalAssetsNet" xlink:title="presentation: CapitalAssetsAbstract to CapitalAssetsNet" order="1.0"/>
    <loc xlink:type="locator" xlink:href="va-t-ashl-20170630.xsd#va-t-ashl_AccumulatedDepreciationAndAmortizationCapitalAssets" xlink:label="AccumulatedDepreciationAndAmortizationCapitalAssets" xlink:title="AccumulatedDepreciationAndAmortizationCapitalAssets"/>
    <presentationArc xlink:type="arc" xlink:arcrole="http://www.xbrl.org/2003/arcrole/parent-child" xlink:from="AssetsAbstract" xlink:to="AccumulatedDepreciationAndAmortizationCapitalAssets" xlink:title="presentation: AssetsAbstract to AccumulatedDepreciationAndAmortizationCapitalAssets" order="13.0"/>
    <loc xlink:type="locator" xlink:href="https://raw.githubusercontent.com/xbrlus/cafr/master/cafr_2019-01-16.xsd#cafr_LiabilitiesAbstract" xlink:label="LiabilitiesAbstract" xlink:title="LiabilitiesAbstract"/>
    <presentationArc xlink:type="arc" xlink:arcrole="http://www.xbrl.org/2003/arcrole/parent-child" xlink:from="StatementOfNetPositionLineItems" xlink:to="LiabilitiesAbstract" xlink:title="presentation: StatementOfNetPositionLineItems to LiabilitiesAbstract" order="6.0"/>
    <loc xlink:type="locator" xlink:href="https://raw.githubusercontent.com/xbrlus/cafr/master/cafr_2019-01-16.xsd#cafr_DueToRelatedParty" xlink:label="DueToRelatedParty" xlink:title="DueToRelatedParty"/>
    <presentationArc xlink:type="arc" xlink:arcrole="http://www.xbrl.org/2003/arcrole/parent-child" xlink:from="LiabilitiesAbstract" xlink:to="DueToRelatedParty" xlink:title="presentation: LiabilitiesAbstract to DueToRelatedParty" order="4.0"/>
    <loc xlink:type="locator" xlink:href="https://raw.githubusercontent.com/xbrlus/cafr/master/cafr_2019-01-16.xsd#cafr_UnearnedRevenue" xlink:label="UnearnedRevenue" xlink:title="UnearnedRevenue"/>
    <presentationArc xlink:type="arc" xlink:arcrole="http://www.xbrl.org/2003/arcrole/parent-child" xlink:from="LiabilitiesAbstract" xlink:to="UnearnedRevenue" xlink:title="presentation: LiabilitiesAbstract to UnearnedRevenue" order="5.0"/>
    <loc xlink:type="locator" xlink:href="https://raw.githubusercontent.com/xbrlus/cafr/master/cafr_2019-01-16.xsd#cafr_Liabilities" xlink:label="Liabilities" xlink:title="Liabilities"/>
    <presentationArc xlink:type="arc" xlink:arcrole="http://www.xbrl.org/2003/arcrole/parent-child" xlink:from="LiabilitiesAbstract" xlink:to="Liabilities" xlink:title="presentation: LiabilitiesAbstract to Liabilities" order="10.0"/>
    <loc xlink:type="locator" xlink:href="https://raw.githubusercontent.com/xbrlus/cafr/master/cafr_2019-01-16.xsd#cafr_AccountsPayable" xlink:label="AccountsPayable" xlink:title="AccountsPayable"/>
    <presentationArc xlink:type="arc" xlink:arcrole="http://www.xbrl.org/2003/arcrole/parent-child" xlink:from="LiabilitiesAbstract" xlink:to="AccountsPayable" xlink:title="presentation: LiabilitiesAbstract to AccountsPayable" order="1.0"/>
    <loc xlink:type="locator" xlink:href="va-t-ashl-20170630.xsd#va-t-ashl_AccruedPayrollAndBenefits" xlink:label="AccruedPayrollAndBenefits" xlink:title="AccruedPayrollAndBenefits"/>
    <presentationArc xlink:type="arc" xlink:arcrole="http://www.xbrl.org/2003/arcrole/parent-child" xlink:from="LiabilitiesAbstract" xlink:to="AccruedPayrollAndBenefits" xlink:title="presentation: LiabilitiesAbstract to AccruedPayrollAndBenefits" order="2.0"/>
    <loc xlink:type="locator" xlink:href="va-t-ashl-20170630.xsd#va-t-ashl_PerformanceBondPayable" xlink:label="PerformanceBondPayable" xlink:title="PerformanceBondPayable"/>
    <presentationArc xlink:type="arc" xlink:arcrole="http://www.xbrl.org/2003/arcrole/parent-child" xlink:from="LiabilitiesAbstract" xlink:to="PerformanceBondPayable" xlink:title="presentation: LiabilitiesAbstract to PerformanceBondPayable" order="6.0"/>
    <loc xlink:type="locator" xlink:href="va-t-ashl-20170630.xsd#va-t-ashl_NoncurrentLiabilitiesAbstract" xlink:label="NoncurrentLiabilitiesAbstract" xlink:title="NoncurrentLiabilitiesAbstract"/>
    <presentationArc xlink:type="arc" xlink:arcrole="http://www.xbrl.org/2003/arcrole/parent-child" xlink:from="LiabilitiesAbstract" xlink:to="NoncurrentLiabilitiesAbstract" xlink:title="presentation: LiabilitiesAbstract to NoncurrentLiabilitiesAbstract" order="7.0"/>
    <loc xlink:type="locator" xlink:href="https://raw.githubusercontent.com/xbrlus/cafr/master/cafr_2019-01-16.xsd#cafr_NoncurrentLiabilitiesDueLessThanOneYear" xlink:label="NoncurrentLiabilitiesDueLessThanOneYear" xlink:title="NoncurrentLiabilitiesDueLessThanOneYear"/>
    <presentationArc xlink:type="arc" xlink:arcrole="http://www.xbrl.org/2003/arcrole/parent-child" xlink:from="NoncurrentLiabilitiesAbstract" xlink:to="NoncurrentLiabilitiesDueLessThanOneYear" xlink:title="presentation: NoncurrentLiabilitiesAbstract to NoncurrentLiabilitiesDueLessThanOneYear" order="1.0"/>
    <loc xlink:type="locator" xlink:href="https://raw.githubusercontent.com/xbrlus/cafr/master/cafr_2019-01-16.xsd#cafr_NoncurrentLiabilitiesDueOneYearOrLater" xlink:label="NoncurrentLiabilitiesDueOneYearOrLater" xlink:title="NoncurrentLiabilitiesDueOneYearOrLater"/>
    <presentationArc xlink:type="arc" xlink:arcrole="http://www.xbrl.org/2003/arcrole/parent-child" xlink:from="NoncurrentLiabilitiesAbstract" xlink:to="NoncurrentLiabilitiesDueOneYearOrLater" xlink:title="presentation: NoncurrentLiabilitiesAbstract to NoncurrentLiabilitiesDueOneYearOrLater" order="2.0"/>
    <loc xlink:type="locator" xlink:href="va-t-ashl-20170630.xsd#va-t-ashl_NetPensionLiability" xlink:label="NetPensionLiability" xlink:title="NetPensionLiability"/>
    <presentationArc xlink:type="arc" xlink:arcrole="http://www.xbrl.org/2003/arcrole/parent-child" xlink:from="LiabilitiesAbstract" xlink:to="NetPensionLiability" xlink:title="presentation: LiabilitiesAbstract to NetPensionLiability" order="8.0"/>
    <loc xlink:type="locator" xlink:href="https://raw.githubusercontent.com/xbrlus/cafr/master/cafr_2019-01-16.xsd#cafr_NetPositionAbstract" xlink:label="NetPositionAbstract"/>
    <presentationArc xlink:type="arc" xlink:arcrole="http://www.xbrl.org/2003/arcrole/parent-child" xlink:from="StatementOfNetPositionLineItems" xlink:to="NetPositionAbstract" xlink:title="presentation: StatementOfNetPositionLineItems to NetPositionAbstract" order="10.0"/>
    <loc xlink:type="locator" xlink:href="https://raw.githubusercontent.com/xbrlus/cafr/master/cafr_2019-01-16.xsd#cafr_NetInvestmentInCapitalAssets" xlink:label="NetInvestmentInCapitalAssets"/>
    <presentationArc xlink:type="arc" xlink:arcrole="http://www.xbrl.org/2003/arcrole/parent-child" xlink:from="NetPositionAbstract" xlink:to="NetInvestmentInCapitalAssets" xlink:title="presentation: NetPositionAbstract to NetInvestmentInCapitalAssets" order="1.0"/>
    <loc xlink:type="locator" xlink:href="https://raw.githubusercontent.com/xbrlus/cafr/master/cafr_2019-01-16.xsd#cafr_NetPositionUnrestricted" xlink:label="NetPositionUnrestricted"/>
    <presentationArc xlink:type="arc" xlink:arcrole="http://www.xbrl.org/2003/arcrole/parent-child" xlink:from="NetPositionAbstract" xlink:to="NetPositionUnrestricted" xlink:title="presentation: NetPositionAbstract to NetPositionUnrestricted" order="3.0"/>
    <loc xlink:type="locator" xlink:href="https://raw.githubusercontent.com/xbrlus/cafr/master/cafr_2019-01-16.xsd#cafr_NetPosition" xlink:label="NetPosition"/>
    <presentationArc xlink:type="arc" xlink:arcrole="http://www.xbrl.org/2003/arcrole/parent-child" xlink:from="NetPositionAbstract" xlink:to="NetPosition" xlink:title="presentation: NetPositionAbstract to NetPosition" order="4.0" preferredLabel="http://www.xbrl.org/2003/role/totalLabel"/>
    <loc xlink:type="locator" xlink:href="va-t-ashl-20170630.xsd#va-t-ashl_DeferredOutflowsOfResourcesAbstract" xlink:label="DeferredOutflowsOfResourcesAbstract" xlink:title="DeferredOutflowsOfResourcesAbstract"/>
    <presentationArc xlink:type="arc" xlink:arcrole="http://www.xbrl.org/2003/arcrole/parent-child" xlink:from="StatementOfNetPositionLineItems" xlink:to="DeferredOutflowsOfResourcesAbstract" xlink:title="presentation: StatementOfNetPositionLineItems to DeferredOutflowsOfResourcesAbstract" order="5.0"/>
    <loc xlink:type="locator" xlink:href="https://raw.githubusercontent.com/xbrlus/cafr/master/cafr_2019-01-16.xsd#cafr_DeferredOutflowsOfResources" xlink:label="DeferredOutflowsOfResources"/>
    <presentationArc xlink:type="arc" xlink:arcrole="http://www.xbrl.org/2003/arcrole/parent-child" xlink:from="DeferredOutflowsOfResourcesAbstract" xlink:to="DeferredOutflowsOfResources" xlink:title="presentation: DeferredOutflowsOfResourcesAbstract to DeferredOutflowsOfResources" order="1.0"/>
    <loc xlink:type="locator" xlink:href="va-t-ashl-20170630.xsd#va-t-ashl_DeferredInflowsOfResourcesAbstract" xlink:label="DeferredInflowsOfResourcesAbstract" xlink:title="DeferredInflowsOfResourcesAbstract"/>
    <presentationArc xlink:type="arc" xlink:arcrole="http://www.xbrl.org/2003/arcrole/parent-child" xlink:from="StatementOfNetPositionLineItems" xlink:to="DeferredInflowsOfResourcesAbstract" xlink:title="presentation: StatementOfNetPositionLineItems to DeferredInflowsOfResourcesAbstract" order="8.0"/>
    <loc xlink:type="locator" xlink:href="https://raw.githubusercontent.com/xbrlus/cafr/master/cafr_2019-01-16.xsd#cafr_DeferredInflowsOfResources" xlink:label="DeferredInflowsOfResources" xlink:title="DeferredInflowsOfResources"/>
    <presentationArc xlink:type="arc" xlink:arcrole="http://www.xbrl.org/2003/arcrole/parent-child" xlink:from="DeferredInflowsOfResourcesAbstract" xlink:to="DeferredInflowsOfResources" xlink:title="presentation: DeferredInflowsOfResourcesAbstract to DeferredInflowsOfResources" order="1.0"/>
    <loc xlink:type="locator" xlink:href="va-t-ashl-20170630.xsd#va-t-ashl_NameOfComponentUnitAxis" xlink:label="NameOfComponentUnitAxis_2" xlink:title="NameOfComponentUnitAxis"/>
    <presentationArc xlink:type="arc" xlink:arcrole="http://www.xbrl.org/2003/arcrole/parent-child" xlink:from="StatementOfNetPositionTable" xlink:to="NameOfComponentUnitAxis_2" xlink:title="presentation: StatementOfNetPositionTable to NameOfComponentUnitAxis" priority="1" order="5.0"/>
    <loc xlink:type="locator" xlink:href="va-t-ashl-20170630.xsd#va-t-ashl_NameOfComponentUnitAxis" xlink:label="NameOfComponentUnitAxis" xlink:title="NameOfComponentUnitAxis"/>
    <loc xlink:type="locator" xlink:href="va-t-ashl-20170630.xsd#va-t-ashl_NameOfComponentUnitDomain" xlink:label="NameOfComponentUnitDomain" xlink:title="NameOfComponentUnitDomain"/>
    <presentationArc xlink:type="arc" xlink:arcrole="http://www.xbrl.org/2003/arcrole/parent-child" xlink:from="NameOfComponentUnitAxis" xlink:to="NameOfComponentUnitDomain" xlink:title="presentation: NameOfComponentUnitAxis to NameOfComponentUnitDomain" order="1.0"/>
    <loc xlink:type="locator" xlink:href="va-t-ashl-20170630.xsd#va-t-ashl_EconomicDevelopmentAuthorityMember" xlink:label="IndustrialDevelopmentAuthorityMember" xlink:title="IndustrialDevelopmentAuthorityMember"/>
    <presentationArc xlink:type="arc" xlink:arcrole="http://www.xbrl.org/2003/arcrole/parent-child" xlink:from="NameOfComponentUnitDomain" xlink:to="IndustrialDevelopmentAuthorityMember" xlink:title="presentation: NameOfComponentUnitDomain to IndustrialDevelopmentAuthorityMember" order="3.0"/>
    <loc xlink:type="locator" xlink:href="https://raw.githubusercontent.com/xbrlus/cafr/master/cafr_2019-01-16.xsd#cafr_ClassificationOfInflowsOutflowsAxis" xlink:label="ClassificationOfInflowsOutflowsAxis" xlink:title="ClassificationOfInflowsOutflowsAxis"/>
    <presentationArc xlink:type="arc" xlink:arcrole="http://www.xbrl.org/2003/arcrole/parent-child" xlink:from="StatementOfNetPositionTable" xlink:to="ClassificationOfInflowsOutflowsAxis" xlink:title="presentation: StatementOfNetPositionTable to ClassificationOfInflowsOutflowsAxis" order="6.0"/>
    <loc xlink:type="locator" xlink:href="https://raw.githubusercontent.com/xbrlus/cafr/master/cafr_2019-01-16.xsd#cafr_ClassificationOfInflowsOutflowsDomain" xlink:label="ClassificationOfInflowsOutflowsDomain" xlink:title="ClassificationOfInflowsOutflowsDomain"/>
    <presentationArc xlink:type="arc" xlink:arcrole="http://www.xbrl.org/2003/arcrole/parent-child" xlink:from="ClassificationOfInflowsOutflowsAxis" xlink:to="ClassificationOfInflowsOutflowsDomain" xlink:title="presentation: ClassificationOfInflowsOutflowsAxis to ClassificationOfInflowsOutflowsDomain" order="1.0"/>
    <loc xlink:type="locator" xlink:href="https://raw.githubusercontent.com/xbrlus/cafr/master/cafr_2019-01-16.xsd#cafr_PropertyTaxesMember" xlink:label="PropertyTaxesMember" xlink:title="PropertyTaxesMember"/>
    <presentationArc xlink:type="arc" xlink:arcrole="http://www.xbrl.org/2003/arcrole/parent-child" xlink:from="ClassificationOfInflowsOutflowsDomain" xlink:to="PropertyTaxesMember" xlink:title="presentation: ClassificationOfInflowsOutflowsDomain to PropertyTaxesMember" order="1.0"/>
    <loc xlink:type="locator" xlink:href="https://raw.githubusercontent.com/xbrlus/cafr/master/cafr_2019-01-16.xsd#cafr_PensionsMember" xlink:label="PensionsMember" xlink:title="PensionsMember"/>
    <presentationArc xlink:type="arc" xlink:arcrole="http://www.xbrl.org/2003/arcrole/parent-child" xlink:from="ClassificationOfInflowsOutflowsDomain" xlink:to="PensionsMember" xlink:title="presentation: ClassificationOfInflowsOutflowsDomain to PensionsMember" order="3.0"/>
    <loc xlink:type="locator" xlink:href="https://raw.githubusercontent.com/xbrlus/cafr/master/cafr_2019-01-16.xsd#cafr_OtherClassificationOfDeferredInflowsOutflowsMember" xlink:label="OtherClassificationOfDeferredInflowsOutflowsMember" xlink:title="OtherClassificationOfDeferredInflowsOutflowsMember"/>
    <presentationArc xlink:type="arc" xlink:arcrole="http://www.xbrl.org/2003/arcrole/parent-child" xlink:from="ClassificationOfInflowsOutflowsDomain" xlink:to="OtherClassificationOfDeferredInflowsOutflowsMember" xlink:title="presentation: ClassificationOfInflowsOutflowsDomain to OtherClassificationOfDeferredInflowsOutflowsMember" order="2.0"/>
    <loc xlink:type="locator" xlink:href="va-t-ashl-20170630.xsd#va-t-ashl_CapitalAssetsAxis" xlink:label="CapitalAssetsAxis" xlink:title="CapitalAssetsAxis"/>
    <presentationArc xlink:type="arc" xlink:arcrole="http://www.xbrl.org/2003/arcrole/parent-child" xlink:from="StatementOfNetPositionTable" xlink:to="CapitalAssetsAxis" xlink:title="presentation: StatementOfNetPositionTable to CapitalAssetsAxis" order="8.0"/>
    <loc xlink:type="locator" xlink:href="va-t-ashl-20170630.xsd#va-t-ashl_CapitalAssetsDomain" xlink:label="CapitalAssetsDomain" xlink:title="CapitalAssetsDomain"/>
    <presentationArc xlink:type="arc" xlink:arcrole="http://www.xbrl.org/2003/arcrole/parent-child" xlink:from="CapitalAssetsAxis" xlink:to="CapitalAssetsDomain" xlink:title="presentation: CapitalAssetsAxis to CapitalAssetsDomain" order="1.0"/>
    <loc xlink:type="locator" xlink:href="va-t-ashl-20170630.xsd#va-t-ashl_LandMember" xlink:label="Land" xlink:title="Land"/>
    <presentationArc xlink:type="arc" xlink:arcrole="http://www.xbrl.org/2003/arcrole/parent-child" xlink:from="CapitalAssetsDomain" xlink:to="Land" xlink:title="presentation: CapitalAssetsDomain to Land" order="1.0"/>
    <loc xlink:type="locator" xlink:href="va-t-ashl-20170630.xsd#va-t-ashl_BuildingsAndImprovementsMember" xlink:label="BuildingsAndImprovementsMember" xlink:title="BuildingsAndImprovementsMember"/>
    <presentationArc xlink:type="arc" xlink:arcrole="http://www.xbrl.org/2003/arcrole/parent-child" xlink:from="CapitalAssetsDomain" xlink:to="BuildingsAndImprovementsMember" xlink:title="presentation: CapitalAssetsDomain to BuildingsAndImprovementsMember" order="2.0"/>
    <loc xlink:type="locator" xlink:href="va-t-ashl-20170630.xsd#va-t-ashl_MachineryAndEquipmentMember" xlink:label="MachineryAndEquipmentMember" xlink:title="MachineryAndEquipmentMember"/>
    <presentationArc xlink:type="arc" xlink:arcrole="http://www.xbrl.org/2003/arcrole/parent-child" xlink:from="CapitalAssetsDomain" xlink:to="MachineryAndEquipmentMember" xlink:title="presentation: CapitalAssetsDomain to MachineryAndEquipmentMember" order="3.0"/>
    <loc xlink:type="locator" xlink:href="va-t-ashl-20170630.xsd#va-t-ashl_InfrastructureMember" xlink:label="InfrastructureMember" xlink:title="InfrastructureMember"/>
    <presentationArc xlink:type="arc" xlink:arcrole="http://www.xbrl.org/2003/arcrole/parent-child" xlink:from="CapitalAssetsDomain" xlink:to="InfrastructureMember" xlink:title="presentation: CapitalAssetsDomain to InfrastructureMember" order="4.0"/>
    <loc xlink:type="locator" xlink:href="va-t-ashl-20170630.xsd#va-t-ashl_SoftwareMember" xlink:label="SoftwareMember" xlink:title="SoftwareMember"/>
    <presentationArc xlink:type="arc" xlink:arcrole="http://www.xbrl.org/2003/arcrole/parent-child" xlink:from="CapitalAssetsDomain" xlink:to="SoftwareMember" xlink:title="presentation: CapitalAssetsDomain to SoftwareMember" order="5.0"/>
    <loc xlink:type="locator" xlink:href="va-t-ashl-20170630.xsd#va-t-ashl_ConstructionInProgressMember" xlink:label="ConstructionInProgressMember" xlink:title="ConstructionInProgressMember"/>
    <presentationArc xlink:type="arc" xlink:arcrole="http://www.xbrl.org/2003/arcrole/parent-child" xlink:from="CapitalAssetsDomain" xlink:to="ConstructionInProgressMember" xlink:title="presentation: CapitalAssetsDomain to ConstructionInProgressMember" order="6.0"/>
  </presentationLink>
  <presentationLink xlink:type="extended" xlink:role="http://www.town.ashland.va.us/role/StatementOfActivitiesGovernmentWideProgramGeneralRevenuesAndExpenses">
    <loc xlink:type="locator" xlink:href="https://raw.githubusercontent.com/xbrlus/cafr/master/cafr_2019-01-16.xsd#cafr_FinancialReportingEntityAxis" xlink:label="FinancialReportingEntityAxis"/>
    <loc xlink:type="locator" xlink:href="https://raw.githubusercontent.com/xbrlus/cafr/master/cafr_2019-01-16.xsd#cafr_FinancialReportingEntityDomain" xlink:label="FinancialReportingEntityDomain"/>
    <presentationArc xlink:type="arc" xlink:arcrole="http://www.xbrl.org/2003/arcrole/parent-child" xlink:from="FinancialReportingEntityAxis" xlink:to="FinancialReportingEntityDomain" xlink:title="presentation: FinancialReportingEntityAxis to FinancialReportingEntityDomain" order="1.0"/>
    <loc xlink:type="locator" xlink:href="https://raw.githubusercontent.com/xbrlus/cafr/master/cafr_2019-01-16.xsd#cafr_PrimaryGovernmentActivitiesMember" xlink:label="PrimaryGovernmentActivitiesMember"/>
    <presentationArc xlink:type="arc" xlink:arcrole="http://www.xbrl.org/2003/arcrole/parent-child" xlink:from="FinancialReportingEntityDomain" xlink:to="PrimaryGovernmentActivitiesMember" xlink:title="presentation: FinancialReportingEntityDomain to PrimaryGovernmentActivitiesMember" order="1.0"/>
    <loc xlink:type="locator" xlink:href="https://raw.githubusercontent.com/xbrlus/cafr/master/cafr_2019-01-16.xsd#cafr_ComponentUnitsMember" xlink:label="ComponentUnitsMember"/>
    <presentationArc xlink:type="arc" xlink:arcrole="http://www.xbrl.org/2003/arcrole/parent-child" xlink:from="FinancialReportingEntityDomain" xlink:to="ComponentUnitsMember" xlink:title="presentation: FinancialReportingEntityDomain to ComponentUnitsMember" order="2.0"/>
    <loc xlink:type="locator" xlink:href="https://raw.githubusercontent.com/xbrlus/cafr/master/cafr_2019-01-16.xsd#cafr_ActivityTypeAxis" xlink:label="ActivityTypeAxis"/>
    <loc xlink:type="locator" xlink:href="https://raw.githubusercontent.com/xbrlus/cafr/master/cafr_2019-01-16.xsd#cafr_ActivityTypeDomain" xlink:label="ActivityTypeDomain"/>
    <presentationArc xlink:type="arc" xlink:arcrole="http://www.xbrl.org/2003/arcrole/parent-child" xlink:from="ActivityTypeAxis" xlink:to="ActivityTypeDomain" xlink:title="presentation: ActivityTypeAxis to ActivityTypeDomain" order="1.0"/>
    <loc xlink:type="locator" xlink:href="https://raw.githubusercontent.com/xbrlus/cafr/master/cafr_2019-01-16.xsd#cafr_GovernmentalTypeActivityMember" xlink:label="GovernmentalTypeActivityMember"/>
    <presentationArc xlink:type="arc" xlink:arcrole="http://www.xbrl.org/2003/arcrole/parent-child" xlink:from="ActivityTypeDomain" xlink:to="GovernmentalTypeActivityMember" xlink:title="presentation: ActivityTypeDomain to GovernmentalTypeActivityMember" order="1.0"/>
    <loc xlink:type="locator" xlink:href="https://raw.githubusercontent.com/xbrlus/cafr/master/cafr_2019-01-16.xsd#cafr_BusinessTypeActivityMember" xlink:label="BusinessTypeActivityMember"/>
    <presentationArc xlink:type="arc" xlink:arcrole="http://www.xbrl.org/2003/arcrole/parent-child" xlink:from="ActivityTypeDomain" xlink:to="BusinessTypeActivityMember" xlink:title="presentation: ActivityTypeDomain to BusinessTypeActivityMember" order="2.0"/>
    <loc xlink:type="locator" xlink:href="va-t-ashl-20170630.xsd#va-t-ashl_ClassificationOfGeneralRevenueAxis" xlink:label="ClassificationOfGeneralRevenueAxis" xlink:title="ClassificationOfGeneralRevenueAxis"/>
    <loc xlink:type="locator" xlink:href="va-t-ashl-20170630.xsd#va-t-ashl_ClassificationOfGeneralRevenueDomain" xlink:label="ClassificationOfGeneralRevenueDomain" xlink:title="ClassificationOfGeneralRevenueDomain"/>
    <presentationArc xlink:type="arc" xlink:arcrole="http://www.xbrl.org/2003/arcrole/parent-child" xlink:from="ClassificationOfGeneralRevenueAxis" xlink:to="ClassificationOfGeneralRevenueDomain" xlink:title="presentation: ClassificationOfGeneralRevenueAxis to ClassificationOfGeneralRevenueDomain" order="1.0"/>
    <loc xlink:type="locator" xlink:href="va-t-ashl-20170630.xsd#va-t-ashl_GeneralPropertyTaxesMember" xlink:label="GeneralPropertyTaxesMember" xlink:title="GeneralPropertyTaxesMember"/>
    <presentationArc xlink:type="arc" xlink:arcrole="http://www.xbrl.org/2003/arcrole/parent-child" xlink:from="ClassificationOfGeneralRevenueDomain" xlink:to="GeneralPropertyTaxesMember" xlink:title="presentation: ClassificationOfGeneralRevenueDomain to GeneralPropertyTaxesMember" order="1.0"/>
    <loc xlink:type="locator" xlink:href="va-t-ashl-20170630.xsd#va-t-ashl_ContributionsFromPrimaryGovernmentMember" xlink:label="ContributionsFromPrimaryGovernmentMember" xlink:title="ContributionsFromPrimaryGovernmentMember"/>
    <presentationArc xlink:type="arc" xlink:arcrole="http://www.xbrl.org/2003/arcrole/parent-child" xlink:from="ClassificationOfGeneralRevenueDomain" xlink:to="ContributionsFromPrimaryGovernmentMember" xlink:title="presentation: ClassificationOfGeneralRevenueDomain to ContributionsFromPrimaryGovernmentMember" order="2.0"/>
    <loc xlink:type="locator" xlink:href="va-t-ashl-20170630.xsd#va-t-ashl_MealsMember" xlink:label="MealsMember" xlink:title="MealsMember"/>
    <presentationArc xlink:type="arc" xlink:arcrole="http://www.xbrl.org/2003/arcrole/parent-child" xlink:from="ClassificationOfGeneralRevenueDomain" xlink:to="MealsMember" xlink:title="presentation: ClassificationOfGeneralRevenueDomain to MealsMember" order="3.0"/>
    <loc xlink:type="locator" xlink:href="va-t-ashl-20170630.xsd#va-t-ashl_TransientOccupancyMember" xlink:label="TransientOccupancyMember" xlink:title="TransientOccupancyMember"/>
    <presentationArc xlink:type="arc" xlink:arcrole="http://www.xbrl.org/2003/arcrole/parent-child" xlink:from="ClassificationOfGeneralRevenueDomain" xlink:to="TransientOccupancyMember" xlink:title="presentation: ClassificationOfGeneralRevenueDomain to TransientOccupancyMember" order="4.0"/>
    <loc xlink:type="locator" xlink:href="va-t-ashl-20170630.xsd#va-t-ashl_BusinessLicenseMember" xlink:label="BusinessLicenseMember" xlink:title="BusinessLicenseMember"/>
    <presentationArc xlink:type="arc" xlink:arcrole="http://www.xbrl.org/2003/arcrole/parent-child" xlink:from="ClassificationOfGeneralRevenueDomain" xlink:to="BusinessLicenseMember" xlink:title="presentation: ClassificationOfGeneralRevenueDomain to BusinessLicenseMember" order="5.0"/>
    <loc xlink:type="locator" xlink:href="va-t-ashl-20170630.xsd#va-t-ashl_LocalSalesAndUseMember" xlink:label="LocalSalesAndUseMember" xlink:title="LocalSalesAndUseMember"/>
    <presentationArc xlink:type="arc" xlink:arcrole="http://www.xbrl.org/2003/arcrole/parent-child" xlink:from="ClassificationOfGeneralRevenueDomain" xlink:to="LocalSalesAndUseMember" xlink:title="presentation: ClassificationOfGeneralRevenueDomain to LocalSalesAndUseMember" order="6.0"/>
    <loc xlink:type="locator" xlink:href="va-t-ashl-20170630.xsd#va-t-ashl_OtherGeneralRevenuesMember" xlink:label="OtherGeneralRevenuesMember" xlink:title="OtherGeneralRevenuesMember"/>
    <presentationArc xlink:type="arc" xlink:arcrole="http://www.xbrl.org/2003/arcrole/parent-child" xlink:from="ClassificationOfGeneralRevenueDomain" xlink:to="OtherGeneralRevenuesMember" xlink:title="presentation: ClassificationOfGeneralRevenueDomain to OtherGeneralRevenuesMember" order="7.0"/>
    <loc xlink:type="locator" xlink:href="https://raw.githubusercontent.com/xbrlus/cafr/master/cafr_2019-01-16.xsd#cafr_StatementOfActivitiesTable" xlink:label="StatementOfActivitiesTable" xlink:title="StatementOfActivitiesTable"/>
    <presentationArc xlink:type="arc" xlink:arcrole="http://www.xbrl.org/2003/arcrole/parent-child" xlink:from="StatementOfActivitiesTable" xlink:to="FinancialReportingEntityAxis" xlink:title="presentation: StatementOfActivitiesTable to FinancialReportingEntityAxis" order="1.0"/>
    <presentationArc xlink:type="arc" xlink:arcrole="http://www.xbrl.org/2003/arcrole/parent-child" xlink:from="StatementOfActivitiesTable" xlink:to="ActivityTypeAxis" xlink:title="presentation: StatementOfActivitiesTable to ActivityTypeAxis" order="2.0"/>
    <loc xlink:type="locator" xlink:href="https://raw.githubusercontent.com/xbrlus/cafr/master/cafr_2019-01-16.xsd#cafr_StatementOfActivitiesLineItems" xlink:label="StatementOfActivitiesLineItems"/>
    <presentationArc xlink:type="arc" xlink:arcrole="http://www.xbrl.org/2003/arcrole/parent-child" xlink:from="StatementOfActivitiesTable" xlink:to="StatementOfActivitiesLineItems" xlink:title="presentation: StatementOfActivitiesTable to StatementOfActivitiesLineItems" order="5.0"/>
    <loc xlink:type="locator" xlink:href="https://raw.githubusercontent.com/xbrlus/cafr/master/cafr_2019-01-16.xsd#cafr_Expenses" xlink:label="Expenses"/>
    <presentationArc xlink:type="arc" xlink:arcrole="http://www.xbrl.org/2003/arcrole/parent-child" xlink:from="StatementOfActivitiesLineItems" xlink:to="Expenses" xlink:title="presentation: StatementOfActivitiesLineItems to Expenses" order="1.0"/>
    <loc xlink:type="locator" xlink:href="https://raw.githubusercontent.com/xbrlus/cafr/master/cafr_2019-01-16.xsd#cafr_GeneralRevenuesAbstract" xlink:label="GeneralRevenuesAbstract" xlink:title="GeneralRevenuesAbstract"/>
    <presentationArc xlink:type="arc" xlink:arcrole="http://www.xbrl.org/2003/arcrole/parent-child" xlink:from="StatementOfActivitiesLineItems" xlink:to="GeneralRevenuesAbstract" xlink:title="presentation: StatementOfActivitiesLineItems to GeneralRevenuesAbstract" order="3.0"/>
    <loc xlink:type="locator" xlink:href="https://raw.githubusercontent.com/xbrlus/cafr/master/cafr_2019-01-16.xsd#cafr_TaxRevenues" xlink:label="TaxRevenues" xlink:title="TaxRevenues"/>
    <presentationArc xlink:type="arc" xlink:arcrole="http://www.xbrl.org/2003/arcrole/parent-child" xlink:from="GeneralRevenuesAbstract" xlink:to="TaxRevenues" xlink:title="presentation: GeneralRevenuesAbstract to TaxRevenues" order="1.0"/>
    <loc xlink:type="locator" xlink:href="https://raw.githubusercontent.com/xbrlus/cafr/master/cafr_2019-01-16.xsd#cafr_GeneralRevenues" xlink:label="GeneralRevenues" xlink:title="GeneralRevenues"/>
    <presentationArc xlink:type="arc" xlink:arcrole="http://www.xbrl.org/2003/arcrole/parent-child" xlink:from="GeneralRevenuesAbstract" xlink:to="GeneralRevenues" xlink:title="presentation: GeneralRevenuesAbstract to GeneralRevenues" order="15.0"/>
    <loc xlink:type="locator" xlink:href="va-t-ashl-20170630.xsd#va-t-ashl_IntergovernmentalNonCategoricalAid" xlink:label="IntergovernmentalNonCategoricalAid" xlink:title="IntergovernmentalNonCategoricalAid"/>
    <presentationArc xlink:type="arc" xlink:arcrole="http://www.xbrl.org/2003/arcrole/parent-child" xlink:from="GeneralRevenuesAbstract" xlink:to="IntergovernmentalNonCategoricalAid" xlink:title="presentation: GeneralRevenuesAbstract to IntergovernmentalNonCategoricalAid" order="12.0"/>
    <loc xlink:type="locator" xlink:href="va-t-ashl-20170630.xsd#va-t-ashl_UseOfMoneyAndProperty" xlink:label="UseOfMoneyAndProperty" xlink:title="UseOfMoneyAndProperty"/>
    <presentationArc xlink:type="arc" xlink:arcrole="http://www.xbrl.org/2003/arcrole/parent-child" xlink:from="GeneralRevenuesAbstract" xlink:to="UseOfMoneyAndProperty" xlink:title="presentation: GeneralRevenuesAbstract to UseOfMoneyAndProperty" order="13.0"/>
    <loc xlink:type="locator" xlink:href="https://raw.githubusercontent.com/xbrlus/cafr/master/cafr_2019-01-16.xsd#cafr_MiscellaneousRevenues" xlink:label="MiscellaneousRevenues" xlink:title="MiscellaneousRevenues"/>
    <presentationArc xlink:type="arc" xlink:arcrole="http://www.xbrl.org/2003/arcrole/parent-child" xlink:from="GeneralRevenuesAbstract" xlink:to="MiscellaneousRevenues" xlink:title="presentation: GeneralRevenuesAbstract to MiscellaneousRevenues" order="14.0"/>
    <loc xlink:type="locator" xlink:href="https://raw.githubusercontent.com/xbrlus/cafr/master/cafr_2019-01-16.xsd#cafr_ChangeInNetPosition" xlink:label="ChangeInNetPosition" xlink:title="ChangeInNetPosition"/>
    <presentationArc xlink:type="arc" xlink:arcrole="http://www.xbrl.org/2003/arcrole/parent-child" xlink:from="StatementOfActivitiesLineItems" xlink:to="ChangeInNetPosition" xlink:title="presentation: StatementOfActivitiesLineItems to ChangeInNetPosition" order="4.0"/>
    <loc xlink:type="locator" xlink:href="https://raw.githubusercontent.com/xbrlus/cafr/master/cafr_2019-01-16.xsd#cafr_NetPosition" xlink:label="NetPosition" xlink:title="NetPosition"/>
    <presentationArc xlink:type="arc" xlink:arcrole="http://www.xbrl.org/2003/arcrole/parent-child" xlink:from="StatementOfActivitiesLineItems" xlink:to="NetPosition" xlink:title="presentation: StatementOfActivitiesLineItems to NetPosition" order="5.0"/>
    <loc xlink:type="locator" xlink:href="https://raw.githubusercontent.com/xbrlus/cafr/master/cafr_2019-01-16.xsd#cafr_NetPosition" xlink:label="NetPosition_2" xlink:title="NetPosition"/>
    <presentationArc xlink:type="arc" xlink:arcrole="http://www.xbrl.org/2003/arcrole/parent-child" xlink:from="StatementOfActivitiesLineItems" xlink:to="NetPosition_2" xlink:title="presentation: StatementOfActivitiesLineItems to NetPosition" priority="1" order="7.0"/>
    <loc xlink:type="locator" xlink:href="https://raw.githubusercontent.com/xbrlus/cafr/master/cafr_2019-01-16.xsd#cafr_ChargesForServices" xlink:label="ChargesForServices"/>
    <presentationArc xlink:type="arc" xlink:arcrole="http://www.xbrl.org/2003/arcrole/parent-child" xlink:from="StatementOfActivitiesLineItems" xlink:to="ChargesForServices" xlink:title="presentation: StatementOfActivitiesLineItems to ChargesForServices" order="1.5"/>
    <loc xlink:type="locator" xlink:href="https://raw.githubusercontent.com/xbrlus/cafr/master/cafr_2019-01-16.xsd#cafr_OperatingGrantsAndContributions" xlink:label="OperatingGrantsAndContributions"/>
    <presentationArc xlink:type="arc" xlink:arcrole="http://www.xbrl.org/2003/arcrole/parent-child" xlink:from="StatementOfActivitiesLineItems" xlink:to="OperatingGrantsAndContributions" xlink:title="presentation: StatementOfActivitiesLineItems to OperatingGrantsAndContributions" order="2.0"/>
    <loc xlink:type="locator" xlink:href="https://raw.githubusercontent.com/xbrlus/cafr/master/cafr_2019-01-16.xsd#cafr_CapitalGrantsAndContributions" xlink:label="CapitalGrantsAndContributions"/>
    <presentationArc xlink:type="arc" xlink:arcrole="http://www.xbrl.org/2003/arcrole/parent-child" xlink:from="StatementOfActivitiesLineItems" xlink:to="CapitalGrantsAndContributions" xlink:title="presentation: StatementOfActivitiesLineItems to CapitalGrantsAndContributions" order="2.5"/>
    <loc xlink:type="locator" xlink:href="va-t-ashl-20170630.xsd#va-t-ashl_NetExpenseRevenueAndChangesInNetPosition" xlink:label="NetExpenseRevenueAndChangesInNetPosition" xlink:title="NetExpenseRevenueAndChangesInNetPosition"/>
    <presentationArc xlink:type="arc" xlink:arcrole="http://www.xbrl.org/2003/arcrole/parent-child" xlink:from="StatementOfActivitiesLineItems" xlink:to="NetExpenseRevenueAndChangesInNetPosition" xlink:title="presentation: StatementOfActivitiesLineItems to NetExpenseRevenueAndChangesInNetPosition" order="2.8"/>
    <loc xlink:type="locator" xlink:href="https://raw.githubusercontent.com/xbrlus/cafr/master/cafr_2019-01-16.xsd#cafr_NameOfProgramOrFunctionAxis" xlink:label="NameOfProgramOrFunctionAxis"/>
    <presentationArc xlink:type="arc" xlink:arcrole="http://www.xbrl.org/2003/arcrole/parent-child" xlink:from="StatementOfActivitiesTable" xlink:to="NameOfProgramOrFunctionAxis" xlink:title="presentation: StatementOfActivitiesTable to NameOfProgramOrFunctionAxis" order="2.5"/>
    <presentationArc xlink:type="arc" xlink:arcrole="http://www.xbrl.org/2003/arcrole/parent-child" xlink:from="StatementOfActivitiesTable" xlink:to="ClassificationOfGeneralRevenueAxis" xlink:title="presentation: StatementOfActivitiesTable to ClassificationOfGeneralRevenueAxis" order="3.0"/>
  </presentationLink>
  <presentationLink xlink:type="extended" xlink:role="http://www.town.ashland.va.us/role/balanceSheetGovernmentalFunds">
    <loc xlink:type="locator" xlink:href="https://raw.githubusercontent.com/xbrlus/cafr/master/cafr_2019-01-16.xsd#cafr_ClassificationOfDueToDueFromAxis" xlink:label="ClassificationOfDueToDueFromAxis"/>
    <loc xlink:type="locator" xlink:href="https://raw.githubusercontent.com/xbrlus/cafr/master/cafr_2019-01-16.xsd#cafr_ClassificationOfDueToDueFromDomain" xlink:label="ClassificationOfDueToDueFromDomain"/>
    <presentationArc xlink:type="arc" xlink:arcrole="http://www.xbrl.org/2003/arcrole/parent-child" xlink:from="ClassificationOfDueToDueFromAxis" xlink:to="ClassificationOfDueToDueFromDomain" xlink:title="presentation: ClassificationOfDueToDueFromAxis to ClassificationOfDueToDueFromDomain" order="1.0"/>
    <loc xlink:type="locator" xlink:href="https://raw.githubusercontent.com/xbrlus/cafr/master/cafr_2019-01-16.xsd#cafr_OtherGovernmentMember" xlink:label="OtherGovernmentMember"/>
    <presentationArc xlink:type="arc" xlink:arcrole="http://www.xbrl.org/2003/arcrole/parent-child" xlink:from="ClassificationOfDueToDueFromDomain" xlink:to="OtherGovernmentMember" xlink:title="presentation: ClassificationOfDueToDueFromDomain to OtherGovernmentMember" order="1.0"/>
    <loc xlink:type="locator" xlink:href="https://raw.githubusercontent.com/xbrlus/cafr/master/cafr_2019-01-16.xsd#cafr_AssetsAbstract" xlink:label="AssetsAbstract"/>
    <loc xlink:type="locator" xlink:href="https://raw.githubusercontent.com/xbrlus/cafr/master/cafr_2019-01-16.xsd#cafr_DueFromRelated" xlink:label="DueFromRelated"/>
    <presentationArc xlink:type="arc" xlink:arcrole="http://www.xbrl.org/2003/arcrole/parent-child" xlink:from="AssetsAbstract" xlink:to="DueFromRelated" xlink:title="presentation: AssetsAbstract to DueFromRelated" order="3.0"/>
    <loc xlink:type="locator" xlink:href="https://raw.githubusercontent.com/xbrlus/cafr/master/cafr_2019-01-16.xsd#cafr_Assets" xlink:label="Assets"/>
    <presentationArc xlink:type="arc" xlink:arcrole="http://www.xbrl.org/2003/arcrole/parent-child" xlink:from="AssetsAbstract" xlink:to="Assets" xlink:title="presentation: AssetsAbstract to Assets" order="7.0" preferredLabel="http://www.xbrl.org/2003/role/totalLabel"/>
    <loc xlink:type="locator" xlink:href="va-t-ashl-20170630.xsd#va-t-ashl_ReceivablesNetAbstract" xlink:label="ReceivablesNetAbstract" xlink:title="ReceivablesNetAbstract"/>
    <presentationArc xlink:type="arc" xlink:arcrole="http://www.xbrl.org/2003/arcrole/parent-child" xlink:from="AssetsAbstract" xlink:to="ReceivablesNetAbstract" xlink:title="presentation: AssetsAbstract to ReceivablesNetAbstract" order="2.0"/>
    <loc xlink:type="locator" xlink:href="https://raw.githubusercontent.com/xbrlus/cafr/master/cafr_2019-01-16.xsd#cafr_ReceivablesNet" xlink:label="ReceivablesNet"/>
    <presentationArc xlink:type="arc" xlink:arcrole="http://www.xbrl.org/2003/arcrole/parent-child" xlink:from="ReceivablesNetAbstract" xlink:to="ReceivablesNet" xlink:title="presentation: ReceivablesNetAbstract to ReceivablesNet" order="1.0"/>
    <loc xlink:type="locator" xlink:href="va-t-ashl-20170630.xsd#va-t-ashl_CashCashEquivalentsAndTemporaryCashInvestments" xlink:label="CashCashEquivalentsAndTemporaryCashInvestments" xlink:title="CashCashEquivalentsAndTemporaryCashInvestments"/>
    <presentationArc xlink:type="arc" xlink:arcrole="http://www.xbrl.org/2003/arcrole/parent-child" xlink:from="AssetsAbstract" xlink:to="CashCashEquivalentsAndTemporaryCashInvestments" xlink:title="presentation: AssetsAbstract to CashCashEquivalentsAndTemporaryCashInvestments" order="1.0"/>
    <loc xlink:type="locator" xlink:href="https://raw.githubusercontent.com/xbrlus/cafr/master/cafr_2019-01-16.xsd#cafr_LiabilitiesAbstract" xlink:label="LiabilitiesAbstract" xlink:title="LiabilitiesAbstract"/>
    <loc xlink:type="locator" xlink:href="https://raw.githubusercontent.com/xbrlus/cafr/master/cafr_2019-01-16.xsd#cafr_DueToRelatedParty" xlink:label="DueToRelatedParty" xlink:title="DueToRelatedParty"/>
    <presentationArc xlink:type="arc" xlink:arcrole="http://www.xbrl.org/2003/arcrole/parent-child" xlink:from="LiabilitiesAbstract" xlink:to="DueToRelatedParty" xlink:title="presentation: LiabilitiesAbstract to DueToRelatedParty" order="3.0"/>
    <loc xlink:type="locator" xlink:href="https://raw.githubusercontent.com/xbrlus/cafr/master/cafr_2019-01-16.xsd#cafr_UnearnedRevenue" xlink:label="UnearnedRevenue" xlink:title="UnearnedRevenue"/>
    <presentationArc xlink:type="arc" xlink:arcrole="http://www.xbrl.org/2003/arcrole/parent-child" xlink:from="LiabilitiesAbstract" xlink:to="UnearnedRevenue" xlink:title="presentation: LiabilitiesAbstract to UnearnedRevenue" order="5.5"/>
    <loc xlink:type="locator" xlink:href="https://raw.githubusercontent.com/xbrlus/cafr/master/cafr_2019-01-16.xsd#cafr_Liabilities" xlink:label="Liabilities" xlink:title="Liabilities"/>
    <presentationArc xlink:type="arc" xlink:arcrole="http://www.xbrl.org/2003/arcrole/parent-child" xlink:from="LiabilitiesAbstract" xlink:to="Liabilities" xlink:title="presentation: LiabilitiesAbstract to Liabilities" order="8.0"/>
    <loc xlink:type="locator" xlink:href="https://raw.githubusercontent.com/xbrlus/cafr/master/cafr_2019-01-16.xsd#cafr_AccountsPayable" xlink:label="AccountsPayable" xlink:title="AccountsPayable"/>
    <presentationArc xlink:type="arc" xlink:arcrole="http://www.xbrl.org/2003/arcrole/parent-child" xlink:from="LiabilitiesAbstract" xlink:to="AccountsPayable" xlink:title="presentation: LiabilitiesAbstract to AccountsPayable" order="1.0"/>
    <loc xlink:type="locator" xlink:href="va-t-ashl-20170630.xsd#va-t-ashl_AccruedPayrollAndBenefits" xlink:label="AccruedPayrollAndBenefits" xlink:title="AccruedPayrollAndBenefits"/>
    <presentationArc xlink:type="arc" xlink:arcrole="http://www.xbrl.org/2003/arcrole/parent-child" xlink:from="LiabilitiesAbstract" xlink:to="AccruedPayrollAndBenefits" xlink:title="presentation: LiabilitiesAbstract to AccruedPayrollAndBenefits" order="2.0"/>
    <loc xlink:type="locator" xlink:href="va-t-ashl-20170630.xsd#va-t-ashl_PerformanceBondPayable" xlink:label="PerformanceBondPayable" xlink:title="PerformanceBondPayable"/>
    <presentationArc xlink:type="arc" xlink:arcrole="http://www.xbrl.org/2003/arcrole/parent-child" xlink:from="LiabilitiesAbstract" xlink:to="PerformanceBondPayable" xlink:title="presentation: LiabilitiesAbstract to PerformanceBondPayable" order="5.0"/>
    <loc xlink:type="locator" xlink:href="va-t-ashl-20170630.xsd#va-t-ashl_DeferredInflowsOfResourcesAbstract" xlink:label="DeferredInflowsOfResourcesAbstract" xlink:title="DeferredInflowsOfResourcesAbstract"/>
    <loc xlink:type="locator" xlink:href="https://raw.githubusercontent.com/xbrlus/cafr/master/cafr_2019-01-16.xsd#cafr_DeferredInflowsOfResources" xlink:label="DeferredInflowsOfResources" xlink:title="DeferredInflowsOfResources"/>
    <presentationArc xlink:type="arc" xlink:arcrole="http://www.xbrl.org/2003/arcrole/parent-child" xlink:from="DeferredInflowsOfResourcesAbstract" xlink:to="DeferredInflowsOfResources" xlink:title="presentation: DeferredInflowsOfResourcesAbstract to DeferredInflowsOfResources" order="1.0"/>
    <loc xlink:type="locator" xlink:href="https://raw.githubusercontent.com/xbrlus/cafr/master/cafr_2019-01-16.xsd#cafr_ClassificationOfInflowsOutflowsAxis" xlink:label="ClassificationOfInflowsOutflowsAxis" xlink:title="ClassificationOfInflowsOutflowsAxis"/>
    <loc xlink:type="locator" xlink:href="https://raw.githubusercontent.com/xbrlus/cafr/master/cafr_2019-01-16.xsd#cafr_ClassificationOfInflowsOutflowsDomain" xlink:label="ClassificationOfInflowsOutflowsDomain" xlink:title="ClassificationOfInflowsOutflowsDomain"/>
    <presentationArc xlink:type="arc" xlink:arcrole="http://www.xbrl.org/2003/arcrole/parent-child" xlink:from="ClassificationOfInflowsOutflowsAxis" xlink:to="ClassificationOfInflowsOutflowsDomain" xlink:title="presentation: ClassificationOfInflowsOutflowsAxis to ClassificationOfInflowsOutflowsDomain" order="1.0"/>
    <loc xlink:type="locator" xlink:href="https://raw.githubusercontent.com/xbrlus/cafr/master/cafr_2019-01-16.xsd#cafr_PropertyTaxesMember" xlink:label="PropertyTaxesMember" xlink:title="PropertyTaxesMember"/>
    <presentationArc xlink:type="arc" xlink:arcrole="http://www.xbrl.org/2003/arcrole/parent-child" xlink:from="ClassificationOfInflowsOutflowsDomain" xlink:to="PropertyTaxesMember" xlink:title="presentation: ClassificationOfInflowsOutflowsDomain to PropertyTaxesMember" order="1.0"/>
    <loc xlink:type="locator" xlink:href="https://raw.githubusercontent.com/xbrlus/cafr/master/cafr_2019-01-16.xsd#cafr_OtherClassificationOfDeferredInflowsOutflowsMember" xlink:label="OtherClassificationOfDeferredInflowsOutflowsMember" xlink:title="OtherClassificationOfDeferredInflowsOutflowsMember"/>
    <presentationArc xlink:type="arc" xlink:arcrole="http://www.xbrl.org/2003/arcrole/parent-child" xlink:from="ClassificationOfInflowsOutflowsDomain" xlink:to="OtherClassificationOfDeferredInflowsOutflowsMember" xlink:title="presentation: ClassificationOfInflowsOutflowsDomain to OtherClassificationOfDeferredInflowsOutflowsMember" order="2.0"/>
    <loc xlink:type="locator" xlink:href="https://raw.githubusercontent.com/xbrlus/cafr/master/cafr_2019-01-16.xsd#cafr_BalanceSheetAbstract" xlink:label="BalanceSheetAbstract" xlink:title="BalanceSheetAbstract"/>
    <loc xlink:type="locator" xlink:href="https://raw.githubusercontent.com/xbrlus/cafr/master/cafr_2019-01-16.xsd#cafr_BalanceSheetGovernmentFundsTable" xlink:label="BalanceSheetGovernmentFundsTable"/>
    <presentationArc xlink:type="arc" xlink:arcrole="http://www.xbrl.org/2003/arcrole/parent-child" xlink:from="BalanceSheetAbstract" xlink:to="BalanceSheetGovernmentFundsTable" xlink:title="presentation: BalanceSheetAbstract to BalanceSheetGovernmentFundsTable" order="1.0"/>
    <loc xlink:type="locator" xlink:href="https://raw.githubusercontent.com/xbrlus/cafr/master/cafr_2019-01-16.xsd#cafr_ClassificationOfFundTypeAxis" xlink:label="ClassificationOfFundTypeAxis"/>
    <presentationArc xlink:type="arc" xlink:arcrole="http://www.xbrl.org/2003/arcrole/parent-child" xlink:from="BalanceSheetGovernmentFundsTable" xlink:to="ClassificationOfFundTypeAxis" xlink:title="presentation: BalanceSheetGovernmentFundsTable to ClassificationOfFundTypeAxis" order="1.0"/>
    <loc xlink:type="locator" xlink:href="https://raw.githubusercontent.com/xbrlus/cafr/master/cafr_2019-01-16.xsd#cafr_ClassificationOfFundTypeDomain" xlink:label="ClassificationOfFundTypeDomain"/>
    <presentationArc xlink:type="arc" xlink:arcrole="http://www.xbrl.org/2003/arcrole/parent-child" xlink:from="ClassificationOfFundTypeAxis" xlink:to="ClassificationOfFundTypeDomain" xlink:title="presentation: ClassificationOfFundTypeAxis to ClassificationOfFundTypeDomain" order="1.0"/>
    <loc xlink:type="locator" xlink:href="https://raw.githubusercontent.com/xbrlus/cafr/master/cafr_2019-01-16.xsd#cafr_GovernmentalFundsMember" xlink:label="GovernmentalFundsMember"/>
    <presentationArc xlink:type="arc" xlink:arcrole="http://www.xbrl.org/2003/arcrole/parent-child" xlink:from="ClassificationOfFundTypeDomain" xlink:to="GovernmentalFundsMember" xlink:title="presentation: ClassificationOfFundTypeDomain to GovernmentalFundsMember" order="1.0"/>
    <loc xlink:type="locator" xlink:href="https://raw.githubusercontent.com/xbrlus/cafr/master/cafr_2019-01-16.xsd#cafr_GeneralFundMember" xlink:label="GeneralFundMember"/>
    <presentationArc xlink:type="arc" xlink:arcrole="http://www.xbrl.org/2003/arcrole/parent-child" xlink:from="GovernmentalFundsMember" xlink:to="GeneralFundMember" xlink:title="presentation: GovernmentalFundsMember to GeneralFundMember" order="1.0"/>
    <loc xlink:type="locator" xlink:href="https://raw.githubusercontent.com/xbrlus/cafr/master/cafr_2019-01-16.xsd#cafr_CapitalProjectsFundMember" xlink:label="CapitalProjectsFundMember"/>
    <presentationArc xlink:type="arc" xlink:arcrole="http://www.xbrl.org/2003/arcrole/parent-child" xlink:from="GovernmentalFundsMember" xlink:to="CapitalProjectsFundMember" xlink:title="presentation: GovernmentalFundsMember to CapitalProjectsFundMember" order="2.0"/>
    <loc xlink:type="locator" xlink:href="https://raw.githubusercontent.com/xbrlus/cafr/master/cafr_2019-01-16.xsd#cafr_BalanceSheetLineItems" xlink:label="BalanceSheetLineItems"/>
    <presentationArc xlink:type="arc" xlink:arcrole="http://www.xbrl.org/2003/arcrole/parent-child" xlink:from="BalanceSheetGovernmentFundsTable" xlink:to="BalanceSheetLineItems" xlink:title="presentation: BalanceSheetGovernmentFundsTable to BalanceSheetLineItems" order="8.0"/>
    <loc xlink:type="locator" xlink:href="va-t-ashl-20170630.xsd#va-t-ashl_FundBalancesAbstract" xlink:label="FundBalancesAbstract" xlink:title="FundBalancesAbstract"/>
    <presentationArc xlink:type="arc" xlink:arcrole="http://www.xbrl.org/2003/arcrole/parent-child" xlink:from="BalanceSheetLineItems" xlink:to="FundBalancesAbstract" xlink:title="presentation: BalanceSheetLineItems to FundBalancesAbstract" order="3.0"/>
    <loc xlink:type="locator" xlink:href="https://raw.githubusercontent.com/xbrlus/cafr/master/cafr_2019-01-16.xsd#cafr_CommittedFundBalance" xlink:label="CommittedFundBalance"/>
    <presentationArc xlink:type="arc" xlink:arcrole="http://www.xbrl.org/2003/arcrole/parent-child" xlink:from="FundBalancesAbstract" xlink:to="CommittedFundBalance" xlink:title="presentation: FundBalancesAbstract to CommittedFundBalance" order="1.0"/>
    <loc xlink:type="locator" xlink:href="https://raw.githubusercontent.com/xbrlus/cafr/master/cafr_2019-01-16.xsd#cafr_UnassignedFundBalance" xlink:label="UnassignedFundBalance"/>
    <presentationArc xlink:type="arc" xlink:arcrole="http://www.xbrl.org/2003/arcrole/parent-child" xlink:from="FundBalancesAbstract" xlink:to="UnassignedFundBalance" xlink:title="presentation: FundBalancesAbstract to UnassignedFundBalance" order="2.0"/>
    <loc xlink:type="locator" xlink:href="https://raw.githubusercontent.com/xbrlus/cafr/master/cafr_2019-01-16.xsd#cafr_TotalFundBalance" xlink:label="TotalFundBalance"/>
    <presentationArc xlink:type="arc" xlink:arcrole="http://www.xbrl.org/2003/arcrole/parent-child" xlink:from="FundBalancesAbstract" xlink:to="TotalFundBalance" xlink:title="presentation: FundBalancesAbstract to TotalFundBalance" order="3.0" preferredLabel="http://www.xbrl.org/2003/role/totalLabel"/>
    <loc xlink:type="locator" xlink:href="va-t-ashl-20170630.xsd#va-t-ashl_LiabilitiesDeferredInflowsOfResourcesAndFundBalances" xlink:label="LiabilitiesDeferredInflowsOfResourcesAndFundBalances" xlink:title="LiabilitiesDeferredInflowsOfResourcesAndFundBalances"/>
    <presentationArc xlink:type="arc" xlink:arcrole="http://www.xbrl.org/2003/arcrole/parent-child" xlink:from="BalanceSheetLineItems" xlink:to="LiabilitiesDeferredInflowsOfResourcesAndFundBalances" xlink:title="presentation: BalanceSheetLineItems to LiabilitiesDeferredInflowsOfResourcesAndFundBalances" order="3.0"/>
    <presentationArc xlink:type="arc" xlink:arcrole="http://www.xbrl.org/2003/arcrole/parent-child" xlink:from="BalanceSheetLineItems" xlink:to="AssetsAbstract" xlink:title="presentation: BalanceSheetLineItems to AssetsAbstract" order="1.0"/>
    <presentationArc xlink:type="arc" xlink:arcrole="http://www.xbrl.org/2003/arcrole/parent-child" xlink:from="BalanceSheetLineItems" xlink:to="DeferredInflowsOfResourcesAbstract" xlink:title="presentation: BalanceSheetLineItems to DeferredInflowsOfResourcesAbstract" order="2.5"/>
    <presentationArc xlink:type="arc" xlink:arcrole="http://www.xbrl.org/2003/arcrole/parent-child" xlink:from="BalanceSheetLineItems" xlink:to="LiabilitiesAbstract" xlink:title="presentation: BalanceSheetLineItems to LiabilitiesAbstract" order="2.0"/>
    <presentationArc xlink:type="arc" xlink:arcrole="http://www.xbrl.org/2003/arcrole/parent-child" xlink:from="BalanceSheetGovernmentFundsTable" xlink:to="ClassificationOfDueToDueFromAxis" xlink:title="presentation: BalanceSheetGovernmentFundsTable to ClassificationOfDueToDueFromAxis" order="2.0"/>
    <presentationArc xlink:type="arc" xlink:arcrole="http://www.xbrl.org/2003/arcrole/parent-child" xlink:from="BalanceSheetGovernmentFundsTable" xlink:to="ClassificationOfInflowsOutflowsAxis" xlink:title="presentation: BalanceSheetGovernmentFundsTable to ClassificationOfInflowsOutflowsAxis" order="3.0"/>
  </presentationLink>
  <presentationLink xlink:type="extended" xlink:role="http://www.town.ashland.va.us/role/statementOfRevenuesExpendituresAndChangesInFundBalanceGovernmentalFunds">
    <loc xlink:type="locator" xlink:href="https://raw.githubusercontent.com/xbrlus/cafr/master/cafr_2019-01-16.xsd#cafr_ClassificationOfFundTypeAxis" xlink:label="ClassificationOfFundTypeAxis"/>
    <loc xlink:type="locator" xlink:href="https://raw.githubusercontent.com/xbrlus/cafr/master/cafr_2019-01-16.xsd#cafr_ClassificationOfFundTypeDomain" xlink:label="ClassificationOfFundTypeDomain" xlink:title="ClassificationOfFundTypeDomain"/>
    <presentationArc xlink:type="arc" xlink:arcrole="http://www.xbrl.org/2003/arcrole/parent-child" xlink:from="ClassificationOfFundTypeAxis" xlink:to="ClassificationOfFundTypeDomain" xlink:title="presentation: ClassificationOfFundTypeAxis to ClassificationOfFundTypeDomain" order="1.0"/>
    <loc xlink:type="locator" xlink:href="https://raw.githubusercontent.com/xbrlus/cafr/master/cafr_2019-01-16.xsd#cafr_GovernmentalFundsMember" xlink:label="GovernmentalFundsMember" xlink:title="GovernmentalFundsMember"/>
    <presentationArc xlink:type="arc" xlink:arcrole="http://www.xbrl.org/2003/arcrole/parent-child" xlink:from="ClassificationOfFundTypeDomain" xlink:to="GovernmentalFundsMember" xlink:title="presentation: ClassificationOfFundTypeDomain to GovernmentalFundsMember" order="3.0"/>
    <loc xlink:type="locator" xlink:href="https://raw.githubusercontent.com/xbrlus/cafr/master/cafr_2019-01-16.xsd#cafr_GeneralFundMember" xlink:label="GeneralFundMember" xlink:title="GeneralFundMember"/>
    <presentationArc xlink:type="arc" xlink:arcrole="http://www.xbrl.org/2003/arcrole/parent-child" xlink:from="ClassificationOfFundTypeDomain" xlink:to="GeneralFundMember" xlink:title="presentation: ClassificationOfFundTypeDomain to GeneralFundMember" order="1.0"/>
    <loc xlink:type="locator" xlink:href="https://raw.githubusercontent.com/xbrlus/cafr/master/cafr_2019-01-16.xsd#cafr_CapitalProjectsFundMember" xlink:label="CapitalProjectsFundMember" xlink:title="CapitalProjectsFundMember"/>
    <presentationArc xlink:type="arc" xlink:arcrole="http://www.xbrl.org/2003/arcrole/parent-child" xlink:from="ClassificationOfFundTypeDomain" xlink:to="CapitalProjectsFundMember" xlink:title="presentation: ClassificationOfFundTypeDomain to CapitalProjectsFundMember" order="2.0"/>
    <loc xlink:type="locator" xlink:href="https://raw.githubusercontent.com/xbrlus/cafr/master/cafr_2019-01-16.xsd#cafr_StatementOfRevenuesExpendituresAndChangesAbstract" xlink:label="StatementOfRevenuesExpendituresAndChangesAbstract" xlink:title="StatementOfRevenuesExpendituresAndChangesAbstract"/>
    <loc xlink:type="locator" xlink:href="https://raw.githubusercontent.com/xbrlus/cafr/master/cafr_2019-01-16.xsd#cafr_IncomeStatementGovernmentalFundsTable" xlink:label="IncomeStatementGovernmentalFundsTable"/>
    <presentationArc xlink:type="arc" xlink:arcrole="http://www.xbrl.org/2003/arcrole/parent-child" xlink:from="StatementOfRevenuesExpendituresAndChangesAbstract" xlink:to="IncomeStatementGovernmentalFundsTable" xlink:title="presentation: StatementOfRevenuesExpendituresAndChangesAbstract to IncomeStatementGovernmentalFundsTable" order="1.0"/>
    <presentationArc xlink:type="arc" xlink:arcrole="http://www.xbrl.org/2003/arcrole/parent-child" xlink:from="IncomeStatementGovernmentalFundsTable" xlink:to="ClassificationOfFundTypeAxis" xlink:title="presentation: IncomeStatementGovernmentalFundsTable to ClassificationOfFundTypeAxis" order="1.0"/>
    <loc xlink:type="locator" xlink:href="https://raw.githubusercontent.com/xbrlus/cafr/master/cafr_2019-01-16.xsd#cafr_IncomeStatementGovernmentalFundsLineItems" xlink:label="IncomeStatementGovernmentalFundsLineItems"/>
    <presentationArc xlink:type="arc" xlink:arcrole="http://www.xbrl.org/2003/arcrole/parent-child" xlink:from="IncomeStatementGovernmentalFundsTable" xlink:to="IncomeStatementGovernmentalFundsLineItems" xlink:title="presentation: IncomeStatementGovernmentalFundsTable to IncomeStatementGovernmentalFundsLineItems" order="8.0"/>
    <loc xlink:type="locator" xlink:href="https://raw.githubusercontent.com/xbrlus/cafr/master/cafr_2019-01-16.xsd#cafr_RevenuesAbstract" xlink:label="RevenuesAbstract"/>
    <presentationArc xlink:type="arc" xlink:arcrole="http://www.xbrl.org/2003/arcrole/parent-child" xlink:from="IncomeStatementGovernmentalFundsLineItems" xlink:to="RevenuesAbstract" xlink:title="presentation: IncomeStatementGovernmentalFundsLineItems to RevenuesAbstract" order="1.0"/>
    <loc xlink:type="locator" xlink:href="https://raw.githubusercontent.com/xbrlus/cafr/master/cafr_2019-01-16.xsd#cafr_TaxRevenues" xlink:label="TaxRevenues"/>
    <presentationArc xlink:type="arc" xlink:arcrole="http://www.xbrl.org/2003/arcrole/parent-child" xlink:from="RevenuesAbstract" xlink:to="TaxRevenues" xlink:title="presentation: RevenuesAbstract to TaxRevenues" order="1.0"/>
    <loc xlink:type="locator" xlink:href="https://raw.githubusercontent.com/xbrlus/cafr/master/cafr_2019-01-16.xsd#cafr_LicensesAndPermits" xlink:label="LicensesAndPermits"/>
    <presentationArc xlink:type="arc" xlink:arcrole="http://www.xbrl.org/2003/arcrole/parent-child" xlink:from="RevenuesAbstract" xlink:to="LicensesAndPermits" xlink:title="presentation: RevenuesAbstract to LicensesAndPermits" order="2.0"/>
    <loc xlink:type="locator" xlink:href="https://raw.githubusercontent.com/xbrlus/cafr/master/cafr_2019-01-16.xsd#cafr_IntergovernmentalFundRevenues" xlink:label="IntergovernmentalFundRevenues"/>
    <presentationArc xlink:type="arc" xlink:arcrole="http://www.xbrl.org/2003/arcrole/parent-child" xlink:from="RevenuesAbstract" xlink:to="IntergovernmentalFundRevenues" xlink:title="presentation: RevenuesAbstract to IntergovernmentalFundRevenues" order="7.5"/>
    <loc xlink:type="locator" xlink:href="https://raw.githubusercontent.com/xbrlus/cafr/master/cafr_2019-01-16.xsd#cafr_ChargesForServices" xlink:label="ChargesForServices"/>
    <presentationArc xlink:type="arc" xlink:arcrole="http://www.xbrl.org/2003/arcrole/parent-child" xlink:from="RevenuesAbstract" xlink:to="ChargesForServices" xlink:title="presentation: RevenuesAbstract to ChargesForServices" order="5.5"/>
    <loc xlink:type="locator" xlink:href="https://raw.githubusercontent.com/xbrlus/cafr/master/cafr_2019-01-16.xsd#cafr_FinesAndForfeitsRevenue" xlink:label="FinesAndForfeitsRevenue"/>
    <presentationArc xlink:type="arc" xlink:arcrole="http://www.xbrl.org/2003/arcrole/parent-child" xlink:from="RevenuesAbstract" xlink:to="FinesAndForfeitsRevenue" xlink:title="presentation: RevenuesAbstract to FinesAndForfeitsRevenue" order="5.0"/>
    <loc xlink:type="locator" xlink:href="https://raw.githubusercontent.com/xbrlus/cafr/master/cafr_2019-01-16.xsd#cafr_MiscellaneousRevenues" xlink:label="MiscellaneousRevenues"/>
    <presentationArc xlink:type="arc" xlink:arcrole="http://www.xbrl.org/2003/arcrole/parent-child" xlink:from="RevenuesAbstract" xlink:to="MiscellaneousRevenues" xlink:title="presentation: RevenuesAbstract to MiscellaneousRevenues" order="7.0"/>
    <loc xlink:type="locator" xlink:href="https://raw.githubusercontent.com/xbrlus/cafr/master/cafr_2019-01-16.xsd#cafr_Revenues" xlink:label="Revenues"/>
    <presentationArc xlink:type="arc" xlink:arcrole="http://www.xbrl.org/2003/arcrole/parent-child" xlink:from="RevenuesAbstract" xlink:to="Revenues" xlink:title="presentation: RevenuesAbstract to Revenues" order="8.0" preferredLabel="http://www.xbrl.org/2003/role/totalLabel"/>
    <loc xlink:type="locator" xlink:href="va-t-ashl-20170630.xsd#va-t-ashl_UseOfMoneyAndProperty" xlink:label="UseOfMoneyAndProperty" xlink:title="UseOfMoneyAndProperty"/>
    <presentationArc xlink:type="arc" xlink:arcrole="http://www.xbrl.org/2003/arcrole/parent-child" xlink:from="RevenuesAbstract" xlink:to="UseOfMoneyAndProperty" xlink:title="presentation: RevenuesAbstract to UseOfMoneyAndProperty" order="5.3"/>
    <loc xlink:type="locator" xlink:href="va-t-ashl-20170630.xsd#va-t-ashl_RecoveredCosts" xlink:label="RecoveredCosts" xlink:title="RecoveredCosts"/>
    <presentationArc xlink:type="arc" xlink:arcrole="http://www.xbrl.org/2003/arcrole/parent-child" xlink:from="RevenuesAbstract" xlink:to="RecoveredCosts" xlink:title="presentation: RevenuesAbstract to RecoveredCosts" order="7.3"/>
    <loc xlink:type="locator" xlink:href="https://raw.githubusercontent.com/xbrlus/cafr/master/cafr_2019-01-16.xsd#cafr_ExpendituresAbstract" xlink:label="ExpendituresAbstract"/>
    <presentationArc xlink:type="arc" xlink:arcrole="http://www.xbrl.org/2003/arcrole/parent-child" xlink:from="IncomeStatementGovernmentalFundsLineItems" xlink:to="ExpendituresAbstract" xlink:title="presentation: IncomeStatementGovernmentalFundsLineItems to ExpendituresAbstract" order="2.0"/>
    <loc xlink:type="locator" xlink:href="https://raw.githubusercontent.com/xbrlus/cafr/master/cafr_2019-01-16.xsd#cafr_Expenditures" xlink:label="Expenditures"/>
    <presentationArc xlink:type="arc" xlink:arcrole="http://www.xbrl.org/2003/arcrole/parent-child" xlink:from="ExpendituresAbstract" xlink:to="Expenditures" xlink:title="presentation: ExpendituresAbstract to Expenditures" order="1.0"/>
    <loc xlink:type="locator" xlink:href="https://raw.githubusercontent.com/xbrlus/cafr/master/cafr_2019-01-16.xsd#cafr_OtherFinancingSourcesAndUsesAbstract" xlink:label="OtherFinancingSourcesAndUsesAbstract"/>
    <presentationArc xlink:type="arc" xlink:arcrole="http://www.xbrl.org/2003/arcrole/parent-child" xlink:from="IncomeStatementGovernmentalFundsLineItems" xlink:to="OtherFinancingSourcesAndUsesAbstract" xlink:title="presentation: IncomeStatementGovernmentalFundsLineItems to OtherFinancingSourcesAndUsesAbstract" order="3.0"/>
    <loc xlink:type="locator" xlink:href="https://raw.githubusercontent.com/xbrlus/cafr/master/cafr_2019-01-16.xsd#cafr_OtherFinancingSourcesAndUsesIncludingTransfers" xlink:label="OtherFinancingSourcesAndUsesIncludingTransfers"/>
    <presentationArc xlink:type="arc" xlink:arcrole="http://www.xbrl.org/2003/arcrole/parent-child" xlink:from="OtherFinancingSourcesAndUsesAbstract" xlink:to="OtherFinancingSourcesAndUsesIncludingTransfers" xlink:title="presentation: OtherFinancingSourcesAndUsesAbstract to OtherFinancingSourcesAndUsesIncludingTransfers" order="4.0" preferredLabel="http://www.xbrl.org/2009/role/netLabel"/>
    <loc xlink:type="locator" xlink:href="va-t-ashl-20170630.xsd#va-t-ashl_TransfersInOut" xlink:label="TransfersInOut" xlink:title="TransfersInOut"/>
    <presentationArc xlink:type="arc" xlink:arcrole="http://www.xbrl.org/2003/arcrole/parent-child" xlink:from="OtherFinancingSourcesAndUsesAbstract" xlink:to="TransfersInOut" xlink:title="presentation: OtherFinancingSourcesAndUsesAbstract to TransfersInOut" order="3.0"/>
    <loc xlink:type="locator" xlink:href="va-t-ashl-20170630.xsd#va-t-ashl_RevenuesOverUnderExpenditures" xlink:label="RevenuesOverUnderExpenditures" xlink:title="RevenuesOverUnderExpenditures"/>
    <presentationArc xlink:type="arc" xlink:arcrole="http://www.xbrl.org/2003/arcrole/parent-child" xlink:from="IncomeStatementGovernmentalFundsLineItems" xlink:to="RevenuesOverUnderExpenditures" xlink:title="presentation: IncomeStatementGovernmentalFundsLineItems to RevenuesOverUnderExpenditures" order="2.5"/>
    <loc xlink:type="locator" xlink:href="https://raw.githubusercontent.com/xbrlus/cafr/master/cafr_2019-01-16.xsd#cafr_NetChangeInFundBalances" xlink:label="NetChangeInFundBalances"/>
    <presentationArc xlink:type="arc" xlink:arcrole="http://www.xbrl.org/2003/arcrole/parent-child" xlink:from="IncomeStatementGovernmentalFundsLineItems" xlink:to="NetChangeInFundBalances" xlink:title="presentation: IncomeStatementGovernmentalFundsLineItems to NetChangeInFundBalances" order="5.0"/>
    <loc xlink:type="locator" xlink:href="https://raw.githubusercontent.com/xbrlus/cafr/master/cafr_2019-01-16.xsd#cafr_TotalFundBalance" xlink:label="TotalFundBalance_2"/>
    <presentationArc xlink:type="arc" xlink:arcrole="http://www.xbrl.org/2003/arcrole/parent-child" xlink:from="IncomeStatementGovernmentalFundsLineItems" xlink:to="TotalFundBalance_2" xlink:title="presentation: IncomeStatementGovernmentalFundsLineItems to TotalFundBalance" order="6.0" preferredLabel="http://www.xbrl.org/2003/role/periodStartLabel"/>
    <loc xlink:type="locator" xlink:href="https://raw.githubusercontent.com/xbrlus/cafr/master/cafr_2019-01-16.xsd#cafr_TotalFundBalance" xlink:label="TotalFundBalance"/>
    <presentationArc xlink:type="arc" xlink:arcrole="http://www.xbrl.org/2003/arcrole/parent-child" xlink:from="IncomeStatementGovernmentalFundsLineItems" xlink:to="TotalFundBalance" xlink:title="presentation: IncomeStatementGovernmentalFundsLineItems to TotalFundBalance" priority="1" order="7.0" preferredLabel="http://www.xbrl.org/2003/role/periodEndLabel"/>
    <loc xlink:type="locator" xlink:href="va-t-ashl-20170630.xsd#va-t-ashl_ClassificationOfGeneralRevenueAxis" xlink:label="ClassificationOfGeneralRevenueAxis" xlink:title="ClassificationOfGeneralRevenueAxis"/>
    <presentationArc xlink:type="arc" xlink:arcrole="http://www.xbrl.org/2003/arcrole/parent-child" xlink:from="IncomeStatementGovernmentalFundsTable" xlink:to="ClassificationOfGeneralRevenueAxis" xlink:title="presentation: IncomeStatementGovernmentalFundsTable to ClassificationOfGeneralRevenueAxis" order="1.5"/>
    <loc xlink:type="locator" xlink:href="va-t-ashl-20170630.xsd#va-t-ashl_ClassificationOfGeneralRevenueDomain" xlink:label="ClassificationOfGeneralRevenueDomain" xlink:title="ClassificationOfGeneralRevenueDomain"/>
    <presentationArc xlink:type="arc" xlink:arcrole="http://www.xbrl.org/2003/arcrole/parent-child" xlink:from="ClassificationOfGeneralRevenueAxis" xlink:to="ClassificationOfGeneralRevenueDomain" xlink:title="presentation: ClassificationOfGeneralRevenueAxis to ClassificationOfGeneralRevenueDomain" order="1.0"/>
    <loc xlink:type="locator" xlink:href="va-t-ashl-20170630.xsd#va-t-ashl_GeneralPropertyTaxesMember" xlink:label="GeneralPropertyTaxesMember" xlink:title="GeneralPropertyTaxesMember"/>
    <presentationArc xlink:type="arc" xlink:arcrole="http://www.xbrl.org/2003/arcrole/parent-child" xlink:from="ClassificationOfGeneralRevenueDomain" xlink:to="GeneralPropertyTaxesMember" xlink:title="presentation: ClassificationOfGeneralRevenueDomain to GeneralPropertyTaxesMember" order="1.0"/>
    <loc xlink:type="locator" xlink:href="va-t-ashl-20170630.xsd#va-t-ashl_OtherLocalTaxesMember" xlink:label="OtherLocalTaxesMember" xlink:title="OtherLocalTaxesMember"/>
    <presentationArc xlink:type="arc" xlink:arcrole="http://www.xbrl.org/2003/arcrole/parent-child" xlink:from="ClassificationOfGeneralRevenueDomain" xlink:to="OtherLocalTaxesMember" xlink:title="presentation: ClassificationOfGeneralRevenueDomain to OtherLocalTaxesMember" order="2.0"/>
    <loc xlink:type="locator" xlink:href="https://raw.githubusercontent.com/xbrlus/cafr/master/cafr_2019-01-16.xsd#cafr_NameOfProgramOrFunctionAxis" xlink:label="NameOfProgramOrFunctionAxis" xlink:title="NameOfProgramOrFunctionAxis"/>
    <presentationArc xlink:type="arc" xlink:arcrole="http://www.xbrl.org/2003/arcrole/parent-child" xlink:from="IncomeStatementGovernmentalFundsTable" xlink:to="NameOfProgramOrFunctionAxis" xlink:title="presentation: IncomeStatementGovernmentalFundsTable to NameOfProgramOrFunctionAxis" order="2.0"/>
    <loc xlink:type="locator" xlink:href="https://raw.githubusercontent.com/xbrlus/cafr/master/cafr_2019-01-16.xsd#cafr_NameOfProgramOrFunctionDomain" xlink:label="NameOfProgramOrFunctionDomain" xlink:title="NameOfProgramOrFunctionDomain"/>
    <presentationArc xlink:type="arc" xlink:arcrole="http://www.xbrl.org/2003/arcrole/parent-child" xlink:from="NameOfProgramOrFunctionAxis" xlink:to="NameOfProgramOrFunctionDomain" xlink:title="presentation: NameOfProgramOrFunctionAxis to NameOfProgramOrFunctionDomain" order="1.0"/>
    <loc xlink:type="locator" xlink:href="https://raw.githubusercontent.com/xbrlus/cafr/master/cafr_2019-01-16.xsd#cafr_PublicWorksMember" xlink:label="PublicWorksMember" xlink:title="PublicWorksMember"/>
    <presentationArc xlink:type="arc" xlink:arcrole="http://www.xbrl.org/2003/arcrole/parent-child" xlink:from="NameOfProgramOrFunctionDomain" xlink:to="PublicWorksMember" xlink:title="presentation: NameOfProgramOrFunctionDomain to PublicWorksMember" order="3.0"/>
    <loc xlink:type="locator" xlink:href="va-t-ashl-20170630.xsd#va-t-ashl_GeneralGovernmentAdministrationMember" xlink:label="GeneralGovernmentAdministrationMember" xlink:title="GeneralGovernmentAdministrationMember"/>
    <presentationArc xlink:type="arc" xlink:arcrole="http://www.xbrl.org/2003/arcrole/parent-child" xlink:from="NameOfProgramOrFunctionDomain" xlink:to="GeneralGovernmentAdministrationMember" xlink:title="presentation: NameOfProgramOrFunctionDomain to GeneralGovernmentAdministrationMember" order="1.0"/>
    <loc xlink:type="locator" xlink:href="va-t-ashl-20170630.xsd#va-t-ashl_PublicSafetyMember" xlink:label="PublicSafetyMember" xlink:title="PublicSafetyMember"/>
    <presentationArc xlink:type="arc" xlink:arcrole="http://www.xbrl.org/2003/arcrole/parent-child" xlink:from="NameOfProgramOrFunctionDomain" xlink:to="PublicSafetyMember" xlink:title="presentation: NameOfProgramOrFunctionDomain to PublicSafetyMember" order="2.0"/>
    <loc xlink:type="locator" xlink:href="va-t-ashl-20170630.xsd#va-t-ashl_ParksRecreationAndCulturalMember" xlink:label="ParksRecreationAndCulturalMember" xlink:title="ParksRecreationAndCulturalMember"/>
    <presentationArc xlink:type="arc" xlink:arcrole="http://www.xbrl.org/2003/arcrole/parent-child" xlink:from="NameOfProgramOrFunctionDomain" xlink:to="ParksRecreationAndCulturalMember" xlink:title="presentation: NameOfProgramOrFunctionDomain to ParksRecreationAndCulturalMember" order="4.0"/>
    <loc xlink:type="locator" xlink:href="va-t-ashl-20170630.xsd#cafr_CommunityDevelopmentMember" xlink:label="CommunityDevelopmentMember" xlink:title="CommunityDevelopmentMember"/>
    <presentationArc xlink:type="arc" xlink:arcrole="http://www.xbrl.org/2003/arcrole/parent-child" xlink:from="NameOfProgramOrFunctionDomain" xlink:to="CommunityDevelopmentMember" xlink:title="presentation: NameOfProgramOrFunctionDomain to CommunityDevelopmentMember" order="5.0"/>
    <loc xlink:type="locator" xlink:href="va-t-ashl-20170630.xsd#cafr_CapitalProjectsMember" xlink:label="CapitalProjectsMember" xlink:title="CapitalProjectsMember"/>
    <presentationArc xlink:type="arc" xlink:arcrole="http://www.xbrl.org/2003/arcrole/parent-child" xlink:from="NameOfProgramOrFunctionDomain" xlink:to="CapitalProjectsMember" xlink:title="presentation: NameOfProgramOrFunctionDomain to CapitalProjectsMember" order="7.0"/>
  </presentationLink>
</linkbase>
